{
  "type": "FeatureCollection",
  "name": "cascadia-field-maps-v1",
  "metadata": {
    "effective_date": "2026-07-21",
    "crs": "OGC:CRS84 (longitude, latitude)",
    "definition": "Union of the official administrative geometries for Washington, Oregon, and British Columbia. This is an operational product boundary, not a definition of ecological, geological, cultural, or Indigenous Cascadia.",
    "us_boundary_publisher_page": "https://www.census.gov/geographies/mapping-files/2025/geo/carto-boundary-file.html",
    "us_boundary_source_url": "https://www2.census.gov/geo/tiger/GENZ2025/kml/cb_2025_us_state_5m.zip",
    "us_boundary_source_sha256": "076aabf7b7e3adaf170f8dc014a8936032a4c1e5cee3ec1f0a5aa2bab538d856",
    "bc_boundary_publisher_page": "https://www12.statcan.gc.ca/census-recensement/2021/geo/sip-pis/boundary-limites/index2021-eng.cfm?year=21",
    "bc_boundary_source_url": "https://www12.statcan.gc.ca/census-recensement/2021/geo/sip-pis/boundary-limites/files-fichiers/lpr_000a21g_e.zip",
    "bc_boundary_source_sha256": "af8f0caee0d0c15dbd9f92099165966023fa1a6b85abb80218c6f91731f4ea20",
    "geometry_note": "Source geometry is retained without editorial simplification. The Statistics Canada EPSG:3347 geometry is transformed to OGC:CRS84."
  },
  "features": [
    {
      "type": "Feature",
      "id": "WA",
      "properties": {
        "boundary_version": "cascadia-field-maps-v1",
        "jurisdiction": "WA",
        "name": "Washington",
        "country": "United States",
        "source_id": "us-census-2025-state-boundary",
        "purpose": "operational Field Maps coverage"
      },
      "geometry": {
        "type": "MultiPolygon",
        "coordinates": [
          [
            [
              [
                -123.151643,
                48.623686
              ],
              [
                -123.178425,
                48.622115
              ],
              [
                -123.195725,
                48.607055
              ],
              [
                -123.203026,
                48.596178
              ],
              [
                -123.20268,
                48.590214
              ],
              [
                -123.197754,
                48.586216
              ],
              [
                -123.184941,
                48.58697
              ],
              [
                -123.173061,
                48.579086
              ],
              [
                -123.171958,
                48.572255
              ],
              [
                -123.175852,
                48.568483
              ],
              [
                -123.176266,
                48.562131
              ],
              [
                -123.172412,
                48.556486
              ],
              [
                -123.16147,
                48.547618
              ],
              [
                -123.161853,
                48.539255
              ],
              [
                -123.164057,
                48.535622
              ],
              [
                -123.163234,
                48.529544
              ],
              [
                -123.151065,
                48.513955
              ],
              [
                -123.148498794714,
                48.5116358592262
              ],
              [
                -123.141478,
                48.505291
              ],
              [
                -123.121070753411,
                48.4935109963512
              ],
              [
                -123.119451,
                48.492576
              ],
              [
                -123.067675,
                48.479497
              ],
              [
                -123.058154,
                48.471522
              ],
              [
                -123.039156,
                48.460003
              ],
              [
                -122.962009,
                48.451161
              ],
              [
                -122.950555015899,
                48.4535630706048
              ],
              [
                -122.937881,
                48.456221
              ],
              [
                -122.926901,
                48.460874
              ],
              [
                -122.920099,
                48.458428
              ],
              [
                -122.91646,
                48.453263
              ],
              [
                -122.928004,
                48.439966
              ],
              [
                -122.917771,
                48.439781
              ],
              [
                -122.913888,
                48.443231
              ],
              [
                -122.903214,
                48.436979
              ],
              [
                -122.889016,
                48.435947
              ],
              [
                -122.893646,
                48.422655
              ],
              [
                -122.883759,
                48.418793
              ],
              [
                -122.874135,
                48.418196
              ],
              [
                -122.825803,
                48.424131
              ],
              [
                -122.812208,
                48.422326
              ],
              [
                -122.803521,
                48.428748
              ],
              [
                -122.802509,
                48.433098
              ],
              [
                -122.807708,
                48.444058
              ],
              [
                -122.810761151408,
                48.4490397555793
              ],
              [
                -122.8131,
                48.452856
              ],
              [
                -122.81973,
                48.458843
              ],
              [
                -122.817912,
                48.483888
              ],
              [
                -122.816332,
                48.487841
              ],
              [
                -122.800414,
                48.494467
              ],
              [
                -122.779124,
                48.508911
              ],
              [
                -122.777467,
                48.517799
              ],
              [
                -122.787347,
                48.523012
              ],
              [
                -122.788503,
                48.530393
              ],
              [
                -122.782618,
                48.545191
              ],
              [
                -122.772384,
                48.552143
              ],
              [
                -122.770349,
                48.558106
              ],
              [
                -122.771206,
                48.562426
              ],
              [
                -122.786586,
                48.576666
              ],
              [
                -122.801096,
                48.585425
              ],
              [
                -122.802605606937,
                48.5896289332339
              ],
              [
                -122.804869,
                48.595932
              ],
              [
                -122.800217,
                48.60169
              ],
              [
                -122.79877,
                48.602352
              ],
              [
                -122.79901,
                48.604683
              ],
              [
                -122.808864,
                48.61531
              ],
              [
                -122.809622,
                48.619035
              ],
              [
                -122.792147,
                48.633502
              ],
              [
                -122.783875,
                48.635419
              ],
              [
                -122.755031,
                48.649512
              ],
              [
                -122.742082,
                48.660689
              ],
              [
                -122.743049,
                48.661991
              ],
              [
                -122.800267,
                48.67962
              ],
              [
                -122.802545,
                48.682682
              ],
              [
                -122.833124,
                48.698173
              ],
              [
                -122.875938,
                48.71212
              ],
              [
                -122.894599,
                48.71503
              ],
              [
                -122.906252178903,
                48.7142786746786
              ],
              [
                -122.918252,
                48.713505
              ],
              [
                -122.942367,
                48.706723
              ],
              [
                -122.941316,
                48.702904
              ],
              [
                -122.949116,
                48.693398
              ],
              [
                -122.984853,
                48.672686
              ],
              [
                -122.988884,
                48.667246
              ],
              [
                -123.009924,
                48.655064
              ],
              [
                -123.014829,
                48.647503
              ],
              [
                -123.015592,
                48.642567
              ],
              [
                -123.023495,
                48.634001
              ],
              [
                -123.048652,
                48.621002
              ],
              [
                -123.04653,
                48.61149
              ],
              [
                -123.041189,
                48.611947
              ],
              [
                -123.023433,
                48.599477
              ],
              [
                -123.024902,
                48.594484
              ],
              [
                -123.034101,
                48.591767
              ],
              [
                -123.023213922244,
                48.5845794328527
              ],
              [
                -123.016647,
                48.580244
              ],
              [
                -123.0048,
                48.580788
              ],
              [
                -122.995026,
                48.578162
              ],
              [
                -122.989649,
                48.574668
              ],
              [
                -122.98611,
                48.569984
              ],
              [
                -122.987296,
                48.561895
              ],
              [
                -123.005887602501,
                48.5611754547356
              ],
              [
                -123.015046,
                48.560821
              ],
              [
                -123.023951796407,
                48.5620586202063
              ],
              [
                -123.033669,
                48.563409
              ],
              [
                -123.048403,
                48.569216
              ],
              [
                -123.06004,
                48.582105
              ],
              [
                -123.074611,
                48.591816
              ],
              [
                -123.101552,
                48.59782
              ],
              [
                -123.102074,
                48.604035
              ],
              [
                -123.098254,
                48.610092
              ],
              [
                -123.098462,
                48.612834
              ],
              [
                -123.107362,
                48.622451
              ],
              [
                -123.135645,
                48.620171
              ],
              [
                -123.139705,
                48.622786
              ],
              [
                -123.151643,
                48.623686
              ]
            ]
          ],
          [
            [
              [
                -122.691745,
                48.590612
              ],
              [
                -122.694672,
                48.596602
              ],
              [
                -122.714512,
                48.60878
              ],
              [
                -122.72493,
                48.603263
              ],
              [
                -122.739898,
                48.583949
              ],
              [
                -122.73944,
                48.573893
              ],
              [
                -122.736199,
                48.569005
              ],
              [
                -122.73048,
                48.565602
              ],
              [
                -122.724031,
                48.549906
              ],
              [
                -122.722407,
                48.540606
              ],
              [
                -122.717278,
                48.539739
              ],
              [
                -122.716398138085,
                48.5398706094912
              ],
              [
                -122.68944,
                48.543903
              ],
              [
                -122.670638,
                48.568812
              ],
              [
                -122.691745,
                48.590612
              ]
            ]
          ],
          [
            [
              [
                -122.666149,
                48.608088
              ],
              [
                -122.666142007099,
                48.6080893805103
              ],
              [
                -122.657016,
                48.609891
              ],
              [
                -122.674173,
                48.629944
              ],
              [
                -122.69806,
                48.62308
              ],
              [
                -122.699266,
                48.621115
              ],
              [
                -122.686136,
                48.613267
              ],
              [
                -122.676796,
                48.610055
              ],
              [
                -122.666149,
                48.608088
              ]
            ]
          ],
          [
            [
              [
                -123.172066,
                48.679866
              ],
              [
                -123.186076,
                48.684917
              ],
              [
                -123.197953,
                48.68466
              ],
              [
                -123.212892,
                48.689713
              ],
              [
                -123.236567,
                48.68895
              ],
              [
                -123.237148,
                48.683466
              ],
              [
                -123.215917,
                48.669352
              ],
              [
                -123.179596400455,
                48.654945963852
              ],
              [
                -123.170738626299,
                48.6514326569053
              ],
              [
                -123.134956,
                48.63724
              ],
              [
                -123.119677,
                48.632972
              ],
              [
                -123.106165,
                48.633473
              ],
              [
                -123.122016,
                48.647065
              ],
              [
                -123.130962,
                48.656789
              ],
              [
                -123.14799,
                48.668001
              ],
              [
                -123.172066,
                48.679866
              ]
            ]
          ],
          [
            [
              [
                -123.009787,
                48.722291
              ],
              [
                -123.019699,
                48.721312
              ],
              [
                -123.025486,
                48.717966
              ],
              [
                -123.040179,
                48.717296
              ],
              [
                -123.070427,
                48.699971
              ],
              [
                -123.047058,
                48.695772
              ],
              [
                -123.03636,
                48.69008
              ],
              [
                -123.035672,
                48.68535
              ],
              [
                -123.041645,
                48.678633
              ],
              [
                -123.042337,
                48.675663
              ],
              [
                -123.021215,
                48.681416
              ],
              [
                -123.014449,
                48.684978
              ],
              [
                -123.005086,
                48.694342
              ],
              [
                -123.007511,
                48.718863
              ],
              [
                -123.009787,
                48.722291
              ]
            ]
          ],
          [
            [
              [
                -122.896797,
                48.746002
              ],
              [
                -122.880344,
                48.751088
              ],
              [
                -122.877514,
                48.763892
              ],
              [
                -122.898498,
                48.769648
              ],
              [
                -122.918065,
                48.768407
              ],
              [
                -122.92075,
                48.755541
              ],
              [
                -122.908600726846,
                48.7507026951272
              ],
              [
                -122.902954479412,
                48.7484541436191
              ],
              [
                -122.896797,
                48.746002
              ]
            ]
          ],
          [
            [
              [
                -123.040967,
                48.977305
              ],
              [
                -123.028091,
                48.973943
              ],
              [
                -123.021459,
                48.977299
              ],
              [
                -123.035393,
                49.002154
              ],
              [
                -123.090546,
                49.001976
              ],
              [
                -123.084498,
                48.986535
              ],
              [
                -123.083834,
                48.976139
              ],
              [
                -123.060717,
                48.975388
              ],
              [
                -123.040967,
                48.977305
              ]
            ]
          ],
          [
            [
              [
                -124.6909,
                48.212617
              ],
              [
                -124.696111,
                48.198599
              ],
              [
                -124.704153,
                48.184422
              ],
              [
                -124.731746,
                48.169997
              ],
              [
                -124.733174,
                48.163393
              ],
              [
                -124.731703,
                48.160402
              ],
              [
                -124.721725,
                48.153185
              ],
              [
                -124.695088,
                48.114878
              ],
              [
                -124.687101,
                48.098657
              ],
              [
                -124.688602,
                48.092466
              ],
              [
                -124.695114,
                48.087096
              ],
              [
                -124.696542,
                48.069274
              ],
              [
                -124.693676,
                48.058697
              ],
              [
                -124.688359,
                48.054927
              ],
              [
                -124.685393,
                48.049238
              ],
              [
                -124.682157,
                48.035987
              ],
              [
                -124.679024,
                48.015697
              ],
              [
                -124.67083,
                47.982366
              ],
              [
                -124.672427,
                47.964414
              ],
              [
                -124.662334,
                47.951451
              ],
              [
                -124.651966,
                47.943177
              ],
              [
                -124.645442,
                47.935338
              ],
              [
                -124.629706,
                47.896968
              ],
              [
                -124.630153,
                47.892467
              ],
              [
                -124.625512,
                47.887963
              ],
              [
                -124.610763100887,
                47.8806070165746
              ],
              [
                -124.609538,
                47.879996
              ],
              [
                -124.588172,
                47.877878
              ],
              [
                -124.562363,
                47.866216
              ],
              [
                -124.559034,
                47.863085
              ],
              [
                -124.558254,
                47.855979
              ],
              [
                -124.539927,
                47.836967
              ],
              [
                -124.51278,
                47.822518
              ],
              [
                -124.50668,
                47.82391
              ],
              [
                -124.497987,
                47.822605
              ],
              [
                -124.489737,
                47.816988
              ],
              [
                -124.482154,
                47.797454
              ],
              [
                -124.47657,
                47.769671
              ],
              [
                -124.471687,
                47.766907
              ],
              [
                -124.453927,
                47.765334
              ],
              [
                -124.430546,
                47.746249
              ],
              [
                -124.425195,
                47.738434
              ],
              [
                -124.420219,
                47.725294
              ],
              [
                -124.412106,
                47.691199
              ],
              [
                -124.395983,
                47.665534
              ],
              [
                -124.382215,
                47.632302
              ],
              [
                -124.374927,
                47.603891
              ],
              [
                -124.371746,
                47.599575
              ],
              [
                -124.366221,
                47.582439
              ],
              [
                -124.359028,
                47.547616
              ],
              [
                -124.355955,
                47.545698
              ],
              [
                -124.353637336447,
                47.5335371334958
              ],
              [
                -124.345155,
                47.48903
              ],
              [
                -124.336724,
                47.415996
              ],
              [
                -124.32665,
                47.388759
              ],
              [
                -124.324091,
                47.367602
              ],
              [
                -124.319379,
                47.355559
              ],
              [
                -124.307509,
                47.352268
              ],
              [
                -124.299943,
                47.34836
              ],
              [
                -124.293288,
                47.339309
              ],
              [
                -124.286369,
                47.325162
              ],
              [
                -124.271193,
                47.305025
              ],
              [
                -124.257452,
                47.304059
              ],
              [
                -124.25359,
                47.30248
              ],
              [
                -124.242234,
                47.295101
              ],
              [
                -124.236349,
                47.287287
              ],
              [
                -124.219511455747,
                47.2446966129282
              ],
              [
                -124.209017,
                47.218151
              ],
              [
                -124.195893,
                47.174
              ],
              [
                -124.189725,
                47.146827
              ],
              [
                -124.185806,
                47.136017
              ],
              [
                -124.182802,
                47.134041
              ],
              [
                -124.183833,
                47.124807
              ],
              [
                -124.176745,
                47.092999
              ],
              [
                -124.173501,
                47.06637
              ],
              [
                -124.170515555252,
                47.0174775591452
              ],
              [
                -124.169113,
                46.994508
              ],
              [
                -124.171161,
                46.958443
              ],
              [
                -124.174503,
                46.941623
              ],
              [
                -124.180111,
                46.926357
              ],
              [
                -124.158624,
                46.929439
              ],
              [
                -124.141267,
                46.940266
              ],
              [
                -124.124386,
                46.94387
              ],
              [
                -124.138035,
                46.970959
              ],
              [
                -124.139733,
                46.98837
              ],
              [
                -124.149723068198,
                47.0166776428345
              ],
              [
                -124.151288,
                47.021112
              ],
              [
                -124.149043,
                47.029294
              ],
              [
                -124.141517,
                47.035142
              ],
              [
                -124.122057,
                47.04165
              ],
              [
                -124.106378,
                47.04264
              ],
              [
                -124.065856,
                47.04114
              ],
              [
                -124.060487424289,
                47.0396517559727
              ],
              [
                -124.026345,
                47.030187
              ],
              [
                -124.016999,
                47.014848
              ],
              [
                -124.017035,
                47.011717
              ],
              [
                -124.005248,
                47.003915
              ],
              [
                -124.005798700763,
                47.0032257100199
              ],
              [
                -124.010068,
                46.997882
              ],
              [
                -124.019727,
                46.991189
              ],
              [
                -124.012218,
                46.985176
              ],
              [
                -123.991612,
                46.980215
              ],
              [
                -123.959185,
                46.981759
              ],
              [
                -123.947996,
                46.971818
              ],
              [
                -123.939214,
                46.969739
              ],
              [
                -123.921617,
                46.971864
              ],
              [
                -123.898245,
                46.971927
              ],
              [
                -123.889402,
                46.968904
              ],
              [
                -123.885390535601,
                46.9665302629629
              ],
              [
                -123.876136,
                46.961054
              ],
              [
                -123.863311516158,
                46.9510088508991
              ],
              [
                -123.86018,
                46.948556
              ],
              [
                -123.877864364884,
                46.9418495878412
              ],
              [
                -123.882884,
                46.939946
              ],
              [
                -123.915256,
                46.932964
              ],
              [
                -123.957493,
                46.921261
              ],
              [
                -123.979378,
                46.923038
              ],
              [
                -123.985082,
                46.921916
              ],
              [
                -124.009519,
                46.910325
              ],
              [
                -124.01366,
                46.90363
              ],
              [
                -124.03624,
                46.898473
              ],
              [
                -124.046344,
                46.893972
              ],
              [
                -124.049279,
                46.891253
              ],
              [
                -124.055085,
                46.870429
              ],
              [
                -124.061051,
                46.865127
              ],
              [
                -124.066349,
                46.863504
              ],
              [
                -124.068069607892,
                46.8629924472989
              ],
              [
                -124.073113,
                46.861493
              ],
              [
                -124.089286,
                46.867716
              ],
              [
                -124.090422,
                46.8955
              ],
              [
                -124.093392,
                46.901168
              ],
              [
                -124.110641,
                46.91252
              ],
              [
                -124.117712,
                46.91238
              ],
              [
                -124.138225,
                46.905534
              ],
              [
                -124.122979,
                46.879809
              ],
              [
                -124.11570065339,
                46.8586001490404
              ],
              [
                -124.108078,
                46.836388
              ],
              [
                -124.101232,
                46.810656
              ],
              [
                -124.0983430316,
                46.7940669968361
              ],
              [
                -124.096655,
                46.784374
              ],
              [
                -124.095041,
                46.756812
              ],
              [
                -124.096515,
                46.746202
              ],
              [
                -124.092176,
                46.741624
              ],
              [
                -124.080983,
                46.735003
              ],
              [
                -124.063117,
                46.733664
              ],
              [
                -124.046399,
                46.725686
              ],
              [
                -124.042111,
                46.722783
              ],
              [
                -124.042478,
                46.72004
              ],
              [
                -124.022413,
                46.708973
              ],
              [
                -124.003458,
                46.702337
              ],
              [
                -123.994242,
                46.707929
              ],
              [
                -123.987521,
                46.707507
              ],
              [
                -123.973663,
                46.703353
              ],
              [
                -123.966886,
                46.705184
              ],
              [
                -123.975157,
                46.713971
              ],
              [
                -123.979655,
                46.724658
              ],
              [
                -123.974994,
                46.733391
              ],
              [
                -123.968564,
                46.736106
              ],
              [
                -123.948683,
                46.725369
              ],
              [
                -123.929073,
                46.725278
              ],
              [
                -123.916874,
                46.726739
              ],
              [
                -123.91285,
                46.730647
              ],
              [
                -123.91584,
                46.737322
              ],
              [
                -123.916371,
                46.741322
              ],
              [
                -123.910716,
                46.746715
              ],
              [
                -123.898641,
                46.750205
              ],
              [
                -123.893054,
                46.750204
              ],
              [
                -123.889605839122,
                46.7460876447611
              ],
              [
                -123.87668,
                46.730657
              ],
              [
                -123.870782,
                46.728327
              ],
              [
                -123.862149,
                46.727749
              ],
              [
                -123.848725,
                46.719898
              ],
              [
                -123.83347,
                46.718322
              ],
              [
                -123.82924,
                46.708985
              ],
              [
                -123.833007,
                46.702467
              ],
              [
                -123.837548032847,
                46.7024900157532
              ],
              [
                -123.851356,
                46.70256
              ],
              [
                -123.864902,
                46.698685
              ],
              [
                -123.895601,
                46.683672
              ],
              [
                -123.915596,
                46.678649
              ],
              [
                -123.923269,
                46.672708
              ],
              [
                -123.920916,
                46.653576
              ],
              [
                -123.921913,
                46.650262
              ],
              [
                -123.940616,
                46.640862
              ],
              [
                -123.960642,
                46.636364
              ],
              [
                -123.959175,
                46.613581
              ],
              [
                -123.955556,
                46.60357
              ],
              [
                -123.939139,
                46.596326
              ],
              [
                -123.928861,
                46.588875
              ],
              [
                -123.922332,
                46.577057
              ],
              [
                -123.920247,
                46.567343
              ],
              [
                -123.916902,
                46.562633
              ],
              [
                -123.903321,
                46.55191
              ],
              [
                -123.894254,
                46.537028
              ],
              [
                -123.897242,
                46.52848
              ],
              [
                -123.896703,
                46.522665
              ],
              [
                -123.905875189279,
                46.5170715713305
              ],
              [
                -123.921192,
                46.507731
              ],
              [
                -123.943667,
                46.477197
              ],
              [
                -123.939439,
                46.467155
              ],
              [
                -123.942528,
                46.46519
              ],
              [
                -123.968044,
                46.473497
              ],
              [
                -123.97083,
                46.47537
              ],
              [
                -123.979213,
                46.489949
              ],
              [
                -123.979053,
                46.497378
              ],
              [
                -123.983688,
                46.498542
              ],
              [
                -123.988386,
                46.497008
              ],
              [
                -123.99268,
                46.488617
              ],
              [
                -123.994181,
                46.468868
              ],
              [
                -123.99087,
                46.465738
              ],
              [
                -123.990615,
                46.463019
              ],
              [
                -123.988401,
                46.44505
              ],
              [
                -123.97661,
                46.441252
              ],
              [
                -123.965346,
                46.433257
              ],
              [
                -123.967009,
                46.415727
              ],
              [
                -123.961972,
                46.408898
              ],
              [
                -123.949896,
                46.410319
              ],
              [
                -123.953699,
                46.378845
              ],
              [
                -123.958054909508,
                46.3779368263222
              ],
              [
                -123.96392,
                46.376714
              ],
              [
                -123.984835,
                46.378681
              ],
              [
                -124.007177,
                46.371466
              ],
              [
                -124.015258,
                46.378681
              ],
              [
                -124.016970739912,
                46.3920816716531
              ],
              [
                -124.025571598264,
                46.4593757645146
              ],
              [
                -124.026032,
                46.462978
              ],
              [
                -124.030959077682,
                46.4918210522966
              ],
              [
                -124.031737,
                46.496375
              ],
              [
                -124.029466238652,
                46.51035936343
              ],
              [
                -124.026019,
                46.531589
              ],
              [
                -124.023148,
                46.564113
              ],
              [
                -124.023566,
                46.582559
              ],
              [
                -124.028799,
                46.59104
              ],
              [
                -124.050842,
                46.617421
              ],
              [
                -124.052708,
                46.622796
              ],
              [
                -124.035874,
                46.630822
              ],
              [
                -124.048444,
                46.645827
              ],
              [
                -124.056476,
                46.645645
              ],
              [
                -124.062715,
                46.642582
              ],
              [
                -124.068655,
                46.634879
              ],
              [
                -124.069583,
                46.630651
              ],
              [
                -124.06842,
                46.601397
              ],
              [
                -124.061953,
                46.556165
              ],
              [
                -124.058545832147,
                46.5127358795474
              ],
              [
                -124.057024,
                46.493338
              ],
              [
                -124.057033511812,
                46.4913449551328
              ],
              [
                -124.057151374565,
                46.4666487404927
              ],
              [
                -124.057425,
                46.409315
              ],
              [
                -124.057994530424,
                46.3952846241492
              ],
              [
                -124.058351,
                46.386503
              ],
              [
                -124.060318869052,
                46.3678049501094
              ],
              [
                -124.063368999724,
                46.3388236032925
              ],
              [
                -124.064258821132,
                46.3303688104959
              ],
              [
                -124.064624,
                46.326899
              ],
              [
                -124.071384,
                46.305504
              ],
              [
                -124.076262,
                46.296498
              ],
              [
                -124.081729,
                46.274714
              ],
              [
                -124.082187,
                46.269159
              ],
              [
                -124.080671,
                46.267239
              ],
              [
                -124.060961,
                46.278761
              ],
              [
                -124.044018,
                46.275925
              ],
              [
                -124.038797,
                46.283675
              ],
              [
                -124.035599,
                46.296843
              ],
              [
                -124.029924,
                46.308312
              ],
              [
                -124.020551,
                46.315737
              ],
              [
                -124.020414460993,
                46.3157194645036
              ],
              [
                -124.001264,
                46.31326
              ],
              [
                -123.985204,
                46.309039
              ],
              [
                -123.974509,
                46.303063
              ],
              [
                -123.970355,
                46.299352
              ],
              [
                -123.970912,
                46.293866
              ],
              [
                -123.969427,
                46.291398
              ],
              [
                -123.954353,
                46.277001
              ],
              [
                -123.919581,
                46.251217
              ],
              [
                -123.909306,
                46.245491
              ],
              [
                -123.875525,
                46.239787
              ],
              [
                -123.806139,
                46.283588
              ],
              [
                -123.795556,
                46.284501
              ],
              [
                -123.782654,
                46.280227
              ],
              [
                -123.775054,
                46.274599
              ],
              [
                -123.766682,
                46.273499
              ],
              [
                -123.75956,
                46.275073
              ],
              [
                -123.741478,
                46.290274
              ],
              [
                -123.728585,
                46.288725
              ],
              [
                -123.727895566158,
                46.289685234115
              ],
              [
                -123.724038,
                46.295058
              ],
              [
                -123.724273,
                46.301161
              ],
              [
                -123.700764,
                46.305278
              ],
              [
                -123.687763,
                46.299235
              ],
              [
                -123.680574,
                46.296025
              ],
              [
                -123.67876,
                46.290721
              ],
              [
                -123.678069,
                46.286469
              ],
              [
                -123.68008,
                46.277943
              ],
              [
                -123.679125,
                46.272502
              ],
              [
                -123.669501,
                46.266832
              ],
              [
                -123.613544,
                46.259988
              ],
              [
                -123.581642,
                46.260502
              ],
              [
                -123.564405,
                46.262172
              ],
              [
                -123.559923,
                46.265098
              ],
              [
                -123.547636,
                46.265595
              ],
              [
                -123.547659,
                46.259109
              ],
              [
                -123.538092,
                46.26061
              ],
              [
                -123.526391,
                46.263404
              ],
              [
                -123.516188,
                46.266153
              ],
              [
                -123.501245,
                46.271004
              ],
              [
                -123.479644,
                46.269131
              ],
              [
                -123.474844,
                46.267831
              ],
              [
                -123.468743,
                46.264531
              ],
              [
                -123.447592,
                46.249832
              ],
              [
                -123.427629,
                46.229348
              ],
              [
                -123.430847,
                46.181827
              ],
              [
                -123.371433,
                46.146372
              ],
              [
                -123.363743137687,
                46.1463247963846
              ],
              [
                -123.332335,
                46.146132
              ],
              [
                -123.301034,
                46.144632
              ],
              [
                -123.280166,
                46.144843
              ],
              [
                -123.251233,
                46.156452
              ],
              [
                -123.231196,
                46.16615
              ],
              [
                -123.213054,
                46.172541
              ],
              [
                -123.166414,
                46.188973
              ],
              [
                -123.115904,
                46.185268
              ],
              [
                -123.105021,
                46.177676
              ],
              [
                -123.051064,
                46.153599
              ],
              [
                -123.041297,
                46.146351
              ],
              [
                -123.03382,
                46.144336
              ],
              [
                -123.022885224802,
                46.1394405031111
              ],
              [
                -123.022147,
                46.13911
              ],
              [
                -123.009436,
                46.136043
              ],
              [
                -123.004233,
                46.133823
              ],
              [
                -122.962681,
                46.104817
              ],
              [
                -122.904119,
                46.083734
              ],
              [
                -122.884478,
                46.06028
              ],
              [
                -122.881327583221,
                46.0459738715663
              ],
              [
                -122.878092,
                46.031281
              ],
              [
                -122.87766154657,
                46.0309510655119
              ],
              [
                -122.856158,
                46.014469
              ],
              [
                -122.837638,
                45.98082
              ],
              [
                -122.833420843631,
                45.9772814418892
              ],
              [
                -122.813998,
                45.960984
              ],
              [
                -122.812215297032,
                45.9544589188485
              ],
              [
                -122.806193,
                45.932416
              ],
              [
                -122.811204257205,
                45.9138572891451
              ],
              [
                -122.81151,
                45.912725
              ],
              [
                -122.798091,
                45.884333
              ],
              [
                -122.794675095838,
                45.8799839644211
              ],
              [
                -122.785026,
                45.867699
              ],
              [
                -122.785299579417,
                45.8580968659956
              ],
              [
                -122.785515,
                45.850536
              ],
              [
                -122.785696,
                45.844216
              ],
              [
                -122.795963,
                45.825024
              ],
              [
                -122.795605,
                45.81
              ],
              [
                -122.778983853061,
                45.7912471031523
              ],
              [
                -122.77064606136,
                45.7818399456152
              ],
              [
                -122.769532,
                45.780583
              ],
              [
                -122.761451,
                45.759163
              ],
              [
                -122.760108,
                45.734413
              ],
              [
                -122.762189526428,
                45.7285767375573
              ],
              [
                -122.772511,
                45.699637
              ],
              [
                -122.774511,
                45.680437
              ],
              [
                -122.76381,
                45.657138
              ],
              [
                -122.762414110309,
                45.6564319354118
              ],
              [
                -122.738109,
                45.644138
              ],
              [
                -122.713309,
                45.637438
              ],
              [
                -122.6911850902,
                45.6248398415968
              ],
              [
                -122.691008,
                45.624739
              ],
              [
                -122.675093773773,
                45.6180749177675
              ],
              [
                -122.675008,
                45.618039
              ],
              [
                -122.643907,
                45.609739
              ],
              [
                -122.607718206328,
                45.6078989364008
              ],
              [
                -122.602606,
                45.607639
              ],
              [
                -122.586005557515,
                45.6047425360023
              ],
              [
                -122.582325993186,
                45.6041005214526
              ],
              [
                -122.581406,
                45.60394
              ],
              [
                -122.549955276927,
                45.5971575305686
              ],
              [
                -122.548149,
                45.596768
              ],
              [
                -122.545981397444,
                45.5961361625816
              ],
              [
                -122.523668,
                45.589632
              ],
              [
                -122.505353096256,
                45.5859286680353
              ],
              [
                -122.492259,
                45.583281
              ],
              [
                -122.479315,
                45.579761
              ],
              [
                -122.474659,
                45.578305
              ],
              [
                -122.470983433001,
                45.5763596113033
              ],
              [
                -122.453891,
                45.567313
              ],
              [
                -122.438674,
                45.563585
              ],
              [
                -122.410706,
                45.567633
              ],
              [
                -122.401222955157,
                45.5710983445711
              ],
              [
                -122.397100512625,
                45.5726047893983
              ],
              [
                -122.391802,
                45.574541
              ],
              [
                -122.380302,
                45.575941
              ],
              [
                -122.372189242991,
                45.5740234392524
              ],
              [
                -122.352802,
                45.569441
              ],
              [
                -122.331502,
                45.548241
              ],
              [
                -122.294901,
                45.543541
              ],
              [
                -122.266701,
                45.543841
              ],
              [
                -122.262625,
                45.544321
              ],
              [
                -122.248993,
                45.547745
              ],
              [
                -122.248911947664,
                45.5477731000169
              ],
              [
                -122.2017,
                45.564141
              ],
              [
                -122.183695,
                45.577696
              ],
              [
                -122.14075,
                45.584508
              ],
              [
                -122.129548,
                45.582945
              ],
              [
                -122.12949,
                45.582967
              ],
              [
                -122.126197,
                45.582573
              ],
              [
                -122.126197,
                45.582617
              ],
              [
                -122.112356,
                45.581409
              ],
              [
                -122.101675,
                45.583516
              ],
              [
                -122.044374,
                45.609516
              ],
              [
                -122.022571,
                45.615151
              ],
              [
                -122.00369,
                45.61593
              ],
              [
                -121.983038,
                45.622812
              ],
              [
                -121.979797,
                45.624839
              ],
              [
                -121.963547,
                45.632784
              ],
              [
                -121.955734,
                45.643559
              ],
              [
                -121.951838,
                45.644951
              ],
              [
                -121.935149,
                45.644169
              ],
              [
                -121.922028852172,
                45.6491618990508
              ],
              [
                -121.908267,
                45.654399
              ],
              [
                -121.900858,
                45.662009
              ],
              [
                -121.900897392331,
                45.662353021086
              ],
              [
                -121.901855,
                45.670716
              ],
              [
                -121.867167,
                45.693277
              ],
              [
                -121.858205244407,
                45.6954401547252
              ],
              [
                -121.838112759325,
                45.7002900029046
              ],
              [
                -121.811304,
                45.706761
              ],
              [
                -121.735104,
                45.694039
              ],
              [
                -121.707358,
                45.694809
              ],
              [
                -121.668362,
                45.705082
              ],
              [
                -121.638119011462,
                45.7047364355389
              ],
              [
                -121.631167,
                45.704657
              ],
              [
                -121.562727136099,
                45.7199305336332
              ],
              [
                -121.533106,
                45.726541
              ],
              [
                -121.523685853632,
                45.7249021020319
              ],
              [
                -121.522392,
                45.724677
              ],
              [
                -121.499153,
                45.720846
              ],
              [
                -121.494687797672,
                45.7184501847691
              ],
              [
                -121.483672986716,
                45.7125401610082
              ],
              [
                -121.462849,
                45.701367
              ],
              [
                -121.441224595532,
                45.6973034385521
              ],
              [
                -121.423592,
                45.69399
              ],
              [
                -121.401739,
                45.692887
              ],
              [
                -121.372574,
                45.703111
              ],
              [
                -121.351267011354,
                45.7042362225357
              ],
              [
                -121.33777,
                45.704949
              ],
              [
                -121.312198,
                45.699925
              ],
              [
                -121.287323,
                45.687019
              ],
              [
                -121.251183,
                45.67839
              ],
              [
                -121.215779,
                45.671238
              ],
              [
                -121.200367,
                45.649829
              ],
              [
                -121.196631142901,
                45.6350456589765
              ],
              [
                -121.195233,
                45.629513
              ],
              [
                -121.196149220098,
                45.6206319670926
              ],
              [
                -121.196556,
                45.616689
              ],
              [
                -121.1844509373,
                45.6069325955528
              ],
              [
                -121.183841,
                45.606441
              ],
              [
                -121.170474994227,
                45.6061542691238
              ],
              [
                -121.167852,
                45.606098
              ],
              [
                -121.145534,
                45.607886
              ],
              [
                -121.139483,
                45.611962
              ],
              [
                -121.131953,
                45.609762
              ],
              [
                -121.123793795051,
                45.6150366628937
              ],
              [
                -121.1222,
                45.616067
              ],
              [
                -121.117052,
                45.618117
              ],
              [
                -121.120064,
                45.623134
              ],
              [
                -121.084933,
                45.647893
              ],
              [
                -121.06437,
                45.652549
              ],
              [
                -121.033582,
                45.650998
              ],
              [
                -121.007449,
                45.653217
              ],
              [
                -120.983478,
                45.648344
              ],
              [
                -120.977978,
                45.649345
              ],
              [
                -120.953077,
                45.656745
              ],
              [
                -120.943977,
                45.656445
              ],
              [
                -120.915876,
                45.641345
              ],
              [
                -120.915795173154,
                45.641301218792
              ],
              [
                -120.913476,
                45.640045
              ],
              [
                -120.895575,
                45.642945
              ],
              [
                -120.870042,
                45.661242
              ],
              [
                -120.855674,
                45.671545
              ],
              [
                -120.836141479114,
                45.6758434879127
              ],
              [
                -120.788872,
                45.686246
              ],
              [
                -120.724171,
                45.706446
              ],
              [
                -120.68937,
                45.715847
              ],
              [
                -120.668869,
                45.730147
              ],
              [
                -120.6535343441,
                45.7372486812962
              ],
              [
                -120.634968,
                45.745847
              ],
              [
                -120.591166,
                45.746547
              ],
              [
                -120.559465,
                45.738348
              ],
              [
                -120.553317424253,
                45.7336759670199
              ],
              [
                -120.521964,
                45.709848
              ],
              [
                -120.505863,
                45.700048
              ],
              [
                -120.482362,
                45.694449
              ],
              [
                -120.40396,
                45.699249
              ],
              [
                -120.329057,
                45.71105
              ],
              [
                -120.288656,
                45.72015
              ],
              [
                -120.282156,
                45.72125
              ],
              [
                -120.210754,
                45.725951
              ],
              [
                -120.170453,
                45.761951
              ],
              [
                -120.141352,
                45.773152
              ],
              [
                -120.07015,
                45.785152
              ],
              [
                -120.001148,
                45.811902
              ],
              [
                -119.999501176112,
                45.8124817188485
              ],
              [
                -119.965744,
                45.824365
              ],
              [
                -119.907461,
                45.828135
              ],
              [
                -119.876144,
                45.834718
              ],
              [
                -119.868272037091,
                45.8359407146783
              ],
              [
                -119.868135,
                45.835962
              ],
              [
                -119.802655,
                45.84753
              ],
              [
                -119.772927,
                45.845578
              ],
              [
                -119.672199870904,
                45.8566125323665
              ],
              [
                -119.669877,
                45.856867
              ],
              [
                -119.623393,
                45.905639
              ],
              [
                -119.600549,
                45.919581
              ],
              [
                -119.571584,
                45.925456
              ],
              [
                -119.524632,
                45.908605
              ],
              [
                -119.487829,
                45.906307
              ],
              [
                -119.450256,
                45.917354
              ],
              [
                -119.432149953782,
                45.918250445405
              ],
              [
                -119.364396,
                45.921605
              ],
              [
                -119.322509,
                45.933183
              ],
              [
                -119.312779611952,
                45.9341867678607
              ],
              [
                -119.25715,
                45.939926
              ],
              [
                -119.225745,
                45.932725
              ],
              [
                -119.19553,
                45.92787
              ],
              [
                -119.169496,
                45.927603
              ],
              [
                -119.141390171444,
                45.9310086675325
              ],
              [
                -119.12612,
                45.932859
              ],
              [
                -119.093221,
                45.942745
              ],
              [
                -119.061462,
                45.958527
              ],
              [
                -119.027056,
                45.969134
              ],
              [
                -119.008558,
                45.97927
              ],
              [
                -118.987196090377,
                45.9997905520367
              ],
              [
                -118.987129,
                45.999855
              ],
              [
                -118.941242,
                46.000574
              ],
              [
                -118.788694725992,
                46.0007830942314
              ],
              [
                -118.785765634062,
                46.0007871090932
              ],
              [
                -118.67787,
                46.000935
              ],
              [
                -118.658717,
                46.000955
              ],
              [
                -118.639332,
                46.000994
              ],
              [
                -118.637725,
                46.00097
              ],
              [
                -118.579906,
                46.000818
              ],
              [
                -118.57571,
                46.000718
              ],
              [
                -118.569392,
                46.000773
              ],
              [
                -118.537119,
                46.00084
              ],
              [
                -118.497027,
                46.00062
              ],
              [
                -118.470756,
                46.000632
              ],
              [
                -118.424027212824,
                46.0006026668075
              ],
              [
                -118.403817114887,
                46.0005899802661
              ],
              [
                -118.387293095034,
                46.0005796075968
              ],
              [
                -118.37836,
                46.000574
              ],
              [
                -118.36779,
                46.000622
              ],
              [
                -118.314982,
                46.000453
              ],
              [
                -118.283526,
                46.000787
              ],
              [
                -118.256368,
                46.000439
              ],
              [
                -118.25253,
                46.000459
              ],
              [
                -118.23666752911,
                46.0004182147682
              ],
              [
                -118.236584,
                46.000418
              ],
              [
                -118.228941,
                46.000421
              ],
              [
                -118.146028,
                46.000701
              ],
              [
                -118.131019,
                46.00028
              ],
              [
                -118.126197,
                46.000282
              ],
              [
                -117.99694971271,
                46.0007868487855
              ],
              [
                -117.996911,
                46.000787
              ],
              [
                -117.977663335055,
                46.0007234754428
              ],
              [
                -117.717852,
                45.999866
              ],
              [
                -117.60342451872,
                45.9988892323573
              ],
              [
                -117.603163,
                45.998887
              ],
              [
                -117.504833,
                45.998317
              ],
              [
                -117.480103,
                45.99787
              ],
              [
                -117.479935132756,
                45.9978694691105
              ],
              [
                -117.47536,
                45.997855
              ],
              [
                -117.475148,
                45.997893
              ],
              [
                -117.439943,
                45.998633
              ],
              [
                -117.390738,
                45.998598
              ],
              [
                -117.353928,
                45.996349
              ],
              [
                -117.337668,
                45.998662
              ],
              [
                -117.216731,
                45.998356
              ],
              [
                -117.214534,
                45.99832
              ],
              [
                -117.212616,
                45.998321
              ],
              [
                -117.090186778506,
                45.9976245645994
              ],
              [
                -117.070047,
                45.99751
              ],
              [
                -117.051304,
                45.996849
              ],
              [
                -116.985882,
                45.996974
              ],
              [
                -116.940681,
                45.996274
              ],
              [
                -116.915989,
                45.995413
              ],
              [
                -116.91718,
                45.996575
              ],
              [
                -116.91868,
                45.999875
              ],
              [
                -116.923005,
                46.018293
              ],
              [
                -116.931706,
                46.039651
              ],
              [
                -116.942656,
                46.061
              ],
              [
                -116.948564,
                46.067933
              ],
              [
                -116.957372,
                46.075449
              ],
              [
                -116.960416,
                46.076346
              ],
              [
                -116.96319,
                46.075905
              ],
              [
                -116.970009,
                46.076769
              ],
              [
                -116.978938,
                46.080007
              ],
              [
                -116.981962,
                46.084915
              ],
              [
                -116.982479,
                46.089389
              ],
              [
                -116.982498,
                46.091347
              ],
              [
                -116.981747,
                46.092881
              ],
              [
                -116.978823,
                46.095731
              ],
              [
                -116.976957,
                46.09667
              ],
              [
                -116.974058,
                46.097707
              ],
              [
                -116.959548,
                46.099058
              ],
              [
                -116.955263,
                46.102237
              ],
              [
                -116.951265,
                46.111161
              ],
              [
                -116.95098,
                46.118853
              ],
              [
                -116.950276,
                46.123464
              ],
              [
                -116.948336,
                46.125885
              ],
              [
                -116.935473,
                46.142448
              ],
              [
                -116.922648,
                46.160744
              ],
              [
                -116.921258,
                46.164795
              ],
              [
                -116.92187,
                46.167808
              ],
              [
                -116.923958,
                46.17092
              ],
              [
                -116.941724,
                46.185034
              ],
              [
                -116.952416,
                46.193514
              ],
              [
                -116.962966,
                46.19968
              ],
              [
                -116.965841,
                46.203417
              ],
              [
                -116.966569,
                46.207501
              ],
              [
                -116.96613,
                46.209453
              ],
              [
                -116.959428,
                46.219812
              ],
              [
                -116.956031,
                46.225976
              ],
              [
                -116.955264,
                46.23088
              ],
              [
                -116.958801,
                46.24232
              ],
              [
                -116.964379,
                46.253282
              ],
              [
                -116.966742,
                46.256923
              ],
              [
                -116.970298,
                46.261233
              ],
              [
                -116.972591,
                46.263271
              ],
              [
                -116.976054,
                46.26601
              ],
              [
                -116.987391,
                46.272865
              ],
              [
                -116.991134,
                46.276342
              ],
              [
                -116.991422,
                46.278467
              ],
              [
                -116.990894,
                46.280372
              ],
              [
                -116.98491,
                46.289738
              ],
              [
                -116.98463,
                46.292705
              ],
              [
                -116.986688,
                46.296662
              ],
              [
                -116.989794,
                46.299395
              ],
              [
                -116.99726,
                46.303151
              ],
              [
                -117.007486,
                46.305302
              ],
              [
                -117.016413,
                46.311236
              ],
              [
                -117.020663,
                46.314793
              ],
              [
                -117.022293,
                46.31747
              ],
              [
                -117.022939,
                46.320175
              ],
              [
                -117.023424,
                46.326427
              ],
              [
                -117.022706,
                46.32899
              ],
              [
                -117.023149,
                46.334759
              ],
              [
                -117.023844,
                46.335976
              ],
              [
                -117.027744,
                46.338751
              ],
              [
                -117.030672,
                46.340315
              ],
              [
                -117.03445,
                46.34132
              ],
              [
                -117.045469,
                46.34249
              ],
              [
                -117.051735,
                46.343833
              ],
              [
                -117.055983,
                46.345531
              ],
              [
                -117.060703,
                46.349015
              ],
              [
                -117.06263,
                46.352522
              ],
              [
                -117.062748,
                46.353624
              ],
              [
                -117.062785,
                46.365287
              ],
              [
                -117.061276235732,
                46.3674200805168
              ],
              [
                -117.061045,
                46.367747
              ],
              [
                -117.057516,
                46.371396
              ],
              [
                -117.053054705811,
                46.3746947622074
              ],
              [
                -117.051775,
                46.375641
              ],
              [
                -117.049474,
                46.37682
              ],
              [
                -117.046915,
                46.379577
              ],
              [
                -117.04195,
                46.39216
              ],
              [
                -117.041737,
                46.395195
              ],
              [
                -117.041498143178,
                46.3959447546272
              ],
              [
                -117.041467053077,
                46.396042344249
              ],
              [
                -117.038282,
                46.40604
              ],
              [
                -117.036455,
                46.407792
              ],
              [
                -117.035545,
                46.410012
              ],
              [
                -117.034696,
                46.418318
              ],
              [
                -117.035626149492,
                46.420450464912
              ],
              [
                -117.036562,
                46.422596
              ],
              [
                -117.039813,
                46.425425
              ],
              [
                -117.03981207463,
                46.4259041232579
              ],
              [
                -117.039741,
                46.462704
              ],
              [
                -117.039763,
                46.46957
              ],
              [
                -117.039771,
                46.471779
              ],
              [
                -117.039656800448,
                46.5417092336369
              ],
              [
                -117.039527695754,
                46.6207666483974
              ],
              [
                -117.039527622108,
                46.6208117455244
              ],
              [
                -117.039398,
                46.700186
              ],
              [
                -117.039518188132,
                46.7324011707671
              ],
              [
                -117.039518193853,
                46.7324027043434
              ],
              [
                -117.039828,
                46.815443
              ],
              [
                -117.039817590392,
                46.8160733596053
              ],
              [
                -117.039657,
                46.825798
              ],
              [
                -117.039657114645,
                46.8260086750535
              ],
              [
                -117.039821054109,
                47.1272689624222
              ],
              [
                -117.039824711567,
                47.1339900213799
              ],
              [
                -117.039836,
                47.154734
              ],
              [
                -117.039871,
                47.181858
              ],
              [
                -117.039888,
                47.203282
              ],
              [
                -117.039899,
                47.225515
              ],
              [
                -117.040019,
                47.259272
              ],
              [
                -117.039843,
                47.347201
              ],
              [
                -117.040069338271,
                47.3660278581666
              ],
              [
                -117.040176,
                47.3749
              ],
              [
                -117.039882,
                47.399085
              ],
              [
                -117.03995,
                47.412412
              ],
              [
                -117.039948,
                47.434885
              ],
              [
                -117.039971,
                47.463309
              ],
              [
                -117.039945,
                47.477823
              ],
              [
                -117.040513191232,
                47.5222877085925
              ],
              [
                -117.040514,
                47.522351
              ],
              [
                -117.040519835225,
                47.5233318825769
              ],
              [
                -117.040545,
                47.527562
              ],
              [
                -117.040745,
                47.532909
              ],
              [
                -117.041276,
                47.55821
              ],
              [
                -117.041174,
                47.55853
              ],
              [
                -117.04085,
                47.574124
              ],
              [
                -117.040909286513,
                47.5847380205789
              ],
              [
                -117.040986291497,
                47.5985241659422
              ],
              [
                -117.041126168703,
                47.6235662785051
              ],
              [
                -117.041431,
                47.67814
              ],
              [
                -117.041431,
                47.678185
              ],
              [
                -117.041431,
                47.68
              ],
              [
                -117.041532,
                47.683194
              ],
              [
                -117.041585130411,
                47.6954013693798
              ],
              [
                -117.04159505403,
                47.6976814437017
              ],
              [
                -117.041633,
                47.7064
              ],
              [
                -117.041678,
                47.72271
              ],
              [
                -117.041634,
                47.7353
              ],
              [
                -117.041666125075,
                47.7358642727656
              ],
              [
                -117.041669370094,
                47.7359212711082
              ],
              [
                -117.042135,
                47.7441
              ],
              [
                -117.042059,
                47.7451
              ],
              [
                -117.042657,
                47.760857
              ],
              [
                -117.042623,
                47.761223
              ],
              [
                -117.042521,
                47.764896
              ],
              [
                -117.042485,
                47.766525
              ],
              [
                -117.042064,
                47.77863
              ],
              [
                -117.041999,
                47.822399
              ],
              [
                -117.04247,
                47.839009
              ],
              [
                -117.042450734659,
                47.8613102088273
              ],
              [
                -117.042429277062,
                47.8861491324114
              ],
              [
                -117.04236,
                47.966343
              ],
              [
                -117.042264083441,
                47.9774515117598
              ],
              [
                -117.041676826568,
                48.0454642716004
              ],
              [
                -117.041676,
                48.04556
              ],
              [
                -117.041401,
                48.0855
              ],
              [
                -117.041400737315,
                48.0855352069529
              ],
              [
                -117.041107,
                48.124904
              ],
              [
                -117.039786201135,
                48.1665715942956
              ],
              [
                -117.039552,
                48.17396
              ],
              [
                -117.039413,
                48.17725
              ],
              [
                -117.039618,
                48.178142
              ],
              [
                -117.039583,
                48.180313
              ],
              [
                -117.039582,
                48.180853
              ],
              [
                -117.039582,
                48.181124
              ],
              [
                -117.039615,
                48.184015
              ],
              [
                -117.039599,
                48.184387
              ],
              [
                -117.039281241808,
                48.1918933600154
              ],
              [
                -117.039080472301,
                48.1966361117004
              ],
              [
                -117.038602,
                48.207939
              ],
              [
                -117.037511662499,
                48.259825244762
              ],
              [
                -117.035178,
                48.370878
              ],
              [
                -117.035178,
                48.371221
              ],
              [
                -117.035289,
                48.422732
              ],
              [
                -117.035254,
                48.423144
              ],
              [
                -117.035285,
                48.429816
              ],
              [
                -117.035285,
                48.430113
              ],
              [
                -117.035382699967,
                48.4788241101262
              ],
              [
                -117.035425,
                48.499914
              ],
              [
                -117.034499,
                48.620769
              ],
              [
                -117.034358,
                48.628523
              ],
              [
                -117.033671,
                48.656902
              ],
              [
                -117.033335,
                48.749921
              ],
              [
                -117.03238462208,
                48.8466652930668
              ],
              [
                -117.032107,
                48.874926
              ],
              [
                -117.032351,
                48.999188
              ],
              [
                -117.126075,
                48.998888
              ],
              [
                -117.268247,
                48.999818
              ],
              [
                -117.268192,
                48.999928
              ],
              [
                -117.429968,
                49.0003644833648
              ],
              [
                -117.607323,
                49.000843
              ],
              [
                -117.630906088335,
                49.0008169405632
              ],
              [
                -117.8761,
                49.000546
              ],
              [
                -117.884398,
                48.999912
              ],
              [
                -118.001106,
                48.999911
              ],
              [
                -118.002046,
                49.000437
              ],
              [
                -118.197375052459,
                49.0004067514245
              ],
              [
                -118.836614034806,
                49.0003077591428
              ],
              [
                -119.132102,
                49.000262
              ],
              [
                -119.137274,
                49.000297
              ],
              [
                -119.180728023772,
                49.0002904387412
              ],
              [
                -119.428678,
                49.000253
              ],
              [
                -119.442094954049,
                49.000256698423
              ],
              [
                -119.4577,
                49.000261
              ],
              [
                -119.701218,
                49.000258
              ],
              [
                -119.702016,
                49.000269
              ],
              [
                -119.876195,
                49.000448
              ],
              [
                -119.919261901541,
                49.0000931400868
              ],
              [
                -120.001199,
                48.999418
              ],
              [
                -120.376216,
                49.000705
              ],
              [
                -120.716604,
                49.000188
              ],
              [
                -120.851560900318,
                49.0002800800193
              ],
              [
                -120.978955,
                49.000367
              ],
              [
                -121.059966,
                49.000621
              ],
              [
                -121.12624,
                49.001412
              ],
              [
                -121.2299,
                49.001158
              ],
              [
                -121.248949,
                49.000925
              ],
              [
                -121.251244,
                49.000167
              ],
              [
                -121.256933,
                49.000088
              ],
              [
                -121.345295,
                49.000843
              ],
              [
                -121.395543,
                48.999851
              ],
              [
                -121.751252,
                48.997399
              ],
              [
                -121.949474196605,
                49.0001098822036
              ],
              [
                -122.098357,
                49.002146
              ],
              [
                -122.136637429785,
                49.0022332368444
              ],
              [
                -122.251063,
                49.002494
              ],
              [
                -122.405989,
                49.002239
              ],
              [
                -122.407829,
                49.002193
              ],
              [
                -122.462812674208,
                49.0022187497268
              ],
              [
                -122.550708979903,
                49.002259912961
              ],
              [
                -122.595874846008,
                49.0022810648525
              ],
              [
                -122.705411895396,
                49.0023323627902
              ],
              [
                -122.735337881339,
                49.0023463776041
              ],
              [
                -122.75802,
                49.002357
              ],
              [
                -122.756037,
                48.999512
              ],
              [
                -122.756318,
                48.996881
              ],
              [
                -122.766307,
                48.991672
              ],
              [
                -122.768566651723,
                48.9914922259766
              ],
              [
                -122.774276,
                48.991038
              ],
              [
                -122.796887,
                48.975026
              ],
              [
                -122.817226,
                48.95597
              ],
              [
                -122.822464,
                48.944911
              ],
              [
                -122.821631,
                48.941369
              ],
              [
                -122.818232,
                48.939062
              ],
              [
                -122.787539,
                48.931702
              ],
              [
                -122.770432,
                48.942528
              ],
              [
                -122.766096,
                48.941955
              ],
              [
                -122.764799680231,
                48.9415471148168
              ],
              [
                -122.755624,
                48.93866
              ],
              [
                -122.749447152963,
                48.9332350753041
              ],
              [
                -122.746596,
                48.930731
              ],
              [
                -122.745371,
                48.921227
              ],
              [
                -122.747514,
                48.915582
              ],
              [
                -122.751289,
                48.911239
              ],
              [
                -122.769643769531,
                48.9018518173574
              ],
              [
                -122.783747,
                48.894639
              ],
              [
                -122.792584,
                48.894732
              ],
              [
                -122.793175,
                48.892927
              ],
              [
                -122.785659,
                48.885066
              ],
              [
                -122.722685,
                48.852855
              ],
              [
                -122.717073,
                48.84719
              ],
              [
                -122.711805,
                48.832408
              ],
              [
                -122.709470189612,
                48.8194947979333
              ],
              [
                -122.709169,
                48.817829
              ],
              [
                -122.7112,
                48.79146
              ],
              [
                -122.709815,
                48.786205
              ],
              [
                -122.703106,
                48.786321
              ],
              [
                -122.699303,
                48.789063
              ],
              [
                -122.699507,
                48.794906
              ],
              [
                -122.698675,
                48.800522
              ],
              [
                -122.697219,
                48.80281
              ],
              [
                -122.693683,
                48.804475
              ],
              [
                -122.680246,
                48.80275
              ],
              [
                -122.664206026093,
                48.7900768742528
              ],
              [
                -122.659708,
                48.786523
              ],
              [
                -122.656528,
                48.784969
              ],
              [
                -122.646777,
                48.785011
              ],
              [
                -122.645743,
                48.781538
              ],
              [
                -122.647443,
                48.773998
              ],
              [
                -122.661111,
                48.753962
              ],
              [
                -122.666953,
                48.748445
              ],
              [
                -122.673472,
                48.733082
              ],
              [
                -122.646323,
                48.708001
              ],
              [
                -122.630422,
                48.696625
              ],
              [
                -122.620338,
                48.693651
              ],
              [
                -122.615169,
                48.693839
              ],
              [
                -122.606105,
                48.698556
              ],
              [
                -122.605733,
                48.701066
              ],
              [
                -122.612562,
                48.714932
              ],
              [
                -122.626287,
                48.72093
              ],
              [
                -122.638082,
                48.732486
              ],
              [
                -122.637146,
                48.735708
              ],
              [
                -122.627808,
                48.74466
              ],
              [
                -122.606787,
                48.759143
              ],
              [
                -122.598033,
                48.769489
              ],
              [
                -122.596844,
                48.771492
              ],
              [
                -122.573101158529,
                48.7777161422831
              ],
              [
                -122.567498,
                48.779185
              ],
              [
                -122.535803,
                48.776128
              ],
              [
                -122.530349352885,
                48.7706025943702
              ],
              [
                -122.528203,
                48.768428
              ],
              [
                -122.511671051201,
                48.7582036284522
              ],
              [
                -122.510902,
                48.757728
              ],
              [
                -122.496067316453,
                48.7529521885073
              ],
              [
                -122.490401,
                48.751128
              ],
              [
                -122.491277592376,
                48.748659229636
              ],
              [
                -122.492758762182,
                48.7444877718132
              ],
              [
                -122.495301,
                48.737328
              ],
              [
                -122.50504805766,
                48.7253082247642
              ],
              [
                -122.505684,
                48.724524
              ],
              [
                -122.515511,
                48.720992
              ],
              [
                -122.519172,
                48.713095
              ],
              [
                -122.510556776073,
                48.6830703842853
              ],
              [
                -122.506718,
                48.669692
              ],
              [
                -122.500308,
                48.656163
              ],
              [
                -122.49399,
                48.651596
              ],
              [
                -122.48879395393,
                48.6454048731161
              ],
              [
                -122.486878,
                48.643122
              ],
              [
                -122.46425,
                48.625717
              ],
              [
                -122.448702,
                48.622624
              ],
              [
                -122.425271,
                48.599522
              ],
              [
                -122.433059,
                48.581609
              ],
              [
                -122.44456,
                48.570115
              ],
              [
                -122.454918004634,
                48.5668086096927
              ],
              [
                -122.478431,
                48.559303
              ],
              [
                -122.482406,
                48.559653
              ],
              [
                -122.488421,
                48.564665
              ],
              [
                -122.495904,
                48.575927
              ],
              [
                -122.512372,
                48.578067
              ],
              [
                -122.534787,
                48.57596
              ],
              [
                -122.534719,
                48.574246
              ],
              [
                -122.531978,
                48.568644
              ],
              [
                -122.52537,
                48.567344
              ],
              [
                -122.504428,
                48.564775
              ],
              [
                -122.498463,
                48.556206
              ],
              [
                -122.485288,
                48.528106
              ],
              [
                -122.483872,
                48.521891
              ],
              [
                -122.484045737057,
                48.5199942674157
              ],
              [
                -122.484996,
                48.50962
              ],
              [
                -122.483501,
                48.49243
              ],
              [
                -122.478851,
                48.481736
              ],
              [
                -122.473763,
                48.47975
              ],
              [
                -122.46967,
                48.474975
              ],
              [
                -122.469634,
                48.472187
              ],
              [
                -122.471832,
                48.470724
              ],
              [
                -122.500721,
                48.460887
              ],
              [
                -122.511348,
                48.461825
              ],
              [
                -122.514738475078,
                48.4652346767976
              ],
              [
                -122.515056,
                48.465554
              ],
              [
                -122.526943,
                48.468004
              ],
              [
                -122.527897016842,
                48.4676892811266
              ],
              [
                -122.532845,
                48.466057
              ],
              [
                -122.537355,
                48.466749
              ],
              [
                -122.556763,
                48.496167
              ],
              [
                -122.585677672186,
                48.4965895827648
              ],
              [
                -122.586801,
                48.496606
              ],
              [
                -122.598469,
                48.512169
              ],
              [
                -122.599951,
                48.520946
              ],
              [
                -122.606961,
                48.522152
              ],
              [
                -122.615183,
                48.521427
              ],
              [
                -122.615515445461,
                48.5213237995311
              ],
              [
                -122.636455107596,
                48.5148235364621
              ],
              [
                -122.671386,
                48.50398
              ],
              [
                -122.676922,
                48.504484
              ],
              [
                -122.678246531866,
                48.5064786245782
              ],
              [
                -122.679122,
                48.507797
              ],
              [
                -122.684521,
                48.509123
              ],
              [
                -122.701644,
                48.497622
              ],
              [
                -122.708088689776,
                48.4869166636802
              ],
              [
                -122.712981,
                48.47879
              ],
              [
                -122.712322,
                48.464143
              ],
              [
                -122.710362,
                48.461584
              ],
              [
                -122.700603,
                48.457632
              ],
              [
                -122.695587,
                48.460558
              ],
              [
                -122.695725,
                48.464785
              ],
              [
                -122.689121,
                48.476849
              ],
              [
                -122.685436165383,
                48.4770413791116
              ],
              [
                -122.670390626306,
                48.4778268817844
              ],
              [
                -122.664623,
                48.478128
              ],
              [
                -122.657753,
                48.47294
              ],
              [
                -122.657537555961,
                48.4715437241439
              ],
              [
                -122.654844,
                48.454087
              ],
              [
                -122.667249,
                48.442503
              ],
              [
                -122.674085,
                48.441979
              ],
              [
                -122.674188,
                48.443327
              ],
              [
                -122.677072,
                48.444059
              ],
              [
                -122.678928,
                48.439466
              ],
              [
                -122.674158,
                48.424726
              ],
              [
                -122.665338,
                48.416453
              ],
              [
                -122.654805,
                48.411066
              ],
              [
                -122.612655,
                48.418328
              ],
              [
                -122.581607,
                48.429244
              ],
              [
                -122.575254,
                48.443333
              ],
              [
                -122.568348,
                48.44499
              ],
              [
                -122.557298,
                48.444438
              ],
              [
                -122.554397327933,
                48.4420642889274
              ],
              [
                -122.551221,
                48.439465
              ],
              [
                -122.558403,
                48.426758
              ],
              [
                -122.554536,
                48.40604
              ],
              [
                -122.547492,
                48.399889
              ],
              [
                -122.539449,
                48.39719
              ],
              [
                -122.533452,
                48.383409
              ],
              [
                -122.529067134034,
                48.3802498401765
              ],
              [
                -122.507437,
                48.364666
              ],
              [
                -122.497686,
                48.361837
              ],
              [
                -122.492055249035,
                48.3618001084913
              ],
              [
                -122.482423,
                48.361737
              ],
              [
                -122.478597851197,
                48.3607243953344
              ],
              [
                -122.475529,
                48.359912
              ],
              [
                -122.442678,
                48.337934
              ],
              [
                -122.424102,
                48.334346
              ],
              [
                -122.408718,
                48.326413
              ],
              [
                -122.38431,
                48.304123
              ],
              [
                -122.378296248755,
                48.2976822178335
              ],
              [
                -122.376818,
                48.296099
              ],
              [
                -122.371693,
                48.287839
              ],
              [
                -122.392058,
                48.269628
              ],
              [
                -122.395328,
                48.257187
              ],
              [
                -122.405549275498,
                48.2521305998228
              ],
              [
                -122.406541,
                48.25164
              ],
              [
                -122.463962,
                48.270541
              ],
              [
                -122.466803,
                48.269604
              ],
              [
                -122.474494,
                48.255227
              ],
              [
                -122.480925,
                48.251706
              ],
              [
                -122.483722625411,
                48.2517812854558
              ],
              [
                -122.493448,
                48.252043
              ],
              [
                -122.497727,
                48.253389
              ],
              [
                -122.499648,
                48.256611
              ],
              [
                -122.503786,
                48.257045
              ],
              [
                -122.530996,
                48.249821
              ],
              [
                -122.535209,
                48.240213
              ],
              [
                -122.534431,
                48.223005
              ],
              [
                -122.538916,
                48.209683
              ],
              [
                -122.538273737685,
                48.1998604764597
              ],
              [
                -122.53722,
                48.183745
              ],
              [
                -122.522576,
                48.161712
              ],
              [
                -122.514236490523,
                48.139741406089
              ],
              [
                -122.512031,
                48.133931
              ],
              [
                -122.489986,
                48.120617
              ],
              [
                -122.486736,
                48.12095
              ],
              [
                -122.477983,
                48.129048
              ],
              [
                -122.4675,
                48.130353
              ],
              [
                -122.44966,
                48.114041
              ],
              [
                -122.423703,
                48.102941
              ],
              [
                -122.400692,
                48.085255
              ],
              [
                -122.393413,
                48.078472
              ],
              [
                -122.390787,
                48.069477
              ],
              [
                -122.38769,
                48.065189
              ],
              [
                -122.377114,
                48.057568
              ],
              [
                -122.363107,
                48.054546
              ],
              [
                -122.358375,
                48.056133
              ],
              [
                -122.360345,
                48.061527
              ],
              [
                -122.379481,
                48.087384
              ],
              [
                -122.411649,
                48.11321
              ],
              [
                -122.442383,
                48.130841
              ],
              [
                -122.475803,
                48.166792
              ],
              [
                -122.476672361009,
                48.1692091219806
              ],
              [
                -122.478277636714,
                48.1736723393932
              ],
              [
                -122.479008,
                48.175703
              ],
              [
                -122.478535,
                48.188087
              ],
              [
                -122.47025,
                48.194007
              ],
              [
                -122.464801,
                48.194767
              ],
              [
                -122.461888,
                48.193137
              ],
              [
                -122.45493,
                48.196639
              ],
              [
                -122.442051,
                48.20935
              ],
              [
                -122.441731,
                48.211776
              ],
              [
                -122.444508,
                48.214522
              ],
              [
                -122.449513,
                48.214736
              ],
              [
                -122.453618,
                48.22683
              ],
              [
                -122.45371,
                48.228859
              ],
              [
                -122.449605,
                48.232598
              ],
              [
                -122.433767,
                48.23655
              ],
              [
                -122.430578,
                48.236237
              ],
              [
                -122.425572,
                48.232887
              ],
              [
                -122.396121,
                48.229233
              ],
              [
                -122.395414473614,
                48.2284583844901
              ],
              [
                -122.385703,
                48.217811
              ],
              [
                -122.382102,
                48.207106
              ],
              [
                -122.372492,
                48.193022
              ],
              [
                -122.362044,
                48.187568
              ],
              [
                -122.363479,
                48.174438
              ],
              [
                -122.370253,
                48.164809
              ],
              [
                -122.370144411735,
                48.1645428020481
              ],
              [
                -122.364744,
                48.151304
              ],
              [
                -122.363797,
                48.142759
              ],
              [
                -122.365078,
                48.125822
              ],
              [
                -122.363842,
                48.12393
              ],
              [
                -122.363352975735,
                48.1233057172399
              ],
              [
                -122.343241,
                48.097631
              ],
              [
                -122.326119,
                48.092877
              ],
              [
                -122.321709,
                48.085507
              ],
              [
                -122.305838,
                48.073415
              ],
              [
                -122.288292842561,
                48.0566701529626
              ],
              [
                -122.281087,
                48.049793
              ],
              [
                -122.231761,
                48.029876
              ],
              [
                -122.230698023635,
                48.0277992620409
              ],
              [
                -122.225797921293,
                48.0182259273278
              ],
              [
                -122.224979,
                48.016626
              ],
              [
                -122.228767,
                48.012468
              ],
              [
                -122.23022,
                48.007154
              ],
              [
                -122.232391,
                47.987713
              ],
              [
                -122.23213500415,
                47.9872346328999
              ],
              [
                -122.228793778252,
                47.9809910451829
              ],
              [
                -122.226346,
                47.976417
              ],
              [
                -122.230046,
                47.970917
              ],
              [
                -122.231323430498,
                47.970148291494
              ],
              [
                -122.249007,
                47.959507
              ],
              [
                -122.259748676706,
                47.9584010215789
              ],
              [
                -122.278047,
                47.956517
              ],
              [
                -122.29110947348,
                47.9531839320453
              ],
              [
                -122.307048,
                47.949117
              ],
              [
                -122.311148,
                47.936717
              ],
              [
                -122.309747,
                47.929117
              ],
              [
                -122.310747,
                47.925117
              ],
              [
                -122.311931454886,
                47.9236977882892
              ],
              [
                -122.321847,
                47.911817
              ],
              [
                -122.327578483681,
                47.8999245349808
              ],
              [
                -122.328546,
                47.897917
              ],
              [
                -122.333543,
                47.880246
              ],
              [
                -122.332900747122,
                47.8793145632194
              ],
              [
                -122.330145,
                47.875318
              ],
              [
                -122.329545,
                47.869418
              ],
              [
                -122.331360874117,
                47.8645665967393
              ],
              [
                -122.33311603458,
                47.8598773998853
              ],
              [
                -122.33595,
                47.852306
              ],
              [
                -122.339944,
                47.846718
              ],
              [
                -122.346544,
                47.842418
              ],
              [
                -122.353244,
                47.840618
              ],
              [
                -122.360724053193,
                47.8342753775756
              ],
              [
                -122.380307756354,
                47.8176696086589
              ],
              [
                -122.392044,
                47.807718
              ],
              [
                -122.394944,
                47.803318
              ],
              [
                -122.394945223517,
                47.8033042440349
              ],
              [
                -122.397043,
                47.779719
              ],
              [
                -122.396421500938,
                47.7779269035131
              ],
              [
                -122.394442,
                47.772219
              ],
              [
                -122.385321560335,
                47.7634203222016
              ],
              [
                -122.380241,
                47.758519
              ],
              [
                -122.382641,
                47.749119
              ],
              [
                -122.375505766029,
                47.7341741356668
              ],
              [
                -122.37314,
                47.729219
              ],
              [
                -122.37644,
                47.716519
              ],
              [
                -122.378704842612,
                47.7123290411676
              ],
              [
                -122.38044,
                47.709119
              ],
              [
                -122.380750522799,
                47.7089367545376
              ],
              [
                -122.392112344898,
                47.7022685146318
              ],
              [
                -122.393248,
                47.701602
              ],
              [
                -122.400890239483,
                47.6928126670798
              ],
              [
                -122.403841,
                47.689419
              ],
              [
                -122.405001724647,
                47.6867203151957
              ],
              [
                -122.407841,
                47.680119
              ],
              [
                -122.413140455014,
                47.6750122524411
              ],
              [
                -122.429841,
                47.658919
              ],
              [
                -122.423040998656,
                47.6503482954899
              ],
              [
                -122.414645,
                47.639766
              ],
              [
                -122.40424,
                47.63392
              ],
              [
                -122.393739,
                47.63102
              ],
              [
                -122.389682544218,
                47.6313887687075
              ],
              [
                -122.386039,
                47.63172
              ],
              [
                -122.367819,
                47.624213
              ],
              [
                -122.359485722108,
                47.6187163579574
              ],
              [
                -122.359288486165,
                47.6185862608462
              ],
              [
                -122.350885670021,
                47.6130437512726
              ],
              [
                -122.34628196318,
                47.6100071396417
              ],
              [
                -122.344937,
                47.60912
              ],
              [
                -122.342325274609,
                47.6043015014773
              ],
              [
                -122.341170040241,
                47.6021701537044
              ],
              [
                -122.339570996203,
                47.59922
              ],
              [
                -122.339513,
                47.599113
              ],
              [
                -122.342937,
                47.59122
              ],
              [
                -122.344332321504,
                47.5906363742485
              ],
              [
                -122.358238,
                47.58482
              ],
              [
                -122.370167,
                47.583087
              ],
              [
                -122.375421,
                47.585181
              ],
              [
                -122.376127289296,
                47.5858162263948
              ],
              [
                -122.387139,
                47.59572
              ],
              [
                -122.401839,
                47.58392
              ],
              [
                -122.421139,
                47.57602
              ],
              [
                -122.409839,
                47.56892
              ],
              [
                -122.404874673949,
                47.5608051117501
              ],
              [
                -122.398338,
                47.55012
              ],
              [
                -122.396563504357,
                47.5399166500525
              ],
              [
                -122.394102004157,
                47.5257630239022
              ],
              [
                -122.393938,
                47.52482
              ],
              [
                -122.395201602027,
                47.5201543925141
              ],
              [
                -122.396538,
                47.51522
              ],
              [
                -122.386637,
                47.50222
              ],
              [
                -122.376601347671,
                47.4957487135112
              ],
              [
                -122.365236,
                47.48842
              ],
              [
                -122.361336,
                47.481421
              ],
              [
                -122.366694804171,
                47.4636649622991
              ],
              [
                -122.368036,
                47.459221
              ],
              [
                -122.383136,
                47.450521
              ],
              [
                -122.367036,
                47.447621
              ],
              [
                -122.361906243271,
                47.4451640960963
              ],
              [
                -122.355135,
                47.441921
              ],
              [
                -122.351191,
                47.430797
              ],
              [
                -122.351191,
                47.423078
              ],
              [
                -122.348035,
                47.415921
              ],
              [
                -122.335234,
                47.408421
              ],
              [
                -122.333942656139,
                47.4069397526296
              ],
              [
                -122.332614882331,
                47.4054167179676
              ],
              [
                -122.331790943794,
                47.4044716119986
              ],
              [
                -122.328434,
                47.400621
              ],
              [
                -122.327615210311,
                47.3978613754929
              ],
              [
                -122.325734,
                47.391521
              ],
              [
                -122.325326866647,
                47.3720906623781
              ],
              [
                -122.324833,
                47.348521
              ],
              [
                -122.336934,
                47.341421
              ],
              [
                -122.346735914462,
                47.3394529869178
              ],
              [
                -122.364168,
                47.335953
              ],
              [
                -122.380144804529,
                47.3314231842128
              ],
              [
                -122.381009603029,
                47.3311779926357
              ],
              [
                -122.382329434701,
                47.3308037879985
              ],
              [
                -122.405900494576,
                47.3241208146326
              ],
              [
                -122.418048132221,
                47.3206766615369
              ],
              [
                -122.423535,
                47.319121
              ],
              [
                -122.443008,
                47.306333
              ],
              [
                -122.444635,
                47.300421
              ],
              [
                -122.432335,
                47.296021
              ],
              [
                -122.424235,
                47.297521
              ],
              [
                -122.413735,
                47.293921
              ],
              [
                -122.409199,
                47.288556
              ],
              [
                -122.418074,
                47.281765
              ],
              [
                -122.429605,
                47.269707
              ],
              [
                -122.4442,
                47.266723
              ],
              [
                -122.448718006811,
                47.2684672021051
              ],
              [
                -122.451575765033,
                47.2695704558438
              ],
              [
                -122.46528862544,
                47.2748643832294
              ],
              [
                -122.471652,
                47.277321
              ],
              [
                -122.47732292256,
                47.2809338389858
              ],
              [
                -122.498925648899,
                47.2946965329913
              ],
              [
                -122.533338,
                47.31662
              ],
              [
                -122.540238,
                47.31852
              ],
              [
                -122.547408,
                47.317734
              ],
              [
                -122.547747,
                47.316403
              ],
              [
                -122.527586,
                47.291531
              ],
              [
                -122.528298554743,
                47.2905476740398
              ],
              [
                -122.538569881249,
                47.2763732374856
              ],
              [
                -122.54658604737,
                47.2653109235732
              ],
              [
                -122.560564208996,
                47.2460210523956
              ],
              [
                -122.561957,
                47.244099
              ],
              [
                -122.575126142905,
                47.2201994180776
              ],
              [
                -122.580517,
                47.210416
              ],
              [
                -122.587855937401,
                47.1874220387438
              ],
              [
                -122.589679726135,
                47.1817078426402
              ],
              [
                -122.590264872454,
                47.1798744938788
              ],
              [
                -122.590829,
                47.178107
              ],
              [
                -122.605341319807,
                47.1726925142449
              ],
              [
                -122.614855,
                47.169143
              ],
              [
                -122.63113,
                47.167675
              ],
              [
                -122.635884,
                47.163959
              ],
              [
                -122.640638,
                47.149122
              ],
              [
                -122.638385756401,
                47.1422942093811
              ],
              [
                -122.636169,
                47.135574
              ],
              [
                -122.643479782676,
                47.1351740629918
              ],
              [
                -122.645053,
                47.135088
              ],
              [
                -122.650634,
                47.132447
              ],
              [
                -122.67813,
                47.103866
              ],
              [
                -122.693719109151,
                47.103618702381
              ],
              [
                -122.721437,
                47.103179
              ],
              [
                -122.724657855819,
                47.1043764815036
              ],
              [
                -122.775056,
                47.123114
              ],
              [
                -122.784305487799,
                47.1364204960507
              ],
              [
                -122.814238,
                47.179482
              ],
              [
                -122.826097087133,
                47.17473842788
              ],
              [
                -122.841373585432,
                47.1686279093714
              ],
              [
                -122.852046,
                47.164359
              ],
              [
                -122.85994,
                47.165574
              ],
              [
                -122.858996747441,
                47.1674384950198
              ],
              [
                -122.838298,
                47.208353
              ],
              [
                -122.856171,
                47.233788
              ],
              [
                -122.863732,
                47.270221
              ],
              [
                -122.84586,
                47.298405
              ],
              [
                -122.836639907384,
                47.3067789895427
              ],
              [
                -122.822344,
                47.319763
              ],
              [
                -122.819738,
                47.327964
              ],
              [
                -122.825237,
                47.353398
              ],
              [
                -122.821868,
                47.363069
              ],
              [
                -122.817489123722,
                47.3614867873578
              ],
              [
                -122.804615,
                47.356835
              ],
              [
                -122.802831094246,
                47.3534366472272
              ],
              [
                -122.797569050978,
                47.3434124184844
              ],
              [
                -122.796646,
                47.341654
              ],
              [
                -122.799025,
                47.289306
              ],
              [
                -122.816633,
                47.276457
              ],
              [
                -122.833689,
                47.273751
              ],
              [
                -122.842329,
                47.267563
              ],
              [
                -122.843289,
                47.257465
              ],
              [
                -122.839745023338,
                47.2527172875087
              ],
              [
                -122.832799,
                47.243412
              ],
              [
                -122.771619,
                47.167109
              ],
              [
                -122.763803,
                47.166124
              ],
              [
                -122.750589586536,
                47.1568508739045
              ],
              [
                -122.742928,
                47.151474
              ],
              [
                -122.722162,
                47.137127
              ],
              [
                -122.711998,
                47.127682
              ],
              [
                -122.702434,
                47.123867
              ],
              [
                -122.694748,
                47.125896
              ],
              [
                -122.692963,
                47.130653
              ],
              [
                -122.684249,
                47.139857
              ],
              [
                -122.675498,
                47.141964
              ],
              [
                -122.673437,
                47.149898
              ],
              [
                -122.673927,
                47.174675
              ],
              [
                -122.67977,
                47.179621
              ],
              [
                -122.677716,
                47.1911
              ],
              [
                -122.657275,
                47.193523
              ],
              [
                -122.644263,
                47.199604
              ],
              [
                -122.6418,
                47.205013
              ],
              [
                -122.648719,
                47.215645
              ],
              [
                -122.659645,
                47.219292
              ],
              [
                -122.667495,
                47.223394
              ],
              [
                -122.679871,
                47.231186
              ],
              [
                -122.685226,
                47.232376
              ],
              [
                -122.704573,
                47.23098
              ],
              [
                -122.708713419771,
                47.2319830566095
              ],
              [
                -122.724824,
                47.235886
              ],
              [
                -122.718124,
                47.250045
              ],
              [
                -122.749621,
                47.276408
              ],
              [
                -122.749563414869,
                47.2766813679878
              ],
              [
                -122.74525,
                47.297158
              ],
              [
                -122.725738,
                47.33047
              ],
              [
                -122.687192342687,
                47.3563362021701
              ],
              [
                -122.671486,
                47.366876
              ],
              [
                -122.639126,
                47.377822
              ],
              [
                -122.634168359498,
                47.3767594890234
              ],
              [
                -122.632463,
                47.376394
              ],
              [
                -122.634823,
                47.370583
              ],
              [
                -122.671256,
                47.343774
              ],
              [
                -122.675533526857,
                47.3339808182488
              ],
              [
                -122.697378,
                47.283969
              ],
              [
                -122.692426,
                47.280026
              ],
              [
                -122.677575474715,
                47.2740627561642
              ],
              [
                -122.668571,
                47.270447
              ],
              [
                -122.626997,
                47.235629
              ],
              [
                -122.614236,
                47.220872
              ],
              [
                -122.602539,
                47.217506
              ],
              [
                -122.590487,
                47.227752
              ],
              [
                -122.58886,
                47.237137
              ],
              [
                -122.579756377426,
                47.2522401740086
              ],
              [
                -122.578211,
                47.254804
              ],
              [
                -122.55821033611,
                47.2747069089342
              ],
              [
                -122.547521,
                47.285344
              ],
              [
                -122.550134,
                47.290496
              ],
              [
                -122.571239,
                47.315619
              ],
              [
                -122.571797016396,
                47.3162439783638
              ],
              [
                -122.573739,
                47.318419
              ],
              [
                -122.575985,
                47.32642
              ],
              [
                -122.5754374672,
                47.3265141827141
              ],
              [
                -122.57134,
                47.327219
              ],
              [
                -122.55584,
                47.347519
              ],
              [
                -122.551536,
                47.35954
              ],
              [
                -122.537044,
                47.375896
              ],
              [
                -122.551136,
                47.394456
              ],
              [
                -122.546122639562,
                47.4034087828546
              ],
              [
                -122.536983892707,
                47.4197286180584
              ],
              [
                -122.531889,
                47.428827
              ],
              [
                -122.530735923431,
                47.4625505062896
              ],
              [
                -122.530514,
                47.469041
              ],
              [
                -122.494882,
                47.510265
              ],
              [
                -122.500543,
                47.51528
              ],
              [
                -122.52305,
                47.524
              ],
              [
                -122.532909,
                47.522184
              ],
              [
                -122.546232201763,
                47.5235122362873
              ],
              [
                -122.546611,
                47.52355
              ],
              [
                -122.547207,
                47.528257
              ],
              [
                -122.542355,
                47.53784
              ],
              [
                -122.543118,
                47.556326
              ],
              [
                -122.534664,
                47.566122
              ],
              [
                -122.529914716173,
                47.5684411262623
              ],
              [
                -122.518367,
                47.57408
              ],
              [
                -122.503672,
                47.575178
              ],
              [
                -122.479089,
                47.583654
              ],
              [
                -122.483805,
                47.586721
              ],
              [
                -122.493933,
                47.588963
              ],
              [
                -122.49824,
                47.598242
              ],
              [
                -122.500357,
                47.617816
              ],
              [
                -122.497854030652,
                47.6203061094267
              ],
              [
                -122.494518,
                47.623625
              ],
              [
                -122.492809,
                47.629591
              ],
              [
                -122.493205,
                47.635122
              ],
              [
                -122.502116,
                47.639074
              ],
              [
                -122.518072679594,
                47.6511651761837
              ],
              [
                -122.518277,
                47.65132
              ],
              [
                -122.508709,
                47.670843
              ],
              [
                -122.504452,
                47.685888
              ],
              [
                -122.504604,
                47.699136
              ],
              [
                -122.511196,
                47.708715
              ],
              [
                -122.523962,
                47.708034
              ],
              [
                -122.525851,
                47.705095
              ],
              [
                -122.53094,
                47.704814
              ],
              [
                -122.543161,
                47.710941
              ],
              [
                -122.547804956768,
                47.7252363926436
              ],
              [
                -122.554454,
                47.745704
              ],
              [
                -122.537318,
                47.74714
              ],
              [
                -122.519325,
                47.74622
              ],
              [
                -122.515193,
                47.743911
              ],
              [
                -122.507638,
                47.74304
              ],
              [
                -122.488491,
                47.743605
              ],
              [
                -122.477344,
                47.746019
              ],
              [
                -122.477123854185,
                47.7461711007446
              ],
              [
                -122.471844,
                47.749819
              ],
              [
                -122.470333,
                47.757109
              ],
              [
                -122.471402,
                47.765965
              ],
              [
                -122.495458,
                47.786692
              ],
              [
                -122.495346,
                47.79704
              ],
              [
                -122.485214,
                47.804128
              ],
              [
                -122.482437,
                47.809255
              ],
              [
                -122.482529,
                47.815511
              ],
              [
                -122.502224,
                47.826395
              ],
              [
                -122.506122,
                47.831745
              ],
              [
                -122.512778,
                47.863879
              ],
              [
                -122.513986,
                47.880807
              ],
              [
                -122.527593,
                47.905882
              ],
              [
                -122.535528447919,
                47.9107550647632
              ],
              [
                -122.549072,
                47.919072
              ],
              [
                -122.578931,
                47.925839
              ],
              [
                -122.603861,
                47.940478
              ],
              [
                -122.611956,
                47.940772
              ],
              [
                -122.617022,
                47.938987
              ],
              [
                -122.620316,
                47.931553
              ],
              [
                -122.616701,
                47.925139
              ],
              [
                -122.596228,
                47.92021
              ],
              [
                -122.588235,
                47.912923
              ],
              [
                -122.586339,
                47.902023
              ],
              [
                -122.573098,
                47.874081
              ],
              [
                -122.573672,
                47.857582
              ],
              [
                -122.577888649477,
                47.8574774195494
              ],
              [
                -122.608105,
                47.856728
              ],
              [
                -122.614585,
                47.850806
              ],
              [
                -122.623192,
                47.836199
              ],
              [
                -122.648108,
                47.825123
              ],
              [
                -122.658095336185,
                47.8179827924775
              ],
              [
                -122.682015,
                47.800882
              ],
              [
                -122.684085,
                47.798574
              ],
              [
                -122.690562,
                47.778372
              ],
              [
                -122.705353465609,
                47.7721500525867
              ],
              [
                -122.714801,
                47.768176
              ],
              [
                -122.719712,
                47.760976
              ],
              [
                -122.722686,
                47.748827
              ],
              [
                -122.733012,
                47.737625
              ],
              [
                -122.740159,
                47.736228
              ],
              [
                -122.74369143856,
                47.7199556645053
              ],
              [
                -122.754186,
                47.671612
              ],
              [
                -122.787531764119,
                47.65951693621
              ],
              [
                -122.804498,
                47.653363
              ],
              [
                -122.856611,
                47.649615
              ],
              [
                -122.85891428874,
                47.6485156719484
              ],
              [
                -122.917103,
                47.620743
              ],
              [
                -122.92378874605,
                47.6160721308458
              ],
              [
                -122.962372032822,
                47.5891166523252
              ],
              [
                -122.967284,
                47.585685
              ],
              [
                -123.01641268704,
                47.520298015202
              ],
              [
                -123.033938,
                47.496973
              ],
              [
                -123.120234,
                47.39149
              ],
              [
                -123.115466,
                47.376087
              ],
              [
                -123.085645,
                47.374771
              ],
              [
                -123.056886,
                47.368499
              ],
              [
                -123.013153,
                47.378639
              ],
              [
                -122.977495,
                47.39616
              ],
              [
                -122.916655,
                47.413713
              ],
              [
                -122.908615555958,
                47.4178141624372
              ],
              [
                -122.901206,
                47.421594
              ],
              [
                -122.872966194,
                47.4234891571883
              ],
              [
                -122.872447,
                47.423524
              ],
              [
                -122.877913,
                47.410979
              ],
              [
                -122.902126800679,
                47.3951702702875
              ],
              [
                -122.911426,
                47.389099
              ],
              [
                -122.938759,
                47.383306
              ],
              [
                -122.983919,
                47.374615
              ],
              [
                -123.030266,
                47.350949
              ],
              [
                -123.072098,
                47.351593
              ],
              [
                -123.111298,
                47.362619
              ],
              [
                -123.126267529004,
                47.3547777687601
              ],
              [
                -123.140169,
                47.347496
              ],
              [
                -123.15598,
                47.355745
              ],
              [
                -123.106486,
                47.45817
              ],
              [
                -122.979485668436,
                47.6066620248723
              ],
              [
                -122.97244,
                47.6149
              ],
              [
                -122.896524,
                47.674838
              ],
              [
                -122.880462,
                47.720643
              ],
              [
                -122.849001924591,
                47.7719459424835
              ],
              [
                -122.845612,
                47.777474
              ],
              [
                -122.815027,
                47.807493
              ],
              [
                -122.820178,
                47.835904
              ],
              [
                -122.812616,
                47.840029
              ],
              [
                -122.790619,
                47.792597
              ],
              [
                -122.832139,
                47.695511
              ],
              [
                -122.811929,
                47.679861
              ],
              [
                -122.781682,
                47.70392
              ],
              [
                -122.758498,
                47.746036
              ],
              [
                -122.757885,
                47.757744
              ],
              [
                -122.75054,
                47.773966
              ],
              [
                -122.748061,
                47.800546
              ],
              [
                -122.740020330239,
                47.8051367456349
              ],
              [
                -122.731956,
                47.809741
              ],
              [
                -122.719609,
                47.813036
              ],
              [
                -122.688596,
                47.831438
              ],
              [
                -122.683742,
                47.838773
              ],
              [
                -122.681602,
                47.850405
              ],
              [
                -122.690974,
                47.860118
              ],
              [
                -122.69376,
                47.868002
              ],
              [
                -122.666417,
                47.867497
              ],
              [
                -122.650083,
                47.86386
              ],
              [
                -122.63636,
                47.866186
              ],
              [
                -122.633879,
                47.868401
              ],
              [
                -122.631857,
                47.874815
              ],
              [
                -122.610341,
                47.887343
              ],
              [
                -122.618873,
                47.890242
              ],
              [
                -122.637425,
                47.889945
              ],
              [
                -122.646494,
                47.894771
              ],
              [
                -122.655085,
                47.905058
              ],
              [
                -122.65399,
                47.91589
              ],
              [
                -122.651063,
                47.920985
              ],
              [
                -122.657722,
                47.931156
              ],
              [
                -122.66238,
                47.9307
              ],
              [
                -122.669141780793,
                47.9326772603986
              ],
              [
                -122.681924,
                47.936415
              ],
              [
                -122.68445,
                47.939593
              ],
              [
                -122.684688,
                47.944049
              ],
              [
                -122.676215,
                47.958743
              ],
              [
                -122.6788,
                47.96793
              ],
              [
                -122.683223,
                47.972226
              ],
              [
                -122.701294,
                47.972979
              ],
              [
                -122.718082,
                47.987739
              ],
              [
                -122.723374,
                48.008095
              ],
              [
                -122.710358828891,
                48.0129368564015
              ],
              [
                -122.70184,
                48.016106
              ],
              [
                -122.697185,
                48.014978
              ],
              [
                -122.690066,
                48.00842
              ],
              [
                -122.686898,
                48.008305
              ],
              [
                -122.669868,
                48.017217
              ],
              [
                -122.668942,
                48.032026
              ],
              [
                -122.677153,
                48.036346
              ],
              [
                -122.682264,
                48.042723
              ],
              [
                -122.69222,
                48.087081
              ],
              [
                -122.69164,
                48.096726
              ],
              [
                -122.68724,
                48.101662
              ],
              [
                -122.698465,
                48.103102
              ],
              [
                -122.718558,
                48.097567
              ],
              [
                -122.733257,
                48.091232
              ],
              [
                -122.748345,
                48.072097
              ],
              [
                -122.747389,
                48.070795
              ],
              [
                -122.741184,
                48.070958
              ],
              [
                -122.739271,
                48.069153
              ],
              [
                -122.740007,
                48.054116
              ],
              [
                -122.74229,
                48.049324
              ],
              [
                -122.766648,
                48.04429
              ],
              [
                -122.770496,
                48.047897
              ],
              [
                -122.770552134624,
                48.0528288276643
              ],
              [
                -122.770559,
                48.053432
              ],
              [
                -122.801399,
                48.087561
              ],
              [
                -122.798464,
                48.092451
              ],
              [
                -122.792902,
                48.09718
              ],
              [
                -122.781336717787,
                48.1043542243155
              ],
              [
                -122.778466,
                48.106135
              ],
              [
                -122.773177,
                48.106864
              ],
              [
                -122.754083938688,
                48.114859701354
              ],
              [
                -122.748911,
                48.117026
              ],
              [
                -122.760448,
                48.14324
              ],
              [
                -122.784076,
                48.142974
              ],
              [
                -122.792551430574,
                48.1414949383637
              ],
              [
                -122.821787370385,
                48.1363929253628
              ],
              [
                -122.833173,
                48.134406
              ],
              [
                -122.876282,
                48.110877
              ],
              [
                -122.882013,
                48.100779
              ],
              [
                -122.878255,
                48.076072
              ],
              [
                -122.857727,
                48.065774
              ],
              [
                -122.849273,
                48.053808
              ],
              [
                -122.846039981165,
                48.0527635113305
              ],
              [
                -122.827482,
                48.046768
              ],
              [
                -122.831851,
                48.019418
              ],
              [
                -122.839457,
                48.001768
              ],
              [
                -122.850854,
                47.995899
              ],
              [
                -122.875822,
                47.996043
              ],
              [
                -122.860956,
                48.021325
              ],
              [
                -122.877641,
                48.047025
              ],
              [
                -122.918602,
                48.058238
              ],
              [
                -122.926851,
                48.064593
              ],
              [
                -122.927239425436,
                48.0653038461935
              ],
              [
                -122.927975,
                48.06665
              ],
              [
                -122.926644,
                48.0741
              ],
              [
                -122.920911,
                48.088199
              ],
              [
                -122.917942,
                48.091535
              ],
              [
                -122.929095,
                48.096244
              ],
              [
                -122.946119,
                48.098552
              ],
              [
                -122.979413,
                48.09594
              ],
              [
                -123.004128,
                48.090516
              ],
              [
                -123.016651,
                48.08538
              ],
              [
                -123.038727,
                48.081138
              ],
              [
                -123.039097290622,
                48.0818232540924
              ],
              [
                -123.039782296134,
                48.0830909146907
              ],
              [
                -123.050446,
                48.102825
              ],
              [
                -123.06621,
                48.120469
              ],
              [
                -123.085154,
                48.127137
              ],
              [
                -123.116479,
                48.150208
              ],
              [
                -123.124816,
                48.153472
              ],
              [
                -123.131422,
                48.152736
              ],
              [
                -123.137643739579,
                48.1547895376591
              ],
              [
                -123.143229,
                48.156633
              ],
              [
                -123.139258,
                48.16648
              ],
              [
                -123.132417,
                48.174704
              ],
              [
                -123.133445,
                48.177276
              ],
              [
                -123.144783,
                48.175943
              ],
              [
                -123.1644,
                48.165894
              ],
              [
                -123.191521,
                48.143821
              ],
              [
                -123.194471566612,
                48.1419108158882
              ],
              [
                -123.21719,
                48.127203
              ],
              [
                -123.239129,
                48.118217
              ],
              [
                -123.248615,
                48.115745
              ],
              [
                -123.268917,
                48.116094
              ],
              [
                -123.280178,
                48.117309
              ],
              [
                -123.288265,
                48.121036
              ],
              [
                -123.28963282055,
                48.1206559545456
              ],
              [
                -123.314578,
                48.113725
              ],
              [
                -123.332699,
                48.11297
              ],
              [
                -123.343952965856,
                48.1141239461872
              ],
              [
                -123.360923,
                48.115864
              ],
              [
                -123.395048,
                48.114243
              ],
              [
                -123.405727019378,
                48.1156209612445
              ],
              [
                -123.415504673638,
                48.1168826153492
              ],
              [
                -123.424668,
                48.118065
              ],
              [
                -123.430093799663,
                48.1200071753996
              ],
              [
                -123.437869045792,
                48.1227903396694
              ],
              [
                -123.441972,
                48.124259
              ],
              [
                -123.439127,
                48.141278
              ],
              [
                -123.440128,
                48.142014
              ],
              [
                -123.455458,
                48.140047
              ],
              [
                -123.473379,
                48.134079
              ],
              [
                -123.507235,
                48.131807
              ],
              [
                -123.520284586961,
                48.1350354427271
              ],
              [
                -123.52232,
                48.135539
              ],
              [
                -123.534879,
                48.14578
              ],
              [
                -123.551131,
                48.151382
              ],
              [
                -123.560591,
                48.150697
              ],
              [
                -123.565001885341,
                48.1474782808354
              ],
              [
                -123.574214,
                48.140756
              ],
              [
                -123.590839,
                48.134949
              ],
              [
                -123.628819,
                48.139279
              ],
              [
                -123.641108,
                48.146127
              ],
              [
                -123.636967,
                48.150319
              ],
              [
                -123.651408,
                48.156952
              ],
              [
                -123.672445,
                48.162715
              ],
              [
                -123.702743,
                48.166783
              ],
              [
                -123.706432,
                48.165822
              ],
              [
                -123.706226,
                48.1634
              ],
              [
                -123.71835,
                48.158713
              ],
              [
                -123.725352,
                48.159191
              ],
              [
                -123.72829,
                48.160858
              ],
              [
                -123.728736,
                48.1628
              ],
              [
                -123.756395,
                48.161057
              ],
              [
                -123.778122,
                48.155466
              ],
              [
                -123.831571,
                48.157937
              ],
              [
                -123.858821,
                48.154273
              ],
              [
                -123.866677,
                48.154796
              ],
              [
                -123.880068,
                48.160621
              ],
              [
                -123.915589,
                48.159352
              ],
              [
                -123.934921,
                48.16084
              ],
              [
                -123.944220868246,
                48.1629411892663
              ],
              [
                -123.955347,
                48.165455
              ],
              [
                -123.981032,
                48.164761
              ],
              [
                -124.050734,
                48.177747
              ],
              [
                -124.072124,
                48.189903
              ],
              [
                -124.090717,
                48.196458
              ],
              [
                -124.107215,
                48.200082
              ],
              [
                -124.101773,
                48.216883
              ],
              [
                -124.110974,
                48.220557
              ],
              [
                -124.14129,
                48.227413
              ],
              [
                -124.192692,
                48.246316
              ],
              [
                -124.217873,
                48.253294
              ],
              [
                -124.238582,
                48.262471
              ],
              [
                -124.250882,
                48.264773
              ],
              [
                -124.252267,
                48.261004
              ],
              [
                -124.255109,
                48.258972
              ],
              [
                -124.265824,
                48.254842
              ],
              [
                -124.272017,
                48.25441
              ],
              [
                -124.295693,
                48.259282
              ],
              [
                -124.297643,
                48.260676
              ],
              [
                -124.296924,
                48.261796
              ],
              [
                -124.295589,
                48.262983
              ],
              [
                -124.299146,
                48.268239
              ],
              [
                -124.342412,
                48.277695
              ],
              [
                -124.361351,
                48.287582
              ],
              [
                -124.380874,
                48.284699
              ],
              [
                -124.395593,
                48.288772
              ],
              [
                -124.414007,
                48.300887
              ],
              [
                -124.510582,
                48.343236
              ],
              [
                -124.525453,
                48.349022
              ],
              [
                -124.538821,
                48.349893
              ],
              [
                -124.546259,
                48.353594
              ],
              [
                -124.547542637316,
                48.3545837035747
              ],
              [
                -124.564841,
                48.367921
              ],
              [
                -124.572864,
                48.366228
              ],
              [
                -124.590733,
                48.373604
              ],
              [
                -124.599356,
                48.370512
              ],
              [
                -124.61029,
                48.366723
              ],
              [
                -124.623817,
                48.3691
              ],
              [
                -124.631108,
                48.376522
              ],
              [
                -124.639389,
                48.385524
              ],
              [
                -124.653243,
                48.390691
              ],
              [
                -124.694511,
                48.389004
              ],
              [
                -124.716947,
                48.389776
              ],
              [
                -124.725839,
                48.386012
              ],
              [
                -124.731828,
                48.381157
              ],
              [
                -124.730863,
                48.3762
              ],
              [
                -124.727022,
                48.371101
              ],
              [
                -124.713817,
                48.366309
              ],
              [
                -124.696703,
                48.349748
              ],
              [
                -124.670072,
                48.341341
              ],
              [
                -124.65894,
                48.331057
              ],
              [
                -124.662068,
                48.31045
              ],
              [
                -124.665908,
                48.299324
              ],
              [
                -124.669265,
                48.296353
              ],
              [
                -124.676319,
                48.295143
              ],
              [
                -124.679361137169,
                48.2752583153385
              ],
              [
                -124.680877,
                48.26535
              ],
              [
                -124.684677,
                48.255228
              ],
              [
                -124.699663,
                48.245812
              ],
              [
                -124.70592,
                48.239894
              ],
              [
                -124.705031,
                48.238774
              ],
              [
                -124.690389,
                48.219745
              ],
              [
                -124.6909,
                48.212617
              ]
            ]
          ],
          [
            [
              [
                -122.514703,
                47.414048
              ],
              [
                -122.521383676115,
                47.4054586386145
              ],
              [
                -122.526733,
                47.398581
              ],
              [
                -122.514247,
                47.372302
              ],
              [
                -122.526029,
                47.358907
              ],
              [
                -122.528129,
                47.345542
              ],
              [
                -122.51885,
                47.33332
              ],
              [
                -122.504913,
                47.33068
              ],
              [
                -122.493123,
                47.330253
              ],
              [
                -122.491237,
                47.335172
              ],
              [
                -122.483531001162,
                47.3385539082895
              ],
              [
                -122.481314064473,
                47.3395268485564
              ],
              [
                -122.469702,
                47.344623
              ],
              [
                -122.457494,
                47.342567
              ],
              [
                -122.453998,
                47.343337
              ],
              [
                -122.448399,
                47.354987
              ],
              [
                -122.437809,
                47.365606
              ],
              [
                -122.401767,
                47.381325
              ],
              [
                -122.378482,
                47.38533
              ],
              [
                -122.373629,
                47.388718
              ],
              [
                -122.395054,
                47.399277
              ],
              [
                -122.427327,
                47.402129
              ],
              [
                -122.437656,
                47.407424
              ],
              [
                -122.439931,
                47.417007
              ],
              [
                -122.439923058458,
                47.4176476484682
              ],
              [
                -122.439415,
                47.458633
              ],
              [
                -122.433386,
                47.46643
              ],
              [
                -122.460027,
                47.48686
              ],
              [
                -122.460442,
                47.493764
              ],
              [
                -122.452399,
                47.503471
              ],
              [
                -122.474684,
                47.511068
              ],
              [
                -122.482739,
                47.483133
              ],
              [
                -122.497862,
                47.475915
              ],
              [
                -122.513328,
                47.449106
              ],
              [
                -122.514703,
                47.414048
              ]
            ]
          ],
          [
            [
              [
                -122.490201,
                47.525199
              ],
              [
                -122.489571661336,
                47.5255466961315
              ],
              [
                -122.477129,
                47.532421
              ],
              [
                -122.477129,
                47.546059
              ],
              [
                -122.504462,
                47.551674
              ],
              [
                -122.511593,
                47.547664
              ],
              [
                -122.502085,
                47.528409
              ],
              [
                -122.490201,
                47.525199
              ]
            ]
          ],
          [
            [
              [
                -122.306629,
                48.004397
              ],
              [
                -122.303455,
                48.005603
              ],
              [
                -122.312935892073,
                48.0130637655022
              ],
              [
                -122.321721,
                48.019977
              ],
              [
                -122.328343,
                48.021335
              ],
              [
                -122.334524,
                48.018916
              ],
              [
                -122.326115,
                48.010295
              ],
              [
                -122.306629,
                48.004397
              ]
            ]
          ],
          [
            [
              [
                -122.72259,
                48.304268
              ],
              [
                -122.732022,
                48.279425
              ],
              [
                -122.747918469484,
                48.2644393987589
              ],
              [
                -122.752563,
                48.260061
              ],
              [
                -122.769939,
                48.227548
              ],
              [
                -122.770045,
                48.224395
              ],
              [
                -122.763042,
                48.215342
              ],
              [
                -122.744612,
                48.20965
              ],
              [
                -122.73503,
                48.199964
              ],
              [
                -122.715900274037,
                48.1947663944125
              ],
              [
                -122.711508,
                48.193573
              ],
              [
                -122.693084,
                48.181509
              ],
              [
                -122.686626,
                48.174653
              ],
              [
                -122.679556,
                48.155113
              ],
              [
                -122.677337,
                48.154587
              ],
              [
                -122.671235,
                48.157312
              ],
              [
                -122.65602,
                48.162513
              ],
              [
                -122.633167,
                48.163281
              ],
              [
                -122.617464,
                48.159055
              ],
              [
                -122.61210052789,
                48.1541676922709
              ],
              [
                -122.609568,
                48.15186
              ],
              [
                -122.602109,
                48.135249
              ],
              [
                -122.598301,
                48.110616
              ],
              [
                -122.607291,
                48.088034
              ],
              [
                -122.613217,
                48.079485
              ],
              [
                -122.614028,
                48.072788
              ],
              [
                -122.594922,
                48.056318
              ],
              [
                -122.593621,
                48.0472
              ],
              [
                -122.596786,
                48.038834
              ],
              [
                -122.607342,
                48.030992
              ],
              [
                -122.58178,
                48.010386
              ],
              [
                -122.579776126108,
                48.0100283561163
              ],
              [
                -122.562069674287,
                48.0068681751186
              ],
              [
                -122.560018,
                48.006502
              ],
              [
                -122.542924,
                47.996404
              ],
              [
                -122.541564,
                47.992998
              ],
              [
                -122.543063,
                47.985983
              ],
              [
                -122.551032,
                47.977346
              ],
              [
                -122.552053,
                47.973644
              ],
              [
                -122.546824,
                47.967215
              ],
              [
                -122.521219,
                47.972997
              ],
              [
                -122.51778,
                47.974916
              ],
              [
                -122.514813,
                47.981152
              ],
              [
                -122.501257,
                47.987089
              ],
              [
                -122.487505,
                47.990729
              ],
              [
                -122.47266,
                47.988449
              ],
              [
                -122.470370828737,
                47.9862201025516
              ],
              [
                -122.446682,
                47.963155
              ],
              [
                -122.44076,
                47.951845
              ],
              [
                -122.44079,
                47.946594
              ],
              [
                -122.445759,
                47.93619
              ],
              [
                -122.445519,
                47.930226
              ],
              [
                -122.431035,
                47.914732
              ],
              [
                -122.419274,
                47.912125
              ],
              [
                -122.397349,
                47.912401
              ],
              [
                -122.39042,
                47.905696
              ],
              [
                -122.380497,
                47.904023
              ],
              [
                -122.3773,
                47.905941
              ],
              [
                -122.37578,
                47.910252
              ],
              [
                -122.376837,
                47.923703
              ],
              [
                -122.367876,
                47.932415
              ],
              [
                -122.358812,
                47.93742
              ],
              [
                -122.350741,
                47.953235
              ],
              [
                -122.349597,
                47.958796
              ],
              [
                -122.350254,
                47.969355
              ],
              [
                -122.352833111175,
                47.9786342686231
              ],
              [
                -122.353611,
                47.981433
              ],
              [
                -122.369161,
                47.995295
              ],
              [
                -122.373263,
                48.000791
              ],
              [
                -122.376259,
                48.034457
              ],
              [
                -122.387382,
                48.03403
              ],
              [
                -122.400628,
                48.036563
              ],
              [
                -122.419865838791,
                48.0418612859104
              ],
              [
                -122.431266,
                48.045001
              ],
              [
                -122.448419,
                48.054323
              ],
              [
                -122.461606,
                48.068501
              ],
              [
                -122.491104,
                48.094242
              ],
              [
                -122.513276,
                48.097538
              ],
              [
                -122.525422,
                48.096537
              ],
              [
                -122.516906,
                48.081085
              ],
              [
                -122.511081,
                48.075301
              ],
              [
                -122.513994,
                48.059077
              ],
              [
                -122.509652,
                48.039756
              ],
              [
                -122.517971,
                48.022432
              ],
              [
                -122.529854235218,
                48.0186465065871
              ],
              [
                -122.537936,
                48.016072
              ],
              [
                -122.54512,
                48.05255
              ],
              [
                -122.554559,
                48.077392
              ],
              [
                -122.571853,
                48.102143
              ],
              [
                -122.571615,
                48.105113
              ],
              [
                -122.559911,
                48.114186
              ],
              [
                -122.558205,
                48.119579
              ],
              [
                -122.567936,
                48.148624
              ],
              [
                -122.573838312329,
                48.1545263123288
              ],
              [
                -122.574905,
                48.155593
              ],
              [
                -122.582595,
                48.170424
              ],
              [
                -122.585778,
                48.182352
              ],
              [
                -122.588138,
                48.18594
              ],
              [
                -122.606406,
                48.208262
              ],
              [
                -122.628352,
                48.222467
              ],
              [
                -122.63126,
                48.220686
              ],
              [
                -122.665318501069,
                48.2236959917039
              ],
              [
                -122.668385,
                48.223967
              ],
              [
                -122.710967,
                48.214109
              ],
              [
                -122.726179,
                48.222661
              ],
              [
                -122.721769,
                48.234407
              ],
              [
                -122.680875154949,
                48.2392363935621
              ],
              [
                -122.66921,
                48.240614
              ],
              [
                -122.65343,
                48.25934
              ],
              [
                -122.652639,
                48.265081
              ],
              [
                -122.648186181287,
                48.2657521629038
              ],
              [
                -122.637673006479,
                48.2673367890443
              ],
              [
                -122.623779,
                48.269431
              ],
              [
                -122.620748,
                48.282961
              ],
              [
                -122.626757,
                48.288991
              ],
              [
                -122.618466,
                48.294159
              ],
              [
                -122.599532,
                48.298303
              ],
              [
                -122.584086,
                48.297987
              ],
              [
                -122.574872,
                48.294903
              ],
              [
                -122.558332,
                48.282061
              ],
              [
                -122.555939273045,
                48.2818601119287
              ],
              [
                -122.551793,
                48.281512
              ],
              [
                -122.530976,
                48.282445
              ],
              [
                -122.522756,
                48.285504
              ],
              [
                -122.519535,
                48.288314
              ],
              [
                -122.505828,
                48.297677
              ],
              [
                -122.504729,
                48.300373
              ],
              [
                -122.506568,
                48.310041
              ],
              [
                -122.515979,
                48.320419
              ],
              [
                -122.551334,
                48.342138
              ],
              [
                -122.565525,
                48.348217
              ],
              [
                -122.585162,
                48.353304
              ],
              [
                -122.588891,
                48.363005
              ],
              [
                -122.588173601402,
                48.3689931277742
              ],
              [
                -122.585038,
                48.395166
              ],
              [
                -122.595351,
                48.3972
              ],
              [
                -122.596732,
                48.405626
              ],
              [
                -122.60198,
                48.409907
              ],
              [
                -122.609715,
                48.411565
              ],
              [
                -122.617174,
                48.407145
              ],
              [
                -122.624293,
                48.400488
              ],
              [
                -122.634991,
                48.404244
              ],
              [
                -122.644798,
                48.405488
              ],
              [
                -122.664659,
                48.401508
              ],
              [
                -122.664928,
                48.374823
              ],
              [
                -122.667100098015,
                48.3698535516279
              ],
              [
                -122.673731,
                48.354683
              ],
              [
                -122.694591795905,
                48.3300367822742
              ],
              [
                -122.707077,
                48.315286
              ],
              [
                -122.717332617575,
                48.3080020191814
              ],
              [
                -122.722427550827,
                48.3043833783916
              ],
              [
                -122.72259,
                48.304268
              ]
            ]
          ],
          [
            [
              [
                -122.642597,
                48.588339
              ],
              [
                -122.649405,
                48.588457
              ],
              [
                -122.652385,
                48.583432
              ],
              [
                -122.650786,
                48.554019
              ],
              [
                -122.653612,
                48.548975
              ],
              [
                -122.654342,
                48.537956
              ],
              [
                -122.652041,
                48.531329
              ],
              [
                -122.649256,
                48.528769
              ],
              [
                -122.640414,
                48.52586
              ],
              [
                -122.635738,
                48.526021
              ],
              [
                -122.619858,
                48.529246
              ],
              [
                -122.599948,
                48.536904
              ],
              [
                -122.590194,
                48.536259
              ],
              [
                -122.583565,
                48.53234
              ],
              [
                -122.572967,
                48.529028
              ],
              [
                -122.578856,
                48.54813
              ],
              [
                -122.583985,
                48.551534
              ],
              [
                -122.592901,
                48.553635
              ],
              [
                -122.610841,
                48.561146
              ],
              [
                -122.629321,
                48.5722
              ],
              [
                -122.642597,
                48.588339
              ]
            ]
          ],
          [
            [
              [
                -122.668947,
                48.706644
              ],
              [
                -122.695907,
                48.737273
              ],
              [
                -122.70306,
                48.743602
              ],
              [
                -122.715709,
                48.748672
              ],
              [
                -122.722262,
                48.731624
              ],
              [
                -122.721981,
                48.723375
              ],
              [
                -122.718833,
                48.716818
              ],
              [
                -122.702223,
                48.717004
              ],
              [
                -122.691795,
                48.711498
              ],
              [
                -122.673538,
                48.680809
              ],
              [
                -122.635299,
                48.651846
              ],
              [
                -122.616956,
                48.645563
              ],
              [
                -122.609576,
                48.645018
              ],
              [
                -122.618225,
                48.670721
              ],
              [
                -122.644901,
                48.691389
              ],
              [
                -122.663259,
                48.697077
              ],
              [
                -122.668947,
                48.706644
              ]
            ]
          ]
        ]
      }
    },
    {
      "type": "Feature",
      "id": "OR",
      "properties": {
        "boundary_version": "cascadia-field-maps-v1",
        "jurisdiction": "OR",
        "name": "Oregon",
        "country": "United States",
        "source_id": "us-census-2025-state-boundary",
        "purpose": "operational Field Maps coverage"
      },
      "geometry": {
        "type": "Polygon",
        "coordinates": [
          [
            [
              -124.552441,
              42.840568
            ],
            [
              -124.544179,
              42.822958
            ],
            [
              -124.536073,
              42.814175
            ],
            [
              -124.524439,
              42.789793
            ],
            [
              -124.516236,
              42.753632
            ],
            [
              -124.514669,
              42.736806
            ],
            [
              -124.513368,
              42.735068
            ],
            [
              -124.510017,
              42.734746
            ],
            [
              -124.499122,
              42.738606
            ],
            [
              -124.498473,
              42.741077
            ],
            [
              -124.491679,
              42.741789
            ],
            [
              -124.473864,
              42.732671
            ],
            [
              -124.448418,
              42.689909
            ],
            [
              -124.447487,
              42.68474
            ],
            [
              -124.447873851781,
              42.6840670501793
            ],
            [
              -124.451484,
              42.677787
            ],
            [
              -124.45074,
              42.675798
            ],
            [
              -124.416774,
              42.661594
            ],
            [
              -124.413119,
              42.657934
            ],
            [
              -124.401177,
              42.627192
            ],
            [
              -124.399421,
              42.618079
            ],
            [
              -124.400918,
              42.597518
            ],
            [
              -124.389977,
              42.574758
            ],
            [
              -124.390664,
              42.566593
            ],
            [
              -124.399065,
              42.539928
            ],
            [
              -124.421381,
              42.491737
            ],
            [
              -124.423084,
              42.478952
            ],
            [
              -124.422038,
              42.461226
            ],
            [
              -124.435105,
              42.440163
            ],
            [
              -124.434882,
              42.434916
            ],
            [
              -124.428607141673,
              42.4214868454672
            ],
            [
              -124.428068,
              42.420333
            ],
            [
              -124.424863,
              42.395426
            ],
            [
              -124.424066,
              42.377242
            ],
            [
              -124.425554,
              42.351874
            ],
            [
              -124.427222,
              42.33488
            ],
            [
              -124.429288,
              42.331746
            ],
            [
              -124.410556,
              42.307431
            ],
            [
              -124.405148,
              42.278107
            ],
            [
              -124.405190780526,
              42.2778843404527
            ],
            [
              -124.408514,
              42.260588
            ],
            [
              -124.411534,
              42.254115
            ],
            [
              -124.410982,
              42.250547
            ],
            [
              -124.383633,
              42.22716
            ],
            [
              -124.377762,
              42.218809
            ],
            [
              -124.375553,
              42.20882
            ],
            [
              -124.376215,
              42.196381
            ],
            [
              -124.374949,
              42.193129
            ],
            [
              -124.373175,
              42.190218
            ],
            [
              -124.367751,
              42.188321
            ],
            [
              -124.361009,
              42.180752
            ],
            [
              -124.360318,
              42.162272
            ],
            [
              -124.363389,
              42.158588
            ],
            [
              -124.366832,
              42.15845
            ],
            [
              -124.366028,
              42.152343
            ],
            [
              -124.361563,
              42.143767
            ],
            [
              -124.355696,
              42.141964
            ],
            [
              -124.351784,
              42.134965
            ],
            [
              -124.351535,
              42.129796
            ],
            [
              -124.357122,
              42.118016
            ],
            [
              -124.356229,
              42.114952
            ],
            [
              -124.34101,
              42.092929
            ],
            [
              -124.315484761696,
              42.0689856558849
            ],
            [
              -124.314289,
              42.067864
            ],
            [
              -124.299649,
              42.051736
            ],
            [
              -124.287374,
              42.046016
            ],
            [
              -124.270464,
              42.045553
            ],
            [
              -124.270094481163,
              42.0452927713962
            ],
            [
              -124.244806479042,
              42.0274840405993
            ],
            [
              -124.214213,
              42.005939
            ],
            [
              -124.211605,
              41.99846
            ],
            [
              -124.126194,
              41.996992
            ],
            [
              -124.100921,
              41.996956
            ],
            [
              -124.100216,
              41.996842
            ],
            [
              -124.087827,
              41.996891
            ],
            [
              -124.086661,
              41.996869
            ],
            [
              -124.001188,
              41.996146
            ],
            [
              -123.834208,
              41.996116
            ],
            [
              -123.822044941707,
              41.9955019259986
            ],
            [
              -123.821472,
              41.995473
            ],
            [
              -123.813992,
              41.995096
            ],
            [
              -123.789295,
              41.996111
            ],
            [
              -123.728156,
              41.997007
            ],
            [
              -123.656998,
              41.995137
            ],
            [
              -123.63161062145,
              41.9988147425467
            ],
            [
              -123.624554,
              41.999837
            ],
            [
              -123.55256,
              42.000246
            ],
            [
              -123.525245,
              42.001047
            ],
            [
              -123.517908161715,
              42.0008828931561
            ],
            [
              -123.501997,
              42.000527
            ],
            [
              -123.498896,
              42.000474
            ],
            [
              -123.49883,
              42.000525
            ],
            [
              -123.43477,
              42.001641
            ],
            [
              -123.381776,
              41.999268
            ],
            [
              -123.347562,
              41.999108
            ],
            [
              -123.231108455602,
              42.003830948971
            ],
            [
              -123.230762,
              42.003845
            ],
            [
              -123.192361,
              42.005446
            ],
            [
              -123.154908,
              42.008036
            ],
            [
              -123.145959,
              42.009247
            ],
            [
              -123.083956,
              42.005448
            ],
            [
              -123.065655,
              42.004948
            ],
            [
              -123.045254,
              42.003049
            ],
            [
              -122.961660854145,
              42.0030780318382
            ],
            [
              -122.941597,
              42.003085
            ],
            [
              -122.893961,
              42.002605
            ],
            [
              -122.876148,
              42.003247
            ],
            [
              -122.80008,
              42.004071
            ],
            [
              -122.712942,
              42.004157
            ],
            [
              -122.634739,
              42.004858
            ],
            [
              -122.615337061058,
              42.005381081525
            ],
            [
              -122.501135,
              42.00846
            ],
            [
              -122.397984,
              42.008758
            ],
            [
              -122.378193,
              42.009518
            ],
            [
              -122.368057980998,
              42.0093175080038
            ],
            [
              -122.289754518188,
              42.0077685007884
            ],
            [
              -122.289527,
              42.007764
            ],
            [
              -122.261127,
              42.007364
            ],
            [
              -122.186265308521,
              42.0075687840336
            ],
            [
              -122.161328,
              42.007637
            ],
            [
              -122.160438,
              42.007637
            ],
            [
              -122.156666,
              42.007384
            ],
            [
              -122.155408,
              42.007429
            ],
            [
              -122.101922,
              42.005766
            ],
            [
              -122.000319,
              42.003967
            ],
            [
              -121.846712,
              42.00307
            ],
            [
              -121.825072107869,
              42.00271770125
            ],
            [
              -121.708199,
              42.000815
            ],
            [
              -121.705045,
              42.000766
            ],
            [
              -121.689159,
              42.000584
            ],
            [
              -121.675348,
              42.000351
            ],
            [
              -121.599192863326,
              41.9989944692482
            ],
            [
              -121.580865,
              41.998668
            ],
            [
              -121.52025,
              41.997983
            ],
            [
              -121.519449202238,
              41.9979740327334
            ],
            [
              -121.447540152332,
              41.9971688011849
            ],
            [
              -121.43961,
              41.99708
            ],
            [
              -121.434977,
              41.997022
            ],
            [
              -121.376101,
              41.997026
            ],
            [
              -121.360253,
              41.99668
            ],
            [
              -121.340517,
              41.99622
            ],
            [
              -121.335734,
              41.996518
            ],
            [
              -121.334385,
              41.996655
            ],
            [
              -121.31649408118,
              41.9973565902848
            ],
            [
              -121.309981,
              41.997612
            ],
            [
              -121.251099,
              41.99757
            ],
            [
              -121.250322269799,
              41.9974549288591
            ],
            [
              -121.247616,
              41.997054
            ],
            [
              -121.126093,
              41.99601
            ],
            [
              -121.094926,
              41.994658
            ],
            [
              -121.035195,
              41.993323
            ],
            [
              -120.879924974291,
              41.9937796941429
            ],
            [
              -120.879481,
              41.993781
            ],
            [
              -120.812279,
              41.994183
            ],
            [
              -120.693941,
              41.993676
            ],
            [
              -120.692219,
              41.993677
            ],
            [
              -120.647173,
              41.993084
            ],
            [
              -120.501069,
              41.993785
            ],
            [
              -120.326005,
              41.993122
            ],
            [
              -120.286424,
              41.993058
            ],
            [
              -120.181563,
              41.994588
            ],
            [
              -120.159410160633,
              41.9946556225838
            ],
            [
              -120.15874235564,
              41.9946576610899
            ],
            [
              -120.001058,
              41.995139
            ],
            [
              -119.999168,
              41.99454
            ],
            [
              -119.999171,
              41.994836
            ],
            [
              -119.986889,
              41.996077
            ],
            [
              -119.886511,
              41.997473
            ],
            [
              -119.872336,
              41.997477
            ],
            [
              -119.848907,
              41.997281
            ],
            [
              -119.790087,
              41.997544
            ],
            [
              -119.72573,
              41.996296
            ],
            [
              -119.444598,
              41.995478
            ],
            [
              -119.360177,
              41.994384
            ],
            [
              -119.360121480893,
              41.9943837248054
            ],
            [
              -119.324182599298,
              41.9942055845967
            ],
            [
              -119.251033,
              41.993843
            ],
            [
              -119.231876,
              41.994212
            ],
            [
              -119.20828,
              41.993177
            ],
            [
              -119.001022,
              41.993793
            ],
            [
              -118.795612,
              41.992394
            ],
            [
              -118.777228,
              41.992671
            ],
            [
              -118.775869,
              41.992692
            ],
            [
              -118.696409,
              41.991794
            ],
            [
              -118.601806,
              41.993895
            ],
            [
              -118.501002,
              41.995446
            ],
            [
              -118.197369215928,
              41.9969940811635
            ],
            [
              -118.197189,
              41.996995
            ],
            [
              -117.873467,
              41.998335
            ],
            [
              -117.625973,
              41.998102
            ],
            [
              -117.623731,
              41.998467
            ],
            [
              -117.613207836252,
              41.9985364286855
            ],
            [
              -117.506681810353,
              41.9992392555284
            ],
            [
              -117.443062,
              41.999659
            ],
            [
              -117.403613,
              41.99929
            ],
            [
              -117.217551,
              41.999887
            ],
            [
              -117.197798,
              42.00038
            ],
            [
              -117.068613,
              42.000035
            ],
            [
              -117.055402,
              41.99989
            ],
            [
              -117.040906,
              41.99989
            ],
            [
              -117.026197,
              41.99989
            ],
            [
              -117.026098,
              42.117647
            ],
            [
              -117.02659,
              42.133258
            ],
            [
              -117.026195,
              42.166404
            ],
            [
              -117.026129,
              42.357193
            ],
            [
              -117.026551,
              42.378557
            ],
            [
              -117.026665,
              42.624878
            ],
            [
              -117.026331,
              42.807015
            ],
            [
              -117.026303,
              42.80717
            ],
            [
              -117.026253,
              42.807447
            ],
            [
              -117.026683,
              43.024876
            ],
            [
              -117.026652,
              43.025128
            ],
            [
              -117.026743821013,
              43.5647210211312
            ],
            [
              -117.026745350468,
              43.5737089790098
            ],
            [
              -117.026746,
              43.577526
            ],
            [
              -117.026774,
              43.578674
            ],
            [
              -117.026922,
              43.593632
            ],
            [
              -117.026889,
              43.596033
            ],
            [
              -117.026824,
              43.600357
            ],
            [
              -117.02676,
              43.601912
            ],
            [
              -117.026789,
              43.610669
            ],
            [
              -117.026937,
              43.617614
            ],
            [
              -117.027001,
              43.621032
            ],
            [
              -117.026905,
              43.62488
            ],
            [
              -117.026705,
              43.631659
            ],
            [
              -117.026661,
              43.664385
            ],
            [
              -117.026717,
              43.675523
            ],
            [
              -117.026624495654,
              43.6808035152354
            ],
            [
              -117.026586,
              43.683001
            ],
            [
              -117.026696659314,
              43.6937391205206
            ],
            [
              -117.026825,
              43.706193
            ],
            [
              -117.026725,
              43.714815
            ],
            [
              -117.026841,
              43.732905
            ],
            [
              -117.026651,
              43.733935
            ],
            [
              -117.026634,
              43.808104
            ],
            [
              -117.021884,
              43.818163
            ],
            [
              -117.023577,
              43.823811
            ],
            [
              -117.032881,
              43.830025
            ],
            [
              -117.029559,
              43.83906
            ],
            [
              -117.025156,
              43.841334
            ],
            [
              -117.018465,
              43.841344
            ],
            [
              -117.012831,
              43.840001
            ],
            [
              -117.009002,
              43.842323
            ],
            [
              -117.007697,
              43.846239
            ],
            [
              -117.010701,
              43.849754
            ],
            [
              -117.019444,
              43.852112
            ],
            [
              -117.022707,
              43.854396
            ],
            [
              -117.021986489634,
              43.8564127226422
            ],
            [
              -117.021075,
              43.858964
            ],
            [
              -117.01077,
              43.862269
            ],
            [
              -116.999061,
              43.864637
            ],
            [
              -116.997391,
              43.864874
            ],
            [
              -116.991415,
              43.863864
            ],
            [
              -116.989598,
              43.864301
            ],
            [
              -116.98294,
              43.86771
            ],
            [
              -116.982347,
              43.86884
            ],
            [
              -116.97967445865,
              43.8801286658834
            ],
            [
              -116.976024,
              43.895548
            ],
            [
              -116.976429,
              43.901293
            ],
            [
              -116.977332,
              43.905812
            ],
            [
              -116.97958,
              43.915253
            ],
            [
              -116.965828,
              43.917141
            ],
            [
              -116.960103,
              43.921229
            ],
            [
              -116.959993,
              43.93065
            ],
            [
              -116.967641,
              43.934792
            ],
            [
              -116.969004,
              43.939207
            ],
            [
              -116.96518,
              43.943741
            ],
            [
              -116.961482,
              43.952663
            ],
            [
              -116.961268,
              43.959192
            ],
            [
              -116.959808,
              43.963815
            ],
            [
              -116.959206,
              43.96636
            ],
            [
              -116.963552,
              43.968457
            ],
            [
              -116.969842,
              43.967588
            ],
            [
              -116.975856,
              43.973913
            ],
            [
              -116.968743,
              43.977477
            ],
            [
              -116.959871,
              43.982925
            ],
            [
              -116.938195,
              43.98459
            ],
            [
              -116.936384,
              43.991574
            ],
            [
              -116.943159,
              44.001536
            ],
            [
              -116.940674641596,
              44.0050608826146
            ],
            [
              -116.936765,
              44.010608
            ],
            [
              -116.934485,
              44.021249
            ],
            [
              -116.934727,
              44.023806
            ],
            [
              -116.937342,
              44.029376
            ],
            [
              -116.943361,
              44.035645
            ],
            [
              -116.955741432932,
              44.0426043694783
            ],
            [
              -116.956246,
              44.042888
            ],
            [
              -116.972045557891,
              44.0486051115188
            ],
            [
              -116.972504,
              44.048771
            ],
            [
              -116.973185,
              44.049425
            ],
            [
              -116.974016,
              44.053663
            ],
            [
              -116.976979427494,
              44.081832
            ],
            [
              -116.977351,
              44.085364
            ],
            [
              -116.974253,
              44.088295
            ],
            [
              -116.967203,
              44.090936
            ],
            [
              -116.957009,
              44.091743
            ],
            [
              -116.943132,
              44.09406
            ],
            [
              -116.940274509534,
              44.0956152473123
            ],
            [
              -116.937835,
              44.096943
            ],
            [
              -116.933704,
              44.100039
            ],
            [
              -116.928306,
              44.107326
            ],
            [
              -116.927688,
              44.109438
            ],
            [
              -116.897133010129,
              44.1525971517028
            ],
            [
              -116.895931,
              44.154295
            ],
            [
              -116.894309,
              44.158114
            ],
            [
              -116.894083,
              44.160191
            ],
            [
              -116.895757,
              44.171267
            ],
            [
              -116.900103,
              44.176851
            ],
            [
              -116.902752,
              44.179467
            ],
            [
              -116.925392,
              44.191544
            ],
            [
              -116.935443,
              44.193962
            ],
            [
              -116.940534,
              44.19371
            ],
            [
              -116.945256,
              44.191677
            ],
            [
              -116.947591,
              44.191264
            ],
            [
              -116.965498,
              44.194126
            ],
            [
              -116.967259,
              44.194581
            ],
            [
              -116.971675,
              44.197256
            ],
            [
              -116.973701,
              44.208017
            ],
            [
              -116.973945,
              44.225932
            ],
            [
              -116.971958,
              44.235677
            ],
            [
              -116.972828624351,
              44.2380420862255
            ],
            [
              -116.973542,
              44.23998
            ],
            [
              -116.975905,
              44.242844
            ],
            [
              -116.98687,
              44.245477
            ],
            [
              -117.001,
              44.245386
            ],
            [
              -117.016921,
              44.245391
            ],
            [
              -117.020231,
              44.246063
            ],
            [
              -117.025277,
              44.248505
            ],
            [
              -117.027558,
              44.248881
            ],
            [
              -117.031862,
              44.248635
            ],
            [
              -117.03585,
              44.246805
            ],
            [
              -117.042283,
              44.242775
            ],
            [
              -117.045513,
              44.232005
            ],
            [
              -117.047062,
              44.229742
            ],
            [
              -117.050057,
              44.22883
            ],
            [
              -117.05303,
              44.229076
            ],
            [
              -117.05651,
              44.230874
            ],
            [
              -117.059352,
              44.237244
            ],
            [
              -117.067284,
              44.24401
            ],
            [
              -117.07835,
              44.249885
            ],
            [
              -117.089503,
              44.258234
            ],
            [
              -117.090933,
              44.260311
            ],
            [
              -117.093578,
              44.269383
            ],
            [
              -117.09457,
              44.270978
            ],
            [
              -117.098531,
              44.275533
            ],
            [
              -117.102242,
              44.278799
            ],
            [
              -117.104208,
              44.27994
            ],
            [
              -117.107673,
              44.280763
            ],
            [
              -117.111617,
              44.280667
            ],
            [
              -117.118018,
              44.278945
            ],
            [
              -117.121037,
              44.277585
            ],
            [
              -117.130904,
              44.269453
            ],
            [
              -117.13253,
              44.267045
            ],
            [
              -117.133104,
              44.264236
            ],
            [
              -117.133984,
              44.262972
            ],
            [
              -117.138523,
              44.25937
            ],
            [
              -117.143394,
              44.258262
            ],
            [
              -117.15706,
              44.25749
            ],
            [
              -117.170342,
              44.25889
            ],
            [
              -117.193129,
              44.270963
            ],
            [
              -117.198147,
              44.273828
            ],
            [
              -117.216974,
              44.288357
            ],
            [
              -117.222647,
              44.297578
            ],
            [
              -117.222451,
              44.298963
            ],
            [
              -117.220069,
              44.301382
            ],
            [
              -117.220060553639,
              44.3014040000001
            ],
            [
              -117.217843,
              44.30718
            ],
            [
              -117.216795,
              44.308236
            ],
            [
              -117.21521,
              44.309116
            ],
            [
              -117.2055,
              44.311789
            ],
            [
              -117.203323,
              44.313024
            ],
            [
              -117.192203,
              44.32863
            ],
            [
              -117.191546,
              44.329621
            ],
            [
              -117.189842,
              44.335007
            ],
            [
              -117.189769,
              44.336585
            ],
            [
              -117.196149,
              44.346362
            ],
            [
              -117.197339,
              44.347406
            ],
            [
              -117.206962,
              44.355206
            ],
            [
              -117.210587,
              44.357703
            ],
            [
              -117.216911,
              44.360163
            ],
            [
              -117.227938,
              44.367975
            ],
            [
              -117.235117,
              44.373853
            ],
            [
              -117.243027,
              44.390974
            ],
            [
              -117.242675,
              44.396548
            ],
            [
              -117.234835,
              44.399669
            ],
            [
              -117.22698,
              44.405583
            ],
            [
              -117.225461,
              44.407729
            ],
            [
              -117.218285,
              44.420664
            ],
            [
              -117.215072,
              44.427162
            ],
            [
              -117.214637,
              44.44803
            ],
            [
              -117.215573,
              44.453746
            ],
            [
              -117.217015,
              44.459042
            ],
            [
              -117.221548,
              44.470146
            ],
            [
              -117.224445,
              44.473884
            ],
            [
              -117.225758,
              44.477223
            ],
            [
              -117.225932,
              44.479389
            ],
            [
              -117.225076,
              44.482346
            ],
            [
              -117.224104,
              44.483734
            ],
            [
              -117.221479026379,
              44.4845576143306
            ],
            [
              -117.216372,
              44.48616
            ],
            [
              -117.211148,
              44.485359
            ],
            [
              -117.208936,
              44.485661
            ],
            [
              -117.200237,
              44.492027
            ],
            [
              -117.194317,
              44.499884
            ],
            [
              -117.192494,
              44.503272
            ],
            [
              -117.191329,
              44.506784
            ],
            [
              -117.19163,
              44.509886
            ],
            [
              -117.189759,
              44.513385
            ],
            [
              -117.185386,
              44.519261
            ],
            [
              -117.181583,
              44.52296
            ],
            [
              -117.167187,
              44.523431
            ],
            [
              -117.161033,
              44.525166
            ],
            [
              -117.152406,
              44.531802
            ],
            [
              -117.149242,
              44.536151
            ],
            [
              -117.144161,
              44.545647
            ],
            [
              -117.14293,
              44.557236
            ],
            [
              -117.147934,
              44.562143
            ],
            [
              -117.148255,
              44.564371
            ],
            [
              -117.146032,
              44.568603
            ],
            [
              -117.14248,
              44.57143
            ],
            [
              -117.138066,
              44.572996
            ],
            [
              -117.133963,
              44.57524
            ],
            [
              -117.126009,
              44.581553
            ],
            [
              -117.124754,
              44.583834
            ],
            [
              -117.125267,
              44.593818
            ],
            [
              -117.120522,
              44.614658
            ],
            [
              -117.117809,
              44.620139
            ],
            [
              -117.114754,
              44.624883
            ],
            [
              -117.108231,
              44.62711
            ],
            [
              -117.098221,
              44.640689
            ],
            [
              -117.094968,
              44.652011
            ],
            [
              -117.096791,
              44.657385
            ],
            [
              -117.095868,
              44.664737
            ],
            [
              -117.091223,
              44.668807
            ],
            [
              -117.081235246865,
              44.6834804247092
            ],
            [
              -117.080772,
              44.684161
            ],
            [
              -117.080555,
              44.686714
            ],
            [
              -117.07912,
              44.692175
            ],
            [
              -117.072221,
              44.700517
            ],
            [
              -117.063824,
              44.703623
            ],
            [
              -117.061799,
              44.706654
            ],
            [
              -117.060454,
              44.721668
            ],
            [
              -117.062273,
              44.727143
            ],
            [
              -117.044217,
              44.74514
            ],
            [
              -117.03827,
              44.748179
            ],
            [
              -117.013802,
              44.756841
            ],
            [
              -117.006045,
              44.756024
            ],
            [
              -116.998903,
              44.756382
            ],
            [
              -116.992003,
              44.759182
            ],
            [
              -116.986502,
              44.762381
            ],
            [
              -116.977802,
              44.767981
            ],
            [
              -116.972902,
              44.772581
            ],
            [
              -116.970902,
              44.773881
            ],
            [
              -116.966801,
              44.775181
            ],
            [
              -116.949001,
              44.777981
            ],
            [
              -116.9368,
              44.782881
            ],
            [
              -116.9347,
              44.783881
            ],
            [
              -116.9318,
              44.787181
            ],
            [
              -116.9307,
              44.789881
            ],
            [
              -116.9308,
              44.790981
            ],
            [
              -116.933099,
              44.794481
            ],
            [
              -116.933799,
              44.796781
            ],
            [
              -116.933699,
              44.798781
            ],
            [
              -116.931099,
              44.804781
            ],
            [
              -116.928099,
              44.808381
            ],
            [
              -116.920498,
              44.81438
            ],
            [
              -116.905771,
              44.834794
            ],
            [
              -116.901028451124,
              44.8415357708036
            ],
            [
              -116.896249,
              44.84833
            ],
            [
              -116.883598,
              44.858268
            ],
            [
              -116.865338,
              44.870599
            ],
            [
              -116.857038,
              44.880769
            ],
            [
              -116.852427,
              44.887577
            ],
            [
              -116.850512,
              44.893523
            ],
            [
              -116.846061,
              44.905249
            ],
            [
              -116.842108,
              44.914922
            ],
            [
              -116.838467,
              44.923601
            ],
            [
              -116.833632,
              44.928976
            ],
            [
              -116.832176,
              44.931373
            ],
            [
              -116.83199,
              44.933007
            ],
            [
              -116.835702,
              44.940633
            ],
            [
              -116.846461,
              44.951521
            ],
            [
              -116.850737,
              44.958113
            ],
            [
              -116.851406,
              44.959841
            ],
            [
              -116.858313,
              44.978761
            ],
            [
              -116.856754,
              44.984298
            ],
            [
              -116.846103,
              44.999878
            ],
            [
              -116.844625,
              45.001435
            ],
            [
              -116.844796,
              45.015312
            ],
            [
              -116.845847,
              45.01847
            ],
            [
              -116.848037,
              45.021728
            ],
            [
              -116.847944,
              45.022602
            ],
            [
              -116.841314,
              45.030907
            ],
            [
              -116.830115,
              45.035317
            ],
            [
              -116.825133,
              45.03784
            ],
            [
              -116.808576,
              45.050652
            ],
            [
              -116.797329,
              45.060267
            ],
            [
              -116.78371,
              45.076972
            ],
            [
              -116.783771926572,
              45.078265731912
            ],
            [
              -116.784244,
              45.088128
            ],
            [
              -116.783537,
              45.093605
            ],
            [
              -116.782492,
              45.09579
            ],
            [
              -116.774847,
              45.105536
            ],
            [
              -116.754643,
              45.113972
            ],
            [
              -116.731216,
              45.139934
            ],
            [
              -116.729607,
              45.142091
            ],
            [
              -116.728757,
              45.144381
            ],
            [
              -116.724188,
              45.162924
            ],
            [
              -116.724205,
              45.171501
            ],
            [
              -116.709536,
              45.203015
            ],
            [
              -116.708546,
              45.207356
            ],
            [
              -116.70975,
              45.217243
            ],
            [
              -116.709373,
              45.219463
            ],
            [
              -116.703607,
              45.239757
            ],
            [
              -116.696047,
              45.254679
            ],
            [
              -116.691388,
              45.263739
            ],
            [
              -116.687213119705,
              45.2676812511014
            ],
            [
              -116.687027,
              45.267857
            ],
            [
              -116.681013,
              45.27072
            ],
            [
              -116.675587,
              45.274867
            ],
            [
              -116.674493,
              45.276349
            ],
            [
              -116.672733,
              45.283183
            ],
            [
              -116.672163,
              45.288938
            ],
            [
              -116.672594,
              45.298023
            ],
            [
              -116.674648,
              45.314342
            ],
            [
              -116.673793,
              45.321511
            ],
            [
              -116.653252,
              45.351084
            ],
            [
              -116.626633,
              45.388037
            ],
            [
              -116.619057,
              45.39821
            ],
            [
              -116.597447,
              45.41277
            ],
            [
              -116.592416,
              45.427356
            ],
            [
              -116.588195,
              45.44292
            ],
            [
              -116.581382,
              45.448984
            ],
            [
              -116.575949,
              45.452522
            ],
            [
              -116.563985,
              45.460169
            ],
            [
              -116.561744,
              45.461213
            ],
            [
              -116.554829,
              45.46293
            ],
            [
              -116.55498,
              45.472801
            ],
            [
              -116.558803,
              45.480076
            ],
            [
              -116.558804,
              45.481188
            ],
            [
              -116.553473,
              45.499107
            ],
            [
              -116.548676,
              45.510385
            ],
            [
              -116.543837,
              45.514193
            ],
            [
              -116.535482,
              45.525079
            ],
            [
              -116.523638,
              45.54661
            ],
            [
              -116.502756,
              45.566608
            ],
            [
              -116.490279,
              45.574499
            ],
            [
              -116.48297,
              45.577008
            ],
            [
              -116.481943,
              45.577898
            ],
            [
              -116.463635,
              45.602785
            ],
            [
              -116.463504,
              45.615785
            ],
            [
              -116.46517,
              45.617986
            ],
            [
              -116.469813,
              45.620604
            ],
            [
              -116.472882,
              45.624884
            ],
            [
              -116.477452,
              45.631267
            ],
            [
              -116.480575691331,
              45.6366242885834
            ],
            [
              -116.482495,
              45.639916
            ],
            [
              -116.487894,
              45.649769
            ],
            [
              -116.49451,
              45.655679
            ],
            [
              -116.512326,
              45.670224
            ],
            [
              -116.523961,
              45.677639
            ],
            [
              -116.528272,
              45.681473
            ],
            [
              -116.535396,
              45.691734
            ],
            [
              -116.536395,
              45.69665
            ],
            [
              -116.538014,
              45.714929
            ],
            [
              -116.535698,
              45.734231
            ],
            [
              -116.537173,
              45.737288
            ],
            [
              -116.543862684798,
              45.7469544885719
            ],
            [
              -116.546643,
              45.750972
            ],
            [
              -116.549085,
              45.752735
            ],
            [
              -116.553548,
              45.753388
            ],
            [
              -116.559444,
              45.755189
            ],
            [
              -116.577422,
              45.76753
            ],
            [
              -116.593004,
              45.778541
            ],
            [
              -116.60504,
              45.781018
            ],
            [
              -116.632032,
              45.784979
            ],
            [
              -116.635814,
              45.783642
            ],
            [
              -116.639641,
              45.781274
            ],
            [
              -116.646342,
              45.779815
            ],
            [
              -116.659629,
              45.780016
            ],
            [
              -116.665344,
              45.781998
            ],
            [
              -116.680139,
              45.79359
            ],
            [
              -116.687007,
              45.806319
            ],
            [
              -116.697192,
              45.820135
            ],
            [
              -116.698079,
              45.820852
            ],
            [
              -116.70845,
              45.825117
            ],
            [
              -116.711822,
              45.826267
            ],
            [
              -116.715527,
              45.826773
            ],
            [
              -116.736268,
              45.826179
            ],
            [
              -116.740486,
              45.82446
            ],
            [
              -116.745219,
              45.821394
            ],
            [
              -116.750978,
              45.818537
            ],
            [
              -116.755288,
              45.817061
            ],
            [
              -116.759787,
              45.816167
            ],
            [
              -116.7634,
              45.81658
            ],
            [
              -116.782676,
              45.825376
            ],
            [
              -116.788329,
              45.831928
            ],
            [
              -116.789066,
              45.833471
            ],
            [
              -116.788923,
              45.836741
            ],
            [
              -116.78752,
              45.840204
            ],
            [
              -116.787792,
              45.844267
            ],
            [
              -116.790151,
              45.849851
            ],
            [
              -116.794454975327,
              45.8561406398762
            ],
            [
              -116.796051,
              45.858473
            ],
            [
              -116.814142,
              45.877551
            ],
            [
              -116.819182,
              45.880938
            ],
            [
              -116.830003,
              45.886405
            ],
            [
              -116.84355,
              45.892273
            ],
            [
              -116.857254,
              45.904159
            ],
            [
              -116.859795,
              45.907264
            ],
            [
              -116.866544,
              45.916958
            ],
            [
              -116.869655,
              45.923799
            ],
            [
              -116.875706,
              45.945008
            ],
            [
              -116.886843,
              45.958617
            ],
            [
              -116.892935,
              45.974396
            ],
            [
              -116.911409,
              45.988912
            ],
            [
              -116.915989,
              45.995413
            ],
            [
              -116.940681,
              45.996274
            ],
            [
              -116.985882,
              45.996974
            ],
            [
              -117.051304,
              45.996849
            ],
            [
              -117.070047,
              45.99751
            ],
            [
              -117.090186778506,
              45.9976245645994
            ],
            [
              -117.212616,
              45.998321
            ],
            [
              -117.214534,
              45.99832
            ],
            [
              -117.216731,
              45.998356
            ],
            [
              -117.337668,
              45.998662
            ],
            [
              -117.353928,
              45.996349
            ],
            [
              -117.390738,
              45.998598
            ],
            [
              -117.439943,
              45.998633
            ],
            [
              -117.475148,
              45.997893
            ],
            [
              -117.47536,
              45.997855
            ],
            [
              -117.479935132756,
              45.9978694691105
            ],
            [
              -117.480103,
              45.99787
            ],
            [
              -117.504833,
              45.998317
            ],
            [
              -117.603163,
              45.998887
            ],
            [
              -117.60342451872,
              45.9988892323573
            ],
            [
              -117.717852,
              45.999866
            ],
            [
              -117.977663335055,
              46.0007234754428
            ],
            [
              -117.996911,
              46.000787
            ],
            [
              -117.99694971271,
              46.0007868487855
            ],
            [
              -118.126197,
              46.000282
            ],
            [
              -118.131019,
              46.00028
            ],
            [
              -118.146028,
              46.000701
            ],
            [
              -118.228941,
              46.000421
            ],
            [
              -118.236584,
              46.000418
            ],
            [
              -118.23666752911,
              46.0004182147682
            ],
            [
              -118.25253,
              46.000459
            ],
            [
              -118.256368,
              46.000439
            ],
            [
              -118.283526,
              46.000787
            ],
            [
              -118.314982,
              46.000453
            ],
            [
              -118.36779,
              46.000622
            ],
            [
              -118.37836,
              46.000574
            ],
            [
              -118.387293095034,
              46.0005796075968
            ],
            [
              -118.403817114887,
              46.0005899802661
            ],
            [
              -118.424027212824,
              46.0006026668075
            ],
            [
              -118.470756,
              46.000632
            ],
            [
              -118.497027,
              46.00062
            ],
            [
              -118.537119,
              46.00084
            ],
            [
              -118.569392,
              46.000773
            ],
            [
              -118.57571,
              46.000718
            ],
            [
              -118.579906,
              46.000818
            ],
            [
              -118.637725,
              46.00097
            ],
            [
              -118.639332,
              46.000994
            ],
            [
              -118.658717,
              46.000955
            ],
            [
              -118.67787,
              46.000935
            ],
            [
              -118.785765634062,
              46.0007871090932
            ],
            [
              -118.788694725992,
              46.0007830942314
            ],
            [
              -118.941242,
              46.000574
            ],
            [
              -118.987129,
              45.999855
            ],
            [
              -118.987196090377,
              45.9997905520367
            ],
            [
              -119.008558,
              45.97927
            ],
            [
              -119.027056,
              45.969134
            ],
            [
              -119.061462,
              45.958527
            ],
            [
              -119.093221,
              45.942745
            ],
            [
              -119.12612,
              45.932859
            ],
            [
              -119.141390171444,
              45.9310086675325
            ],
            [
              -119.169496,
              45.927603
            ],
            [
              -119.19553,
              45.92787
            ],
            [
              -119.225745,
              45.932725
            ],
            [
              -119.25715,
              45.939926
            ],
            [
              -119.312779611952,
              45.9341867678607
            ],
            [
              -119.322509,
              45.933183
            ],
            [
              -119.364396,
              45.921605
            ],
            [
              -119.432149953782,
              45.918250445405
            ],
            [
              -119.450256,
              45.917354
            ],
            [
              -119.487829,
              45.906307
            ],
            [
              -119.524632,
              45.908605
            ],
            [
              -119.571584,
              45.925456
            ],
            [
              -119.600549,
              45.919581
            ],
            [
              -119.623393,
              45.905639
            ],
            [
              -119.669877,
              45.856867
            ],
            [
              -119.672199870904,
              45.8566125323665
            ],
            [
              -119.772927,
              45.845578
            ],
            [
              -119.802655,
              45.84753
            ],
            [
              -119.868135,
              45.835962
            ],
            [
              -119.868272037091,
              45.8359407146783
            ],
            [
              -119.876144,
              45.834718
            ],
            [
              -119.907461,
              45.828135
            ],
            [
              -119.965744,
              45.824365
            ],
            [
              -119.999501176112,
              45.8124817188485
            ],
            [
              -120.001148,
              45.811902
            ],
            [
              -120.07015,
              45.785152
            ],
            [
              -120.141352,
              45.773152
            ],
            [
              -120.170453,
              45.761951
            ],
            [
              -120.210754,
              45.725951
            ],
            [
              -120.282156,
              45.72125
            ],
            [
              -120.288656,
              45.72015
            ],
            [
              -120.329057,
              45.71105
            ],
            [
              -120.40396,
              45.699249
            ],
            [
              -120.482362,
              45.694449
            ],
            [
              -120.505863,
              45.700048
            ],
            [
              -120.521964,
              45.709848
            ],
            [
              -120.553317424253,
              45.7336759670199
            ],
            [
              -120.559465,
              45.738348
            ],
            [
              -120.591166,
              45.746547
            ],
            [
              -120.634968,
              45.745847
            ],
            [
              -120.6535343441,
              45.7372486812962
            ],
            [
              -120.668869,
              45.730147
            ],
            [
              -120.68937,
              45.715847
            ],
            [
              -120.724171,
              45.706446
            ],
            [
              -120.788872,
              45.686246
            ],
            [
              -120.836141479114,
              45.6758434879127
            ],
            [
              -120.855674,
              45.671545
            ],
            [
              -120.870042,
              45.661242
            ],
            [
              -120.895575,
              45.642945
            ],
            [
              -120.913476,
              45.640045
            ],
            [
              -120.915795173154,
              45.641301218792
            ],
            [
              -120.915876,
              45.641345
            ],
            [
              -120.943977,
              45.656445
            ],
            [
              -120.953077,
              45.656745
            ],
            [
              -120.977978,
              45.649345
            ],
            [
              -120.983478,
              45.648344
            ],
            [
              -121.007449,
              45.653217
            ],
            [
              -121.033582,
              45.650998
            ],
            [
              -121.06437,
              45.652549
            ],
            [
              -121.084933,
              45.647893
            ],
            [
              -121.120064,
              45.623134
            ],
            [
              -121.117052,
              45.618117
            ],
            [
              -121.1222,
              45.616067
            ],
            [
              -121.123793795051,
              45.6150366628937
            ],
            [
              -121.131953,
              45.609762
            ],
            [
              -121.139483,
              45.611962
            ],
            [
              -121.145534,
              45.607886
            ],
            [
              -121.167852,
              45.606098
            ],
            [
              -121.170474994227,
              45.6061542691238
            ],
            [
              -121.183841,
              45.606441
            ],
            [
              -121.1844509373,
              45.6069325955528
            ],
            [
              -121.196556,
              45.616689
            ],
            [
              -121.196149220098,
              45.6206319670926
            ],
            [
              -121.195233,
              45.629513
            ],
            [
              -121.196631142901,
              45.6350456589765
            ],
            [
              -121.200367,
              45.649829
            ],
            [
              -121.215779,
              45.671238
            ],
            [
              -121.251183,
              45.67839
            ],
            [
              -121.287323,
              45.687019
            ],
            [
              -121.312198,
              45.699925
            ],
            [
              -121.33777,
              45.704949
            ],
            [
              -121.351267011354,
              45.7042362225357
            ],
            [
              -121.372574,
              45.703111
            ],
            [
              -121.401739,
              45.692887
            ],
            [
              -121.423592,
              45.69399
            ],
            [
              -121.441224595532,
              45.6973034385521
            ],
            [
              -121.462849,
              45.701367
            ],
            [
              -121.483672986716,
              45.7125401610082
            ],
            [
              -121.494687797672,
              45.7184501847691
            ],
            [
              -121.499153,
              45.720846
            ],
            [
              -121.522392,
              45.724677
            ],
            [
              -121.523685853632,
              45.7249021020319
            ],
            [
              -121.533106,
              45.726541
            ],
            [
              -121.562727136099,
              45.7199305336332
            ],
            [
              -121.631167,
              45.704657
            ],
            [
              -121.638119011462,
              45.7047364355389
            ],
            [
              -121.668362,
              45.705082
            ],
            [
              -121.707358,
              45.694809
            ],
            [
              -121.735104,
              45.694039
            ],
            [
              -121.811304,
              45.706761
            ],
            [
              -121.838112759325,
              45.7002900029046
            ],
            [
              -121.858205244407,
              45.6954401547252
            ],
            [
              -121.867167,
              45.693277
            ],
            [
              -121.901855,
              45.670716
            ],
            [
              -121.900897392331,
              45.662353021086
            ],
            [
              -121.900858,
              45.662009
            ],
            [
              -121.908267,
              45.654399
            ],
            [
              -121.922028852172,
              45.6491618990508
            ],
            [
              -121.935149,
              45.644169
            ],
            [
              -121.951838,
              45.644951
            ],
            [
              -121.955734,
              45.643559
            ],
            [
              -121.963547,
              45.632784
            ],
            [
              -121.979797,
              45.624839
            ],
            [
              -121.983038,
              45.622812
            ],
            [
              -122.00369,
              45.61593
            ],
            [
              -122.022571,
              45.615151
            ],
            [
              -122.044374,
              45.609516
            ],
            [
              -122.101675,
              45.583516
            ],
            [
              -122.112356,
              45.581409
            ],
            [
              -122.126197,
              45.582617
            ],
            [
              -122.126197,
              45.582573
            ],
            [
              -122.12949,
              45.582967
            ],
            [
              -122.129548,
              45.582945
            ],
            [
              -122.14075,
              45.584508
            ],
            [
              -122.183695,
              45.577696
            ],
            [
              -122.2017,
              45.564141
            ],
            [
              -122.248911947664,
              45.5477731000169
            ],
            [
              -122.248993,
              45.547745
            ],
            [
              -122.262625,
              45.544321
            ],
            [
              -122.266701,
              45.543841
            ],
            [
              -122.294901,
              45.543541
            ],
            [
              -122.331502,
              45.548241
            ],
            [
              -122.352802,
              45.569441
            ],
            [
              -122.372189242991,
              45.5740234392524
            ],
            [
              -122.380302,
              45.575941
            ],
            [
              -122.391802,
              45.574541
            ],
            [
              -122.397100512625,
              45.5726047893983
            ],
            [
              -122.401222955157,
              45.5710983445711
            ],
            [
              -122.410706,
              45.567633
            ],
            [
              -122.438674,
              45.563585
            ],
            [
              -122.453891,
              45.567313
            ],
            [
              -122.470983433001,
              45.5763596113033
            ],
            [
              -122.474659,
              45.578305
            ],
            [
              -122.479315,
              45.579761
            ],
            [
              -122.492259,
              45.583281
            ],
            [
              -122.505353096256,
              45.5859286680353
            ],
            [
              -122.523668,
              45.589632
            ],
            [
              -122.545981397444,
              45.5961361625816
            ],
            [
              -122.548149,
              45.596768
            ],
            [
              -122.549955276927,
              45.5971575305686
            ],
            [
              -122.581406,
              45.60394
            ],
            [
              -122.582325993186,
              45.6041005214526
            ],
            [
              -122.586005557515,
              45.6047425360023
            ],
            [
              -122.602606,
              45.607639
            ],
            [
              -122.607718206328,
              45.6078989364008
            ],
            [
              -122.643907,
              45.609739
            ],
            [
              -122.675008,
              45.618039
            ],
            [
              -122.675093773773,
              45.6180749177675
            ],
            [
              -122.691008,
              45.624739
            ],
            [
              -122.6911850902,
              45.6248398415968
            ],
            [
              -122.713309,
              45.637438
            ],
            [
              -122.738109,
              45.644138
            ],
            [
              -122.762414110309,
              45.6564319354118
            ],
            [
              -122.76381,
              45.657138
            ],
            [
              -122.774511,
              45.680437
            ],
            [
              -122.772511,
              45.699637
            ],
            [
              -122.762189526428,
              45.7285767375573
            ],
            [
              -122.760108,
              45.734413
            ],
            [
              -122.761451,
              45.759163
            ],
            [
              -122.769532,
              45.780583
            ],
            [
              -122.77064606136,
              45.7818399456152
            ],
            [
              -122.778983853061,
              45.7912471031523
            ],
            [
              -122.795605,
              45.81
            ],
            [
              -122.795963,
              45.825024
            ],
            [
              -122.785696,
              45.844216
            ],
            [
              -122.785515,
              45.850536
            ],
            [
              -122.785299579417,
              45.8580968659956
            ],
            [
              -122.785026,
              45.867699
            ],
            [
              -122.794675095838,
              45.8799839644211
            ],
            [
              -122.798091,
              45.884333
            ],
            [
              -122.81151,
              45.912725
            ],
            [
              -122.811204257205,
              45.9138572891451
            ],
            [
              -122.806193,
              45.932416
            ],
            [
              -122.812215297032,
              45.9544589188485
            ],
            [
              -122.813998,
              45.960984
            ],
            [
              -122.833420843631,
              45.9772814418892
            ],
            [
              -122.837638,
              45.98082
            ],
            [
              -122.856158,
              46.014469
            ],
            [
              -122.87766154657,
              46.0309510655119
            ],
            [
              -122.878092,
              46.031281
            ],
            [
              -122.881327583221,
              46.0459738715663
            ],
            [
              -122.884478,
              46.06028
            ],
            [
              -122.904119,
              46.083734
            ],
            [
              -122.962681,
              46.104817
            ],
            [
              -123.004233,
              46.133823
            ],
            [
              -123.009436,
              46.136043
            ],
            [
              -123.022147,
              46.13911
            ],
            [
              -123.022885224802,
              46.1394405031111
            ],
            [
              -123.03382,
              46.144336
            ],
            [
              -123.041297,
              46.146351
            ],
            [
              -123.051064,
              46.153599
            ],
            [
              -123.105021,
              46.177676
            ],
            [
              -123.115904,
              46.185268
            ],
            [
              -123.166414,
              46.188973
            ],
            [
              -123.213054,
              46.172541
            ],
            [
              -123.231196,
              46.16615
            ],
            [
              -123.251233,
              46.156452
            ],
            [
              -123.280166,
              46.144843
            ],
            [
              -123.301034,
              46.144632
            ],
            [
              -123.332335,
              46.146132
            ],
            [
              -123.363743137687,
              46.1463247963846
            ],
            [
              -123.371433,
              46.146372
            ],
            [
              -123.430847,
              46.181827
            ],
            [
              -123.427629,
              46.229348
            ],
            [
              -123.447592,
              46.249832
            ],
            [
              -123.468743,
              46.264531
            ],
            [
              -123.474844,
              46.267831
            ],
            [
              -123.479644,
              46.269131
            ],
            [
              -123.501245,
              46.271004
            ],
            [
              -123.516188,
              46.266153
            ],
            [
              -123.526391,
              46.263404
            ],
            [
              -123.538092,
              46.26061
            ],
            [
              -123.547659,
              46.259109
            ],
            [
              -123.548194,
              46.248245
            ],
            [
              -123.586205,
              46.228654
            ],
            [
              -123.60196,
              46.224749
            ],
            [
              -123.619512,
              46.21531
            ],
            [
              -123.626436257279,
              46.2141565865164
            ],
            [
              -123.632347,
              46.213172
            ],
            [
              -123.644231,
              46.213172
            ],
            [
              -123.660868,
              46.216296
            ],
            [
              -123.666751,
              46.218228
            ],
            [
              -123.673831,
              46.215418
            ],
            [
              -123.67538,
              46.212401
            ],
            [
              -123.674178,
              46.198203
            ],
            [
              -123.69343,
              46.189812
            ],
            [
              -123.718149,
              46.188989
            ],
            [
              -123.727791,
              46.196562
            ],
            [
              -123.735733,
              46.201257
            ],
            [
              -123.74577,
              46.204791
            ],
            [
              -123.75046789737,
              46.20805436724
            ],
            [
              -123.757589,
              46.213001
            ],
            [
              -123.763308,
              46.211033
            ],
            [
              -123.766873,
              46.206263
            ],
            [
              -123.771875,
              46.20344
            ],
            [
              -123.783204,
              46.19854
            ],
            [
              -123.793936,
              46.196283
            ],
            [
              -123.821834,
              46.190293
            ],
            [
              -123.824412679777,
              46.1905845016097
            ],
            [
              -123.838801,
              46.192211
            ],
            [
              -123.849674368202,
              46.1910623806575
            ],
            [
              -123.864209,
              46.189527
            ],
            [
              -123.866643,
              46.187674
            ],
            [
              -123.863347,
              46.18235
            ],
            [
              -123.841521,
              46.169824
            ],
            [
              -123.841791380074,
              46.1679315430804
            ],
            [
              -123.842849,
              46.160529
            ],
            [
              -123.854801,
              46.157342
            ],
            [
              -123.859049359637,
              46.158210236973
            ],
            [
              -123.891186,
              46.164778
            ],
            [
              -123.9042,
              46.169293
            ],
            [
              -123.912405,
              46.17945
            ],
            [
              -123.927038,
              46.191617
            ],
            [
              -123.950148,
              46.204097
            ],
            [
              -123.972942,
              46.212678
            ],
            [
              -123.988866,
              46.22715
            ],
            [
              -123.998052,
              46.235327
            ],
            [
              -124.001998,
              46.237316
            ],
            [
              -124.011355,
              46.236223
            ],
            [
              -124.024305,
              46.229256
            ],
            [
              -124.010344,
              46.223514
            ],
            [
              -123.996766,
              46.20399
            ],
            [
              -123.974124,
              46.168798
            ],
            [
              -123.961625301618,
              46.1460979734688
            ],
            [
              -123.95919,
              46.141675
            ],
            [
              -123.947531,
              46.116131
            ],
            [
              -123.933366,
              46.071672
            ],
            [
              -123.929984556436,
              46.0467937578809
            ],
            [
              -123.92933,
              46.041978
            ],
            [
              -123.927931398902,
              46.010474
            ],
            [
              -123.927891,
              46.009564
            ],
            [
              -123.936417224235,
              45.9808542983963
            ],
            [
              -123.937471,
              45.977306
            ],
            [
              -123.941831,
              45.97566
            ],
            [
              -123.957438,
              45.974469
            ],
            [
              -123.969991,
              45.969139
            ],
            [
              -123.979290493554,
              45.9602332603063
            ],
            [
              -123.982914188775,
              45.9567629975246
            ],
            [
              -123.993703,
              45.946431
            ],
            [
              -123.99304,
              45.938842
            ],
            [
              -123.979501,
              45.930389
            ],
            [
              -123.96763,
              45.907807
            ],
            [
              -123.962736,
              45.869974
            ],
            [
              -123.961544,
              45.837101
            ],
            [
              -123.969353861959,
              45.783098
            ],
            [
              -123.969459,
              45.782371
            ],
            [
              -123.981864,
              45.768285
            ],
            [
              -123.982578,
              45.761815
            ],
            [
              -123.968563,
              45.757019
            ],
            [
              -123.954087118655,
              45.7417504652302
            ],
            [
              -123.946027,
              45.733249
            ],
            [
              -123.943121,
              45.727031
            ],
            [
              -123.94103639233,
              45.7166811754756
            ],
            [
              -123.939448,
              45.708795
            ],
            [
              -123.939211968894,
              45.6838215237195
            ],
            [
              -123.939005,
              45.661923
            ],
            [
              -123.939920590991,
              45.656227352357
            ],
            [
              -123.941679866336,
              45.6452833691082
            ],
            [
              -123.951246,
              45.585775
            ],
            [
              -123.956711,
              45.571303
            ],
            [
              -123.950927001419,
              45.5672437765283
            ],
            [
              -123.947556,
              45.564878
            ],
            [
              -123.957568,
              45.510399
            ],
            [
              -123.96634,
              45.493417
            ],
            [
              -123.970794,
              45.493507
            ],
            [
              -123.976544,
              45.489733
            ],
            [
              -123.973756271928,
              45.4724833988392
            ],
            [
              -123.972953,
              45.467513
            ],
            [
              -123.964074,
              45.449112
            ],
            [
              -123.960557,
              45.430778
            ],
            [
              -123.965728,
              45.386242
            ],
            [
              -123.972187696327,
              45.3597538762466
            ],
            [
              -123.973398,
              45.354791
            ],
            [
              -123.978955013993,
              45.3485742170505
            ],
            [
              -123.979715,
              45.347724
            ],
            [
              -124.007494,
              45.33974
            ],
            [
              -124.007756,
              45.336813
            ],
            [
              -123.978671,
              45.338854
            ],
            [
              -123.972899,
              45.33689
            ],
            [
              -123.964169,
              45.317026
            ],
            [
              -123.962887,
              45.280218
            ],
            [
              -123.972919,
              45.216784
            ],
            [
              -123.968512265873,
              45.2022870367373
            ],
            [
              -123.968187,
              45.201217
            ],
            [
              -123.973593785947,
              45.1595784734114
            ],
            [
              -123.975425,
              45.145476
            ],
            [
              -123.989529,
              45.094045
            ],
            [
              -124.004863,
              45.084232
            ],
            [
              -124.006057,
              45.084736
            ],
            [
              -124.012163,
              45.076921
            ],
            [
              -124.015851,
              45.064759
            ],
            [
              -124.017991,
              45.049808
            ],
            [
              -124.00977,
              45.047266
            ],
            [
              -124.004668,
              45.048167
            ],
            [
              -124.004386,
              45.046197
            ],
            [
              -124.004597012963,
              45.0449668587576
            ],
            [
              -124.01448487883,
              44.9873236152879
            ],
            [
              -124.015243,
              44.982904
            ],
            [
              -124.017091597529,
              44.9757861141132
            ],
            [
              -124.023834,
              44.949825
            ],
            [
              -124.024993086351,
              44.9414756811252
            ],
            [
              -124.025678,
              44.936542
            ],
            [
              -124.025136,
              44.928175
            ],
            [
              -124.025447618374,
              44.9269839736841
            ],
            [
              -124.032296,
              44.900809
            ],
            [
              -124.045903377286,
              44.8589587771585
            ],
            [
              -124.048814,
              44.850007
            ],
            [
              -124.054151,
              44.838233
            ],
            [
              -124.063155,
              44.835333
            ],
            [
              -124.066746,
              44.831191
            ],
            [
              -124.074066,
              44.798107
            ],
            [
              -124.07509992681,
              44.7784837011107
            ],
            [
              -124.075473,
              44.771403
            ],
            [
              -124.066325,
              44.762671
            ],
            [
              -124.059077,
              44.737656
            ],
            [
              -124.063406,
              44.703177
            ],
            [
              -124.070394,
              44.683514
            ],
            [
              -124.060043,
              44.669361
            ],
            [
              -124.058281,
              44.658866
            ],
            [
              -124.058312330843,
              44.658743219609
            ],
            [
              -124.062121498473,
              44.6438157219045
            ],
            [
              -124.065008,
              44.632504
            ],
            [
              -124.065202,
              44.622445
            ],
            [
              -124.068064138541,
              44.61556511086
            ],
            [
              -124.06914,
              44.612979
            ],
            [
              -124.067251,
              44.60804
            ],
            [
              -124.076387,
              44.531214
            ],
            [
              -124.078031617554,
              44.5243539796482
            ],
            [
              -124.083601,
              44.501123
            ],
            [
              -124.084429,
              44.486927
            ],
            [
              -124.082061,
              44.478171
            ],
            [
              -124.082113,
              44.441518
            ],
            [
              -124.083735755218,
              44.4231435596893
            ],
            [
              -124.084401,
              44.415611
            ],
            [
              -124.091864232754,
              44.3717785617083
            ],
            [
              -124.092101,
              44.370388
            ],
            [
              -124.100587,
              44.331926
            ],
            [
              -124.109556,
              44.314545
            ],
            [
              -124.108088,
              44.309926
            ],
            [
              -124.10907,
              44.303707
            ],
            [
              -124.1152,
              44.286486
            ],
            [
              -124.115851774242,
              44.2762333228543
            ],
            [
              -124.115953,
              44.274641
            ],
            [
              -124.114869,
              44.272721
            ],
            [
              -124.109744,
              44.270597
            ],
            [
              -124.108945,
              44.265475
            ],
            [
              -124.111054,
              44.235071
            ],
            [
              -124.115671,
              44.206554
            ],
            [
              -124.114424,
              44.198164
            ],
            [
              -124.117006,
              44.171913
            ],
            [
              -124.125824,
              44.12613
            ],
            [
              -124.122406,
              44.104442
            ],
            [
              -124.124290289202,
              44.092840116294
            ],
            [
              -124.133547,
              44.035845
            ],
            [
              -124.135767345006,
              44.0170136519394
            ],
            [
              -124.138139062643,
              43.9968984715453
            ],
            [
              -124.142704,
              43.958182
            ],
            [
              -124.150267,
              43.91085
            ],
            [
              -124.158646168589,
              43.8637200082681
            ],
            [
              -124.168392,
              43.808903
            ],
            [
              -124.193455,
              43.706085
            ],
            [
              -124.198275,
              43.689481
            ],
            [
              -124.204888,
              43.673976
            ],
            [
              -124.203770371068,
              43.6702800131382
            ],
            [
              -124.203028,
              43.667825
            ],
            [
              -124.218706934612,
              43.6109319407061
            ],
            [
              -124.232027639074,
              43.5625960271003
            ],
            [
              -124.233534,
              43.55713
            ],
            [
              -124.255609,
              43.502172
            ],
            [
              -124.2782229273,
              43.454557493182
            ],
            [
              -124.286896,
              43.436296
            ],
            [
              -124.315012,
              43.388389
            ],
            [
              -124.341587,
              43.351337
            ],
            [
              -124.353332,
              43.342667
            ],
            [
              -124.373037,
              43.338953
            ],
            [
              -124.387642,
              43.325968
            ],
            [
              -124.402814,
              43.305872
            ],
            [
              -124.400404,
              43.302121
            ],
            [
              -124.393988,
              43.29926
            ],
            [
              -124.388891,
              43.290523
            ],
            [
              -124.38246,
              43.270167
            ],
            [
              -124.395607,
              43.223908
            ],
            [
              -124.395305586437,
              43.2112515950608
            ],
            [
              -124.395302,
              43.211101
            ],
            [
              -124.401726,
              43.184896
            ],
            [
              -124.417626226411,
              43.1436755845697
            ],
            [
              -124.424113,
              43.126859
            ],
            [
              -124.427595577081,
              43.123196196692
            ],
            [
              -124.434451,
              43.115986
            ],
            [
              -124.432236,
              43.097383
            ],
            [
              -124.43300529265,
              43.0923208524276
            ],
            [
              -124.436198,
              43.071312
            ],
            [
              -124.456918,
              43.000315
            ],
            [
              -124.462619,
              42.99143
            ],
            [
              -124.479636362958,
              42.9543325389089
            ],
            [
              -124.480938,
              42.951495
            ],
            [
              -124.500141,
              42.917502
            ],
            [
              -124.552441,
              42.840568
            ]
          ]
        ]
      }
    },
    {
      "type": "Feature",
      "id": "BC",
      "properties": {
        "boundary_version": "cascadia-field-maps-v1",
        "jurisdiction": "BC",
        "name": "British Columbia",
        "country": "Canada",
        "source_id": "statcan-2021-pr-boundary",
        "purpose": "operational Field Maps coverage"
      },
      "geometry": {
        "type": "Polygon",
        "coordinates": [
          [
            [
              -135.40000002668677,
              60.00005904726555
            ],
            [
              -135.41250007850218,
              60.000055973155774
            ],
            [
              -135.4250000866213,
              60.00005168539487
            ],
            [
              -135.43750009835915,
              60.00004613017967
            ],
            [
              -135.45000009780313,
              60.000039381757304
            ],
            [
              -135.46250009890514,
              60.000031365880645
            ],
            [
              -135.47500005245945,
              60.00002213637844
            ],
            [
              -135.4875000316481,
              60.000011696974035
            ],
            [
              -135.5000000095548,
              59.99999999011632
            ],
            [
              -135.51249994850184,
              60.000011686254204
            ],
            [
              -135.52499993689332,
              60.00002213535214
            ],
            [
              -135.5374998922603,
              60.0000313708453
            ],
            [
              -135.54999989512746,
              60.000039359288174
            ],
            [
              -135.5624999371892,
              60.00004613779864
            ],
            [
              -135.57499990994918,
              60.00005168231166
            ],
            [
              -135.58749992729324,
              60.00005597975984
            ],
            [
              -135.59802245193998,
              60.00005864558231
            ],
            [
              -135.59999994752707,
              60.000059046875016
            ],
            [
              -135.61250000312538,
              60.000060904042265
            ],
            [
              -135.62499998555407,
              60.00006152723949
            ],
            [
              -135.63018836096427,
              60.00006142103517
            ],
            [
              -135.6323015296974,
              60.00006130156112
            ],
            [
              -135.6375000086785,
              60.000060903354694
            ],
            [
              -135.65000003083048,
              60.00005904913618
            ],
            [
              -135.66250008451703,
              60.00005598495675
            ],
            [
              -135.67500010183565,
              60.00005167006856
            ],
            [
              -135.68750007462233,
              60.00004614162029
            ],
            [
              -135.70000008324425,
              60.00003936607183
            ],
            [
              -135.71250008606617,
              60.00003136019235
            ],
            [
              -135.72500004147946,
              60.00002214076709
            ],
            [
              -135.7375000633316,
              60.00001169458507
            ],
            [
              -135.75000000234496,
              60.0000000145119
            ],
            [
              -135.7624999545015,
              60.00001169306766
            ],
            [
              -135.7749999153402,
              60.000022141301265
            ],
            [
              -135.7874999174475,
              60.00003137955054
            ],
            [
              -135.79999989276183,
              60.00003936713256
            ],
            [
              -135.81249990742995,
              60.000046144721736
            ],
            [
              -135.82499989335798,
              60.000051671648414
            ],
            [
              -135.83749991672474,
              60.00005598857416
            ],
            [
              -135.84999998357395,
              60.00005905834137
            ],
            [
              -135.86249997817856,
              60.000060894274796
            ],
            [
              -135.87500000734912,
              60.0000615201962
            ],
            [
              -135.88750000291228,
              60.00006089546992
            ],
            [
              -135.90000003112624,
              60.00005906072496
            ],
            [
              -135.91250009796207,
              60.00005597880117
            ],
            [
              -135.92500008771881,
              60.000051663080484
            ],
            [
              -135.93750010725387,
              60.000046137332404
            ],
            [
              -135.95000008831386,
              60.00003936095489
            ],
            [
              -135.9625000972372,
              60.0000313745448
            ],
            [
              -135.9750000657384,
              60.000022137513746
            ],
            [
              -135.9875000601877,
              60.00001169044559
            ],
            [
              -136.00000001226806,
              59.99999999276537
            ],
            [
              -136.0124999410863,
              60.00001168042193
            ],
            [
              -136.02499995278203,
              60.0000221411571
            ],
            [
              -136.03749989801466,
              60.00003136816983
            ],
            [
              -136.04999992419644,
              60.000039368244074
            ],
            [
              -136.06249988198147,
              60.00004613460829
            ],
            [
              -136.07499991878743,
              60.00005167401781
            ],
            [
              -136.08749995945746,
              60.000055983090235
            ],
            [
              -136.09999992883033,
              60.000059058472516
            ],
            [
              -136.11249997433143,
              60.00006090687657
            ],
            [
              -136.12499998703328,
              60.00006150469264
            ],
            [
              -136.13750003349634,
              60.0000608924236
            ],
            [
              -136.150000038578,
              60.000059066736306
            ],
            [
              -136.16250004836485,
              60.0000559735551
            ],
            [
              -136.17500008904042,
              60.000051670279504
            ],
            [
              -136.18750008545763,
              60.000046153598795
            ],
            [
              -136.20000008363985,
              60.0000393694237
            ],
            [
              -136.21250010983803,
              60.00003137514622
            ],
            [
              -136.2250000550707,
              60.00002214725464
            ],
            [
              -136.22654184920495,
              60.00002094092341
            ],
            [
              -136.22899056669416,
              60.00001894182354
            ],
            [
              -136.23750006678938,
              60.000011692316285
            ],
            [
              -136.24999999560873,
              60.000000003780784
            ],
            [
              -136.262499945922,
              60.00001169390813
            ],
            [
              -136.27499994527838,
              60.00002213675397
            ],
            [
              -136.28749991200195,
              60.00003136623222
            ],
            [
              -136.2999998854857,
              60.00003936538631
            ],
            [
              -136.31249993898243,
              60.0000461374434
            ],
            [
              -136.3194965434253,
              60.00004939178474
            ],
            [
              -136.32343640980386,
              60.00005105600129
            ],
            [
              -136.3249999230912,
              60.00005167593878
            ],
            [
              -136.33749991106382,
              60.00005598410738
            ],
            [
              -136.34999994224663,
              60.00005904496528
            ],
            [
              -136.36249996896123,
              60.00006091266177
            ],
            [
              -136.37500000303163,
              60.00006151284893
            ],
            [
              -136.3874999967981,
              60.00006089969572
            ],
            [
              -136.4000000638279,
              60.00005905939187
            ],
            [
              -136.41250005470235,
              60.00005598557597
            ],
            [
              -136.4250000829538,
              60.00005166442541
            ],
            [
              -136.43750006706625,
              60.00004612995151
            ],
            [
              -136.45000012058426,
              60.000039368299504
            ],
            [
              -136.46250009408033,
              60.00003137316699
            ],
            [
              -136.4750000608191,
              60.000022147710155
            ],
            [
              -136.48750001983547,
              60.00001169193008
            ],
            [
              -136.50000001039558,
              59.999999988797114
            ],
            [
              -136.5124999866338,
              60.00001169191068
            ],
            [
              -136.52499993755265,
              60.00002214455416
            ],
            [
              -136.53749989619172,
              60.00003136687596
            ],
            [
              -136.54999989562174,
              60.00003937901153
            ],
            [
              -136.56249990701082,
              60.00004612363278
            ],
            [
              -136.57499991707056,
              60.0000516751062
            ],
            [
              -136.58749993100423,
              60.000055996247745
            ],
            [
              -136.5999999539564,
              60.00005904987125
            ],
            [
              -136.61249997272665,
              60.0000609103471
            ],
            [
              -136.62499999855524,
              60.00006150330308
            ],
            [
              -136.63750001829982,
              60.00006090311243
            ],
            [
              -136.6500000772423,
              60.00005905551022
            ],
            [
              -136.66250005999947,
              60.00005597454372
            ],
            [
              -136.6750000739717,
              60.00005168335439
            ],
            [
              -136.6875000901015,
              60.00004612464334
            ],
            [
              -136.70000009539302,
              60.00003937279046
            ],
            [
              -136.71250006076363,
              60.00003137051431
            ],
            [
              -136.72500009363029,
              60.000022140902736
            ],
            [
              -136.73750004451125,
              60.000011677975
            ],
            [
              -136.7440374327641,
              60.00000574136119
            ],
            [
              -136.75000002086153,
              60.00000000480963
            ],
            [
              -136.76249995938736,
              60.000011691623385
            ],
            [
              -136.77499990660166,
              60.00002214811756
            ],
            [
              -136.78749993580334,
              60.00003137724146
            ],
            [
              -136.79999989749965,
              60.00003937308542
            ],
            [
              -136.81249993925442,
              60.00004614154255
            ],
            [
              -136.82499991157047,
              60.00005167673247
            ],
            [
              -136.8374999620165,
              60.00005598451944
            ],
            [
              -136.83913487621453,
              60.000056453391444
            ],
            [
              -136.84318604836176,
              60.00005754612852
            ],
            [
              -136.84746453498786,
              60.00005852603153
            ],
            [
              -136.847529019857,
              60.00005854992906
            ],
            [
              -136.8499999410903,
              60.00005905905286
            ],
            [
              -136.85396458550005,
              60.00005978119185
            ],
            [
              -136.86249999636536,
              60.00006090616769
            ],
            [
              -136.87499997833498,
              60.00006152004293
            ],
            [
              -136.887500034577,
              60.00006090648474
            ],
            [
              -136.90000005559742,
              60.000059042544116
            ],
            [
              -136.91250006892685,
              60.000055985470716
            ],
            [
              -136.92500008510518,
              60.00005166086463
            ],
            [
              -136.93750009169088,
              60.00004614312778
            ],
            [
              -136.95000009916532,
              60.00003935785841
            ],
            [
              -136.96250009514497,
              60.000031379460886
            ],
            [
              -136.97500005007646,
              60.00002215071254
            ],
            [
              -136.98750003725283,
              60.0000116744583
            ],
            [
              -137.00000001008172,
              60.00000000508088
            ],
            [
              -137.012499989496,
              60.00001168991063
            ],
            [
              -137.0249999033117,
              60.00002214160091
            ],
            [
              -137.03749989913368,
              60.000031365781325
            ],
            [
              -137.04999990171157,
              60.00003935963178
            ],
            [
              -137.06249991008016,
              60.00004612315133
            ],
            [
              -137.07499992327362,
              60.00005165633902
            ],
            [
              -137.0874999347856,
              60.00005599640236
            ],
            [
              -137.09999995474715,
              60.00005906892516
            ],
            [
              -137.11249997663717,
              60.00006091111464
            ],
            [
              -137.11521275245252,
              60.00006115044596
            ],
            [
              -137.11521387236593,
              60.000061154621136
            ],
            [
              -137.1249999994901,
              60.00006152297055
            ],
            [
              -137.13750002234042,
              60.00006090449281
            ],
            [
              -137.1500000442228,
              60.000059055681476
            ],
            [
              -137.16250006417135,
              60.000055976536856
            ],
            [
              -137.17500008122076,
              60.00005166705927
            ],
            [
              -137.18750009440544,
              60.00004612724925
            ],
            [
              -137.19108571311045,
              60.00004431572544
            ],
            [
              -137.20000010275993,
              60.00003935710741
            ],
            [
              -137.21250006547018,
              60.00003137389034
            ],
            [
              -137.22500006127444,
              60.00002214309144
            ],
            [
              -137.23750004935192,
              60.00001168196362
            ],
            [
              -137.24999998890902,
              60.000000007775625
            ],
            [
              -137.26249997936586,
              60.00001168223392
            ],
            [
              -137.2749999386872,
              60.000022143637764
            ],
            [
              -137.28749990573522,
              60.000031374718354
            ],
            [
              -137.29999991934602,
              60.00003935819142
            ],
            [
              -137.31249989894485,
              60.00004612861835
            ],
            [
              -137.32499991789797,
              60.00005168864648
            ],
            [
              -137.33749994598065,
              60.00005598112219
            ],
            [
              -137.3499999371754,
              60.000059060561654
            ],
            [
              -137.362499970071,
              60.00006089237062
            ],
            [
              -137.37499999871625,
              60.00006153106426
            ],
            [
              -137.3875000325705,
              60.00006090220223
            ],
            [
              -137.4000000257019,
              60.000059060319
            ],
            [
              -137.41250005664486,
              60.000055970789646
            ],
            [
              -137.42500007953373,
              60.0000516881476
            ],
            [
              -137.43750010371113,
              60.00004613794901
            ],
            [
              -137.45000008333076,
              60.00003937474665
            ],
            [
              -137.46250009687267,
              60.00003136388489
            ],
            [
              -137.4750000639393,
              60.000022140029
            ],
            [
              -137.4875000232846,
              60.00001168584972
            ],
            [
              -137.4999999739431,
              60.000000001348575
            ],
            [
              -137.51249994035558,
              60.00001169482875
            ],
            [
              -137.52499995514046,
              60.00002214063029
            ],
            [
              -137.53749993796836,
              60.00003137345509
            ],
            [
              -137.54999992755913,
              60.00003937595254
            ],
            [
              -137.5624999229472,
              60.000046148121434
            ],
            [
              -137.57499988848699,
              60.00005167010207
            ],
            [
              -137.58749993221002,
              60.00005596424216
            ],
            [
              -137.59999993918234,
              60.00005904542116
            ],
            [
              -137.61249994808995,
              60.00006089626925
            ],
            [
              -137.62500003230272,
              60.00006151924703
            ],
            [
              -137.63750004218508,
              60.000060909425784
            ],
            [
              -137.65000005110608,
              60.00005906927351
            ],
            [
              -137.66250009770408,
              60.00005598139392
            ],
            [
              -137.6750001017993,
              60.00005168057656
            ],
            [
              -137.68750010203635,
              60.00004614942929
            ],
            [
              -137.70000006269214,
              60.00003936812785
            ],
            [
              -137.71250009188557,
              60.000031358914214
            ],
            [
              -137.7250000747415,
              60.00002213678134
            ],
            [
              -137.73750004987718,
              60.00001168432209
            ],
            [
              -137.75000001632753,
              60.000000001537664
            ],
            [
              -137.76249996861262,
              60.000011689351034
            ],
            [
              -137.7749999295874,
              60.00002214684209
            ],
            [
              -137.78749989828583,
              60.00003137400956
            ],
            [
              -137.79999987374265,
              60.00003937085234
            ],
            [
              -137.8059534077496,
              60.00004274410158
            ],
            [
              -137.80844862694173,
              60.00004407697391
            ],
            [
              -137.81249992934207,
              60.00004613972039
            ],
            [
              -137.8249999154202,
              60.00005167590369
            ],
            [
              -137.8374999053602,
              60.00005598176001
            ],
            [
              -137.84999997254877,
              60.00005905961753
            ],
            [
              -137.86249996731667,
              60.00006090481083
            ],
            [
              -137.87500000253758,
              60.00006150221327
            ],
            [
              -137.88750003313808,
              60.0000609065197
            ],
            [
              -137.90000002790643,
              60.000059060720965
            ],
            [
              -137.91250006021016,
              60.00005596711991
            ],
            [
              -137.9250000850412,
              60.000051680424875
            ],
            [
              -137.9375000711198,
              60.00004614363606
            ],
            [
              -137.95000009181697,
              60.00003935903477
            ],
            [
              -137.9625001021885,
              60.00003138134298
            ],
            [
              -137.97500007088803,
              60.00002215357001
            ],
            [
              -137.98750003186305,
              60.000011695473525
            ],
            [
              -137.99999998414847,
              60.00000000705471
            ],
            [
              -138.0124999665955,
              60.000011684587626
            ],
            [
              -138.02499991831883,
              60.00002214930164
            ],
            [
              -138.03749991717007,
              60.00003136618072
            ],
            [
              -138.04999988338028,
              60.00003937024618
            ],
            [
              -138.0624998947734,
              60.00004612646687
            ],
            [
              -138.07499994597657,
              60.00005167207719
            ],
            [
              -138.08749992667975,
              60.000055985157765
            ],
            [
              -138.09999994964892,
              60.000059050379974
            ],
            [
              -138.11249997454073,
              60.00006088526816
            ],
            [
              -138.12499999606118,
              60.000061527070756
            ],
            [
              -138.13750002191657,
              60.00006090129107
            ],
            [
              -138.15000004679814,
              60.000059045177245
            ],
            [
              -138.1625000654556,
              60.00005599597918
            ],
            [
              -138.17500008550746,
              60.000051679198286
            ],
            [
              -138.1875001016889,
              60.00004613208435
            ],
            [
              -138.20000007372536,
              60.00003937220149
            ],
            [
              -138.21250007927625,
              60.000031364427485
            ],
            [
              -138.22500003876524,
              60.000022143894086
            ],
            [
              -138.23750002982328,
              60.000011675463824
            ],
            [
              -138.2500000080012,
              60.00000001395794
            ],
            [
              -138.2624999511355,
              60.00001169219802
            ],
            [
              -138.27499993806583,
              60.00002215978428
            ],
            [
              -138.28749989760612,
              60.00003137737863
            ],
            [
              -138.29999989902697,
              60.000039384309794
            ],
            [
              -138.31249991035784,
              60.00004612365563
            ],
            [
              -138.32499992240017,
              60.00005166992421
            ],
            [
              -138.33749993831228,
              60.000055985860556
            ],
            [
              -138.34999995712852,
              60.00005907146409
            ],
            [
              -138.36249998193455,
              60.00006088947828
            ],
            [
              -138.37500000364807,
              60.00006151441496
            ],
            [
              -138.38750002536938,
              60.00006090901831
            ],
            [
              -138.4000000461327,
              60.00005907328825
            ],
            [
              -138.41250006896513,
              60.00005596996718
            ],
            [
              -138.42500008490168,
              60.00005167357093
            ],
            [
              -138.4375000969838,
              60.00004614684246
            ],
            [
              -138.45000006902367,
              60.000039370164046
            ],
            [
              -138.46250007049255,
              60.000031382776626
            ],
            [
              -138.4750001043674,
              60.00002214741098
            ],
            [
              -138.48750005611666,
              60.00001167975333
            ],
            [
              -138.5000000344215,
              60.00000000137965
            ],
            [
              -138.5124999434215,
              60.00001169405009
            ],
            [
              -138.52499993551208,
              60.000022158340435
            ],
            [
              -138.53749990005585,
              60.00003137270699
            ],
            [
              -138.5499999066316,
              60.000039376340354
            ],
            [
              -138.5624999190056,
              60.000046149641825
            ],
            [
              -138.57499990091335,
              60.000051673027194
            ],
            [
              -138.58749992197957,
              60.00005598566631
            ],
            [
              -138.59999994594756,
              60.00005906797173
            ],
            [
              -138.61250001093208,
              60.0000609022522
            ],
            [
              -138.62500000247005,
              60.00006150431562
            ],
            [
              -138.63750002933511,
              60.000060895617715
            ],
            [
              -138.65000005523981,
              60.00005905658551
            ],
            [
              -138.66250007921843,
              60.00005598721912
            ],
            [
              -138.6750000649452,
              60.000051667963284
            ],
            [
              -138.68750008216747,
              60.00004613793343
            ],
            [
              -138.70000009456749,
              60.000039377570985
            ],
            [
              -138.71250006579578,
              60.000031367331395
            ],
            [
              -138.72500006564647,
              60.000022146309874
            ],
            [
              -138.7375000577779,
              60.00001169495854
            ],
            [
              -138.75000000581844,
              59.99999999374397
            ],
            [
              -138.7624999641905,
              60.00001167944935
            ],
            [
              -138.77499993125062,
              60.00002213483121
            ],
            [
              -138.787499906033,
              60.000031359888304
            ],
            [
              -138.7999999230092,
              60.000039374140414
            ],
            [
              -138.81249991034707,
              60.00004613854135
            ],
            [
              -138.82499990251065,
              60.0000516726145
            ],
            [
              -138.83749993399468,
              60.000055995869886
            ],
            [
              -138.84999997186927,
              60.000059051518726
            ],
            [
              -138.86249997271756,
              60.000060894598356
            ],
            [
              -138.8750000100127,
              60.000061526848484
            ],
            [
              -138.8875000118305,
              60.00006090926563
            ],
            [
              -138.90000005160124,
              60.00005904357425
            ],
            [
              -138.91250008601773,
              60.00005598481846
            ],
            [
              -138.92500008203737,
              60.00005167624085
            ],
            [
              -138.93750007419288,
              60.000046137335005
            ],
            [
              -138.95000006151892,
              60.00003936810137
            ],
            [
              -138.96250007858663,
              60.00003138801648
            ],
            [
              -138.9750000922434,
              60.00002214032465
            ],
            [
              -138.98750005928844,
              60.000011680106326
            ],
            [
              -138.9999999787775,
              60.00000000737411
            ],
            [
              -139.01249995624852,
              60.000011680766946
            ],
            [
              -139.0249999035469,
              60.000022141649886
            ],
            [
              -139.03749993299817,
              60.00003137384532
            ],
            [
              -139.04999989478497,
              60.000039374078
            ],
            [
              -139.0522010411842,
              60.00004064828399
            ],
            [
              -139.04213094516098,
              59.99156796360772
            ],
            [
              -139.00000002944606,
              59.98012610623776
            ],
            [
              -138.883425525341,
              59.94835183526943
            ],
            [
              -138.87257420596077,
              59.9453855067729
            ],
            [
              -138.8387102048371,
              59.93611896245926
            ],
            [
              -138.8321982037185,
              59.93433537256917
            ],
            [
              -138.81638072525038,
              59.9300008759786
            ],
            [
              -138.79082343296537,
              59.922990716215935
            ],
            [
              -138.70578523037906,
              59.906239996522785
            ],
            [
              -138.69415430227627,
              59.88115246813755
            ],
            [
              -138.68822177015602,
              59.868340749140515
            ],
            [
              -138.68648560874485,
              59.86458949476013
            ],
            [
              -138.67918746615786,
              59.84881077026563
            ],
            [
              -138.65986652081145,
              59.80696254390382
            ],
            [
              -138.6569249633014,
              59.800581536042344
            ],
            [
              -138.6562993296913,
              59.799224081967594
            ],
            [
              -138.65128104717368,
              59.79442379317973
            ],
            [
              -138.6413528094612,
              59.784922105411475
            ],
            [
              -138.6336529056235,
              59.777548677412206
            ],
            [
              -138.6262509896834,
              59.770457051452134
            ],
            [
              -138.62590209785876,
              59.77024326507248
            ],
            [
              -138.6182985867052,
              59.765583480921535
            ],
            [
              -138.6054255081119,
              59.75769014899948
            ],
            [
              -138.59016695978585,
              59.75005716147075
            ],
            [
              -138.58325339287381,
              59.74659693753615
            ],
            [
              -138.57374778611376,
              59.741837561818556
            ],
            [
              -138.55152472376764,
              59.73070246338453
            ],
            [
              -138.53133289828827,
              59.72057517123937
            ],
            [
              -138.50000002493115,
              59.70484117175244
            ],
            [
              -138.4191515878569,
              59.66413658891719
            ],
            [
              -138.3676313250582,
              59.63767661139738
            ],
            [
              -138.35883931733287,
              59.63315480633861
            ],
            [
              -138.34460362948653,
              59.62582933229124
            ],
            [
              -138.3158520558615,
              59.61101923188464
            ],
            [
              -138.30275165343673,
              59.60426453847726
            ],
            [
              -138.29147936160908,
              59.59844910515642
            ],
            [
              -138.236660794907,
              59.57012415095634
            ],
            [
              -138.1027873811151,
              59.50006046332005
            ],
            [
              -138.07136220579588,
              59.48354981072764
            ],
            [
              -138.01967934183307,
              59.456342630459424
            ],
            [
              -138.01023357339133,
              59.45136298445117
            ],
            [
              -137.99999998990677,
              59.44596552162433
            ],
            [
              -137.99691955142728,
              59.4443402947857
            ],
            [
              -137.9788139182575,
              59.43478312133865
            ],
            [
              -137.97533121939125,
              59.43294379449296
            ],
            [
              -137.9246125964671,
              59.40612376900976
            ],
            [
              -137.8780439386827,
              59.38144171653501
            ],
            [
              -137.8680268590504,
              59.376365596230954
            ],
            [
              -137.86376608757232,
              59.37420577516341
            ],
            [
              -137.838629865495,
              59.361455187271
            ],
            [
              -137.7421259477591,
              59.31236414873109
            ],
            [
              -137.7183419928323,
              59.30023150577226
            ],
            [
              -137.69514608393953,
              59.28838592659652
            ],
            [
              -137.68703572831757,
              59.28424115133413
            ],
            [
              -137.6800608657101,
              59.2806753835584
            ],
            [
              -137.66602161779628,
              59.273494644165716
            ],
            [
              -137.62801679931667,
              59.25403250241693
            ],
            [
              -137.6202732237089,
              59.25006281194906
            ],
            [
              -137.61723554037965,
              59.24850516765455
            ],
            [
              -137.60206921300207,
              59.240725055691485
            ],
            [
              -137.59234694382033,
              59.216526590771274
            ],
            [
              -137.58366410409,
              59.19488483950378
            ],
            [
              -137.57330829462464,
              59.16903568193554
            ],
            [
              -137.5644062706262,
              59.14678247611668
            ],
            [
              -137.56172007155232,
              59.14006162170263
            ],
            [
              -137.55748573128042,
              59.12946173041493
            ],
            [
              -137.53807027047495,
              59.0807702847005
            ],
            [
              -137.5320413220252,
              59.06562091654729
            ],
            [
              -137.51528551536035,
              59.02344379587243
            ],
            [
              -137.51141202096386,
              59.013678090525424
            ],
            [
              -137.50614810878224,
              59.000397668532464
            ],
            [
              -137.50599291555324,
              59.0000059386863
            ],
            [
              -137.50030087644973,
              58.98563295028657
            ],
            [
              -137.49999999758725,
              58.984872824491255
            ],
            [
              -137.49931352014505,
              58.98313853374683
            ],
            [
              -137.49999999075018,
              58.98122636045587
            ],
            [
              -137.50037975149124,
              58.980168475488455
            ],
            [
              -137.52672886439262,
              58.906598793572854
            ],
            [
              -137.50000001292304,
              58.90729244100568
            ],
            [
              -137.4465623846557,
              58.908661738471274
            ],
            [
              -137.30212290861544,
              58.99163346434531
            ],
            [
              -137.28840773955173,
              58.99948195419027
            ],
            [
              -137.2860324933247,
              59.00003127058848
            ],
            [
              -137.26180240336672,
              59.005631289267576
            ],
            [
              -137.2366480986645,
              59.011437859453835
            ],
            [
              -137.21874134812677,
              59.01726553828492
            ],
            [
              -137.19784175395165,
              59.02406139041239
            ],
            [
              -137.1077092613472,
              59.05329737947785
            ],
            [
              -137.09774857297023,
              59.056521140091064
            ],
            [
              -137.07609571148032,
              59.06422356055412
            ],
            [
              -137.0418198130004,
              59.076401326044696
            ],
            [
              -136.99999998543507,
              59.09123443099679
            ],
            [
              -136.99963448320634,
              59.09136395769745
            ],
            [
              -136.94370648852416,
              59.1130611744313
            ],
            [
              -136.86702145562842,
              59.14272427229886
            ],
            [
              -136.83823459079272,
              59.15433532313927
            ],
            [
              -136.82467003873057,
              59.15980142525114
            ],
            [
              -136.8046880529148,
              59.160292075691125
            ],
            [
              -136.7152782947231,
              59.16244783681117
            ],
            [
              -136.68666335250495,
              59.163124077560404
            ],
            [
              -136.60537220738334,
              59.16500898794871
            ],
            [
              -136.5819921480745,
              59.165541194206305
            ],
            [
              -136.57405524472097,
              59.17343654586174
            ],
            [
              -136.49999997896492,
              59.24690020214043
            ],
            [
              -136.49686391846762,
              59.25000312971571
            ],
            [
              -136.4887668828144,
              59.258011470493045
            ],
            [
              -136.48974313407464,
              59.260639951729345
            ],
            [
              -136.4951274997684,
              59.27512928443776
            ],
            [
              -136.49419622476324,
              59.27544738517232
            ],
            [
              -136.46749461024496,
              59.28456206454699
            ],
            [
              -136.46764122410144,
              59.28774443106237
            ],
            [
              -136.46900997574267,
              59.317426445062424
            ],
            [
              -136.46927949659852,
              59.323264511437806
            ],
            [
              -136.46970034254696,
              59.3323774013154
            ],
            [
              -136.46999720566023,
              59.33880175369589
            ],
            [
              -136.47154794222007,
              59.372323267572405
            ],
            [
              -136.47180566871944,
              59.377888515631184
            ],
            [
              -136.4722747913723,
              59.38801164684329
            ],
            [
              -136.4735567599048,
              59.41263029516886
            ],
            [
              -136.47418507277845,
              59.424682290473704
            ],
            [
              -136.4746552344804,
              59.43369499749676
            ],
            [
              -136.47529194812284,
              59.445893296654035
            ],
            [
              -136.47624805225644,
              59.46419270874318
            ],
            [
              -136.4641237997371,
              59.46156945218188
            ],
            [
              -136.3977353084412,
              59.447177032506474
            ],
            [
              -136.36987069734718,
              59.44997688299279
            ],
            [
              -136.36282841156137,
              59.450683440670055
            ],
            [
              -136.36047321295484,
              59.45091964452471
            ],
            [
              -136.33148921225404,
              59.45599245668994
            ],
            [
              -136.30143606390357,
              59.465837690599656
            ],
            [
              -136.27601299884589,
              59.48962246655105
            ],
            [
              -136.2648924528273,
              59.50001398486919
            ],
            [
              -136.23628501754615,
              59.526711404268625
            ],
            [
              -136.23824467842823,
              59.53911381082153
            ],
            [
              -136.24140605065034,
              59.55910280315886
            ],
            [
              -136.25998988462956,
              59.56587550163436
            ],
            [
              -136.2915282100693,
              59.57735667492275
            ],
            [
              -136.35571247559102,
              59.60067303913886
            ],
            [
              -136.25708184356554,
              59.624151067957314
            ],
            [
              -136.2355934456832,
              59.62925143788184
            ],
            [
              -136.1952510867673,
              59.638812685260085
            ],
            [
              -136.01878562848688,
              59.656410825949706
            ],
            [
              -136.002655087587,
              59.65800615032509
            ],
            [
              -135.9999999822183,
              59.658268541394236
            ],
            [
              -135.9456889268942,
              59.66362239885531
            ],
            [
              -135.85286015046617,
              59.690812107811105
            ],
            [
              -135.84658705395034,
              59.69264539214615
            ],
            [
              -135.80096972157094,
              59.70596141362066
            ],
            [
              -135.7832741498279,
              59.711119546539834
            ],
            [
              -135.74478192355508,
              59.72232548016295
            ],
            [
              -135.72210290557976,
              59.72891876274968
            ],
            [
              -135.67029054677366,
              59.74395643371063
            ],
            [
              -135.65522352324405,
              59.748322816253804
            ],
            [
              -135.6492273189758,
              59.750059652412986
            ],
            [
              -135.64524546489804,
              59.75121279393764
            ],
            [
              -135.54606086446455,
              59.77986921436811
            ],
            [
              -135.50000001656232,
              59.79275028239401
            ],
            [
              -135.49388947522635,
              59.79445709531869
            ],
            [
              -135.479005207944,
              59.7986125978947
            ],
            [
              -135.39006197188246,
              59.750061082754165
            ],
            [
              -135.37702283652027,
              59.742925981419155
            ],
            [
              -135.3549978493906,
              59.735675227706324
            ],
            [
              -135.29411573588652,
              59.71559564991842
            ],
            [
              -135.27613576357902,
              59.709655288128445
            ],
            [
              -135.26467940504844,
              59.7058678093046
            ],
            [
              -135.23470735827178,
              59.695949914716444
            ],
            [
              -135.23162767112922,
              59.68835880588579
            ],
            [
              -135.2218148039442,
              59.66414686837754
            ],
            [
              -135.16400172129204,
              59.63182489541378
            ],
            [
              -135.1544546627281,
              59.62647867314465
            ],
            [
              -135.15392834353202,
              59.62643485138444
            ],
            [
              -135.15340225893468,
              59.62639079608663
            ],
            [
              -135.1330298376033,
              59.62468331586143
            ],
            [
              -135.13145400645345,
              59.62455111366357
            ],
            [
              -135.11754594846016,
              59.62338338989887
            ],
            [
              -135.09493798649905,
              59.608445112773694
            ],
            [
              -135.05896635977314,
              59.584640219738034
            ],
            [
              -135.02770806232834,
              59.56391807181237
            ],
            [
              -135.0277091558749,
              59.56357013999411
            ],
            [
              -135.02772439656073,
              59.558831280259
            ],
            [
              -135.0277250405326,
              59.558625027209956
            ],
            [
              -135.02777527740008,
              59.542974298996604
            ],
            [
              -135.02783574425524,
              59.52412135945035
            ],
            [
              -135.02786130346317,
              59.51615887679839
            ],
            [
              -135.02787914088543,
              59.510586750712584
            ],
            [
              -135.02791294554834,
              59.50002478121395
            ],
            [
              -135.0279888369503,
              59.47630230482634
            ],
            [
              -135.03234846320677,
              59.474002615882924
            ],
            [
              -135.04860129903972,
              59.46542514728737
            ],
            [
              -135.06834792821616,
              59.454994961462994
            ],
            [
              -135.07417473028832,
              59.44940968924538
            ],
            [
              -135.0794820855735,
              59.44432044652237
            ],
            [
              -135.08686700112705,
              59.43723603481899
            ],
            [
              -135.09752762584301,
              59.42700311084257
            ],
            [
              -135.0014497401491,
              59.39229471441231
            ],
            [
              -135.00000001373039,
              59.39176986830896
            ],
            [
              -134.98924636318858,
              59.38787571322941
            ],
            [
              -134.995873528912,
              59.38148739866243
            ],
            [
              -134.99999999632374,
              59.37750825127895
            ],
            [
              -135.00083543866293,
              59.3767024981115
            ],
            [
              -135.00144899937467,
              59.37611069919693
            ],
            [
              -135.0302019624301,
              59.34835109273574
            ],
            [
              -135.02032749742474,
              59.33904984039372
            ],
            [
              -134.99999999655137,
              59.319883437982284
            ],
            [
              -134.99442389500777,
              59.31462134872762
            ],
            [
              -134.98687381274695,
              59.307493466590095
            ],
            [
              -134.97403094668667,
              59.295360628579665
            ],
            [
              -134.95893515335592,
              59.281086350248366
            ],
            [
              -134.9494181447554,
              59.27989851139251
            ],
            [
              -134.9238255248999,
              59.276700232164345
            ],
            [
              -134.92368416940567,
              59.276682547936865
            ],
            [
              -134.89034195368848,
              59.27250692900005
            ],
            [
              -134.80966415039256,
              59.26236185159835
            ],
            [
              -134.7547311176195,
              59.25542058946138
            ],
            [
              -134.71223578275263,
              59.25003228312149
            ],
            [
              -134.70099592224227,
              59.248604355609544
            ],
            [
              -134.6992996985937,
              59.248388766455285
            ],
            [
              -134.69530417576905,
              59.23800208604079
            ],
            [
              -134.68993269336642,
              59.22402786445012
            ],
            [
              -134.68388815415892,
              59.208288471134615
            ],
            [
              -134.67794727745974,
              59.19280431345009
            ],
            [
              -134.63382969295319,
              59.168650270449284
            ],
            [
              -134.59460767441377,
              59.147133884555956
            ],
            [
              -134.5697992889627,
              59.13350376643445
            ],
            [
              -134.5633878208389,
              59.13349699757595
            ],
            [
              -134.49999999426694,
              59.13341230075569
            ],
            [
              -134.48478307227995,
              59.133387135571695
            ],
            [
              -134.48109168905873,
              59.12904904455778
            ],
            [
              -134.45116665934836,
              59.09383593539472
            ],
            [
              -134.44491903832093,
              59.08647402523454
            ],
            [
              -134.43129000374307,
              59.07616951401381
            ],
            [
              -134.38537490218118,
              59.04139666895518
            ],
            [
              -134.38700154655604,
              59.036798908145165
            ],
            [
              -134.38879638248605,
              59.03172440288097
            ],
            [
              -134.39998314437366,
              59.00006084178433
            ],
            [
              -134.40760749037085,
              58.97844545362612
            ],
            [
              -134.31227859598053,
              58.96139114003223
            ],
            [
              -134.33738290363465,
              58.92033537186554
            ],
            [
              -134.25643375791077,
              58.85907245346599
            ],
            [
              -134.0250143386688,
              58.781641409529705
            ],
            [
              -134.00258580931217,
              58.77409484840407
            ],
            [
              -134.0000000029831,
              58.77339271641544
            ],
            [
              -133.98289329527205,
              58.76874558246576
            ],
            [
              -133.9622578023111,
              58.76313495047375
            ],
            [
              -133.92695736608718,
              58.75352464751847
            ],
            [
              -133.91760322871136,
              58.75097542221826
            ],
            [
              -133.91423612731248,
              58.75005753959145
            ],
            [
              -133.89273259337912,
              58.74419222960799
            ],
            [
              -133.8829099117524,
              58.74151108795293
            ],
            [
              -133.84593812942467,
              58.731408502232895
            ],
            [
              -133.8421895396559,
              58.730383243698704
            ],
            [
              -133.84133308491874,
              58.730148972407825
            ],
            [
              -133.84076436945998,
              58.7296657922443
            ],
            [
              -133.83930411293682,
              58.728425104156045
            ],
            [
              -133.82169055051799,
              58.71345133777864
            ],
            [
              -133.78832449552863,
              58.68504273249817
            ],
            [
              -133.7443124723411,
              58.64748295282437
            ],
            [
              -133.6994713448565,
              58.60911361236729
            ],
            [
              -133.65480332802298,
              58.583421092649566
            ],
            [
              -133.64387340730204,
              58.57712593339565
            ],
            [
              -133.60889708501625,
              58.55695878591846
            ],
            [
              -133.5104468470917,
              58.50001030108571
            ],
            [
              -133.5041827628327,
              58.496377697423185
            ],
            [
              -133.50000000859393,
              58.494202287491
            ],
            [
              -133.4014082490329,
              58.44280326099411
            ],
            [
              -133.3817976969063,
              58.432551604943605
            ],
            [
              -133.38812522295865,
              58.42915955852704
            ],
            [
              -133.40605845929537,
              58.41954042594476
            ],
            [
              -133.4612743984248,
              58.3898726725149
            ],
            [
              -133.44543402672195,
              58.374187831133845
            ],
            [
              -133.44016287761022,
              58.368964793359986
            ],
            [
              -133.4334899355034,
              58.362350127162074
            ],
            [
              -133.4107167926588,
              58.339753860708704
            ],
            [
              -133.3949535604488,
              58.32409312275905
            ],
            [
              -133.3803397303932,
              58.30955972969971
            ],
            [
              -133.36349289535178,
              58.29278809242042
            ],
            [
              -133.36238763116714,
              58.291687120745244
            ],
            [
              -133.35407056742582,
              58.2833996265069
            ],
            [
              -133.35365096526863,
              58.28309681911796
            ],
            [
              -133.3433693892805,
              58.275673993801014
            ],
            [
              -133.3264542599925,
              58.26345323550298
            ],
            [
              -133.30791462579847,
              58.2500461049036
            ],
            [
              -133.3033934043083,
              58.24677449931946
            ],
            [
              -133.22011614529163,
              58.18637259456624
            ],
            [
              -133.21037648276464,
              58.17929070449024
            ],
            [
              -133.17239918952725,
              58.15164131283434
            ],
            [
              -133.14647474751575,
              58.113586734194094
            ],
            [
              -133.13175167820015,
              58.09193483423381
            ],
            [
              -133.1175715509534,
              58.0710539858144
            ],
            [
              -133.10494071611106,
              58.052431932494066
            ],
            [
              -133.0981971336014,
              58.04248090746553
            ],
            [
              -133.0932269905906,
              58.03514289485871
            ],
            [
              -133.06954316545819,
              58.00005242549705
            ],
            [
              -133.05891094719533,
              57.99253205544926
            ],
            [
              -133.05397640567114,
              57.98904033370946
            ],
            [
              -133.04204293193683,
              57.98059241567768
            ],
            [
              -133.02678145588501,
              57.96978082077447
            ],
            [
              -132.99999999803384,
              57.950787182180775
            ],
            [
              -132.9889932217342,
              57.94297333074347
            ],
            [
              -132.9618123793334,
              57.92069717858656
            ],
            [
              -132.91796568823432,
              57.879489969086414
            ],
            [
              -132.86806838482227,
              57.8445873142581
            ],
            [
              -132.8591979720694,
              57.8334008797301
            ],
            [
              -132.8467935630423,
              57.81774457373864
            ],
            [
              -132.82291841419942,
              57.78756716588627
            ],
            [
              -132.82111253770273,
              57.78498397388966
            ],
            [
              -132.82123834215827,
              57.78476579916324
            ],
            [
              -132.82073639933225,
              57.784445856123554
            ],
            [
              -132.80485321287077,
              57.76170783904314
            ],
            [
              -132.80247710987706,
              57.75830355550443
            ],
            [
              -132.79959477958403,
              57.75490766094435
            ],
            [
              -132.79546349917553,
              57.75003908919646
            ],
            [
              -132.7928619041968,
              57.746972410611015
            ],
            [
              -132.7873829920696,
              57.74051208975845
            ],
            [
              -132.7861442150143,
              57.739051087179
            ],
            [
              -132.7811965499658,
              57.73321438526337
            ],
            [
              -132.76856925387784,
              57.71830830771297
            ],
            [
              -132.75944309070235,
              57.70752644679712
            ],
            [
              -132.7418020554185,
              57.69058594098748
            ],
            [
              -132.71945295634634,
              57.66909700943583
            ],
            [
              -132.68674278078456,
              57.642966486460736
            ],
            [
              -132.66546326701547,
              57.6195293484132
            ],
            [
              -132.65994708884128,
              57.61344812513519
            ],
            [
              -132.6250382065434,
              57.574908569078495
            ],
            [
              -132.59640594180104,
              57.546166353186486
            ],
            [
              -132.57602623930399,
              57.52567558626571
            ],
            [
              -132.57492163180225,
              57.524003703518595
            ],
            [
              -132.56357904462465,
              57.506826422124455
            ],
            [
              -132.55983234720125,
              57.50362275588418
            ],
            [
              -132.55565006147935,
              57.50004577099281
            ],
            [
              -132.55300242885724,
              57.4977808724897
            ],
            [
              -132.54659556055555,
              57.49229875258083
            ],
            [
              -132.52756070155604,
              57.475860272720624
            ],
            [
              -132.5182214705227,
              57.46778820301037
            ],
            [
              -132.514447278629,
              57.46452485051855
            ],
            [
              -132.50000000767446,
              57.45386457005827
            ],
            [
              -132.47832482468112,
              57.437855637793504
            ],
            [
              -132.42428238218997,
              57.392245927141154
            ],
            [
              -132.38135464496756,
              57.3602200828631
            ],
            [
              -132.36958172869137,
              57.351424126540536
            ],
            [
              -132.36726225833144,
              57.34873811621006
            ],
            [
              -132.3306783909319,
              57.3063126358672
            ],
            [
              -132.27925101241675,
              57.25002751773618
            ],
            [
              -132.24704590391048,
              57.21467790058996
            ],
            [
              -132.2446207516298,
              57.21201275463038
            ],
            [
              -132.25247527618365,
              57.20444421298226
            ],
            [
              -132.2864111769139,
              57.17170075469962
            ],
            [
              -132.3058445491055,
              57.15291870439903
            ],
            [
              -132.33268349031667,
              57.12694144498422
            ],
            [
              -132.33353366203627,
              57.126117823712114
            ],
            [
              -132.35408823261562,
              57.106192284016664
            ],
            [
              -132.36930758793577,
              57.09142205121444
            ],
            [
              -132.34372609703033,
              57.08771128703054
            ],
            [
              -132.0459265601024,
              57.04404365265262
            ],
            [
              -132.06481874400325,
              57.00005148388006
            ],
            [
              -132.06917182183406,
              56.98989912464744
            ],
            [
              -132.07256977577646,
              56.981884301701825
            ],
            [
              -132.0761125522238,
              56.973524057659255
            ],
            [
              -132.10966017550876,
              56.8941589289887
            ],
            [
              -132.11276366954542,
              56.88679855259215
            ],
            [
              -132.11839078361274,
              56.8734453059935
            ],
            [
              -132.1211469372525,
              56.8669011549506
            ],
            [
              -132.11315041623462,
              56.86497567433123
            ],
            [
              -132.09625124141772,
              56.86090399516641
            ],
            [
              -132.09008714545422,
              56.85941799245032
            ],
            [
              -132.05554131802523,
              56.8510815267702
            ],
            [
              -132.0382334113691,
              56.84689951502954
            ],
            [
              -132.00716371279623,
              56.839383440891666
            ],
            [
              -132.00000000181464,
              56.83764883966258
            ],
            [
              -131.87075825999014,
              56.806249786344694
            ],
            [
              -131.88913500590203,
              56.77558820360926
            ],
            [
              -131.89375499158757,
              56.76787112106735
            ],
            [
              -131.90183823643417,
              56.75436068035771
            ],
            [
              -131.8982075993374,
              56.750065152845075
            ],
            [
              -131.88972923528186,
              56.74002960063548
            ],
            [
              -131.85745704860338,
              56.70177345478164
            ],
            [
              -131.8481179814186,
              56.662048277201336
            ],
            [
              -131.84655543918274,
              56.6553931220622
            ],
            [
              -131.84528420220911,
              56.64997693490456
            ],
            [
              -131.84475594679134,
              56.64772595494118
            ],
            [
              -131.84295966357698,
              56.640068968636974
            ],
            [
              -131.84156297004165,
              56.63411300574473
            ],
            [
              -131.8336316797368,
              56.59877516227888
            ],
            [
              -131.75613203070526,
              56.603190488849876
            ],
            [
              -131.68370209724335,
              56.607328203420664
            ],
            [
              -131.65301658058524,
              56.608855848499296
            ],
            [
              -131.5817548162275,
              56.612371511277615
            ],
            [
              -131.54267192538995,
              56.58958903735862
            ],
            [
              -131.49999998455849,
              56.567774637561676
            ],
            [
              -131.46738488812215,
              56.551073038846376
            ],
            [
              -131.4273724617175,
              56.53733249823998
            ],
            [
              -131.41915277780345,
              56.53450677416441
            ],
            [
              -131.37608826658337,
              56.52043274216905
            ],
            [
              -131.33147953026867,
              56.50582553095112
            ],
            [
              -131.31554686721606,
              56.50005256208951
            ],
            [
              -131.31117989396483,
              56.498469564775206
            ],
            [
              -131.25028795774196,
              56.47636477084837
            ],
            [
              -131.20458330405268,
              56.45925904656865
            ],
            [
              -131.202093473369,
              56.45832620221931
            ],
            [
              -131.16415733714283,
              56.44728541121694
            ],
            [
              -131.08720274545212,
              56.406353175963474
            ],
            [
              -131.04331970943892,
              56.4009314325715
            ],
            [
              -131.02058367651728,
              56.39811517484562
            ],
            [
              -131.0020372343148,
              56.39581419902807
            ],
            [
              -130.99999997421742,
              56.395561242839236
            ],
            [
              -130.9765971041265,
              56.39265261664561
            ],
            [
              -130.8701823664123,
              56.37925879831263
            ],
            [
              -130.84779766697028,
              56.37642754664935
            ],
            [
              -130.83800017604855,
              56.37515355332034
            ],
            [
              -130.82935154781066,
              56.374081472306024
            ],
            [
              -130.7812075402609,
              56.36810050115764
            ],
            [
              -130.78139029881888,
              56.368061290914795
            ],
            [
              -130.77758103555445,
              56.36512072236521
            ],
            [
              -130.75687671103478,
              56.349117973655964
            ],
            [
              -130.74424641128252,
              56.34206607503647
            ],
            [
              -130.73385831252423,
              56.336262988912516
            ],
            [
              -130.7265797100787,
              56.332195310614416
            ],
            [
              -130.70937568395533,
              56.320119224383056
            ],
            [
              -130.68344087674615,
              56.30314136535091
            ],
            [
              -130.6755336420723,
              56.297960683406544
            ],
            [
              -130.6639652276343,
              56.28923049696979
            ],
            [
              -130.65623639614793,
              56.28339488103814
            ],
            [
              -130.64358561356215,
              56.27682730776912
            ],
            [
              -130.6334541282174,
              56.271564923234635
            ],
            [
              -130.62509851024805,
              56.268757995320655
            ],
            [
              -130.61249140769777,
              56.26452089980133
            ],
            [
              -130.5855131643143,
              56.25544585076657
            ],
            [
              -130.56384022206677,
              56.251785391561135
            ],
            [
              -130.56356154476364,
              56.25005186309125
            ],
            [
              -130.5535518109941,
              56.25004604630857
            ],
            [
              -130.54585246872713,
              56.24874367615563
            ],
            [
              -130.53405322857054,
              56.246746619261174
            ],
            [
              -130.4999999925207,
              56.24272534561976
            ],
            [
              -130.49808836227425,
              56.242499268061
            ],
            [
              -130.48244919755518,
              56.24201133896443
            ],
            [
              -130.465168998434,
              56.24146967768083
            ],
            [
              -130.465112269624,
              56.24147417282334
            ],
            [
              -130.44996091912378,
              56.2075777007301
            ],
            [
              -130.4465694021889,
              56.199884908279635
            ],
            [
              -130.42760359634596,
              56.15680483890443
            ],
            [
              -130.4197242402206,
              56.13887662653275
            ],
            [
              -130.3924074054294,
              56.13453272597738
            ],
            [
              -130.3315454427956,
              56.12259133109096
            ],
            [
              -130.3150795536168,
              56.11608731804931
            ],
            [
              -130.24124059138546,
              56.09580747987404
            ],
            [
              -130.10370110643157,
              56.122023729618824
            ],
            [
              -130.08649367342363,
              56.10230210926587
            ],
            [
              -130.0596493426854,
              56.07148816091067
            ],
            [
              -130.03833211674007,
              56.04747011234424
            ],
            [
              -130.03703997322265,
              56.04601310084971
            ],
            [
              -130.0306782848792,
              56.03883794506681
            ],
            [
              -130.00213909421873,
              56.006610749152934
            ],
            [
              -130.00339593009613,
              56.000003692213
            ],
            [
              -130.00582433729792,
              55.987231229142225
            ],
            [
              -130.02003517913005,
              55.91204214344584
            ],
            [
              -130.02040553802405,
              55.91007843016175
            ],
            [
              -130.004435572998,
              55.91141173980109
            ],
            [
              -130.00273133457128,
              55.91155388962966
            ],
            [
              -130.00626195473586,
              55.90663449907227
            ],
            [
              -130.00757156434494,
              55.90480944789388
            ],
            [
              -130.01263347777305,
              55.89775326499804
            ],
            [
              -130.03166069666196,
              55.86877228367077
            ],
            [
              -130.0325785445411,
              55.868736197399684
            ],
            [
              -130.0645698892603,
              55.83424413470698
            ],
            [
              -130.08476044757882,
              55.81167138491738
            ],
            [
              -130.12212424003047,
              55.80162177407791
            ],
            [
              -130.15130794445741,
              55.767318123458594
            ],
            [
              -130.1542934229952,
              55.75006547634193
            ],
            [
              -130.1732699853984,
              55.7500589435449
            ],
            [
              -130.17357215779506,
              55.74704118656747
            ],
            [
              -130.17067273727247,
              55.74216980590814
            ],
            [
              -130.1621427124251,
              55.737615070118395
            ],
            [
              -130.159838459194,
              55.7338537639494
            ],
            [
              -130.15980741619035,
              55.71782422082
            ],
            [
              -130.16372879337936,
              55.71027480281987
            ],
            [
              -130.17167863064276,
              55.704785294293146
            ],
            [
              -130.15733482506528,
              55.69941809669807
            ],
            [
              -130.13968380614205,
              55.68858836121233
            ],
            [
              -130.1327365178779,
              55.68432340529911
            ],
            [
              -130.1248168069358,
              55.67858992693493
            ],
            [
              -130.1221614351775,
              55.67049508084369
            ],
            [
              -130.12396096206638,
              55.63766155881207
            ],
            [
              -130.1244489938738,
              55.62868928964308
            ],
            [
              -130.13694599625353,
              55.61927817724919
            ],
            [
              -130.13520603893105,
              55.60723886145578
            ],
            [
              -130.13880699123155,
              55.60016248587934
            ],
            [
              -130.14764173605204,
              55.590728523126664
            ],
            [
              -130.147275318926,
              55.584106141098445
            ],
            [
              -130.1370815869152,
              55.56544834586759
            ],
            [
              -130.1398735814329,
              55.55154738089499
            ],
            [
              -130.1283979909553,
              55.530211647651754
            ],
            [
              -130.12003581025158,
              55.52633596830983
            ],
            [
              -130.11699907508967,
              55.52070923418696
            ],
            [
              -130.1116275296883,
              55.51077952220239
            ],
            [
              -130.11174849683155,
              55.50006893257382
            ],
            [
              -130.0891546064606,
              55.50006397790137
            ],
            [
              -130.08600587297016,
              55.49639963704085
            ],
            [
              -130.06505692065858,
              55.47664279955328
            ],
            [
              -130.0384713605146,
              55.44978576264032
            ],
            [
              -130.02625396872287,
              55.39247045356337
            ],
            [
              -130.02839274214503,
              55.368672242722326
            ],
            [
              -130.02578334689593,
              55.33852412739092
            ],
            [
              -129.99999999977265,
              55.319126551631165
            ],
            [
              -129.98654775415278,
              55.30899575219893
            ],
            [
              -129.97401054570696,
              55.28492147179171
            ],
            [
              -129.9910267140999,
              55.26954428075926
            ],
            [
              -129.9999999993768,
              55.26326547663126
            ],
            [
              -130.01891709523306,
              55.25001963078839
            ],
            [
              -130.07476493185425,
              55.21084174188749
            ],
            [
              -130.1051568283875,
              55.19072148623261
            ],
            [
              -130.13403223241414,
              55.15421493907598
            ],
            [
              -130.14763525866198,
              55.1384686739517
            ],
            [
              -130.14723563166206,
              55.13096517429182
            ],
            [
              -130.17140332251773,
              55.10174628111676
            ],
            [
              -130.1811637015411,
              55.082025673842786
            ],
            [
              -130.18997816114228,
              55.06333000339045
            ],
            [
              -130.19135335000223,
              55.060411386650436
            ],
            [
              -130.19925553758299,
              55.04822955195644
            ],
            [
              -130.20044214807095,
              55.0463995531084
            ],
            [
              -130.24467883320798,
              55.00760827721142
            ],
            [
              -130.24969302360083,
              55.00011841917723
            ],
            [
              -130.24977210149592,
              55.000000256736946
            ],
            [
              -130.24999273706592,
              55.00000002421168
            ],
            [
              -130.27159020684863,
              54.97601462138826
            ],
            [
              -130.28373426394353,
              54.9663336068816
            ],
            [
              -130.34671716198565,
              54.91866653036423
            ],
            [
              -130.3822768222636,
              54.89730855749544
            ],
            [
              -130.42317046098066,
              54.87356768043682
            ],
            [
              -130.45540135204192,
              54.85194803708572
            ],
            [
              -130.48325468626177,
              54.83585558702173
            ],
            [
              -130.50000000397597,
              54.82725178761206
            ],
            [
              -130.56793840502618,
              54.79227890949878
            ],
            [
              -130.60694284779842,
              54.7854590482747
            ],
            [
              -130.60859017324083,
              54.78464629057683
            ],
            [
              -130.61062761912015,
              54.784259737724696
            ],
            [
              -130.61111194962842,
              54.78431622605631
            ],
            [
              -130.6112672118318,
              54.78470063211634
            ],
            [
              -130.62742048866357,
              54.78186951818065
            ],
            [
              -130.65906328713817,
              54.76395020259616
            ],
            [
              -130.64145205714775,
              54.750069819250974
            ],
            [
              -130.62623864141685,
              54.738068917184265
            ],
            [
              -130.6302207064419,
              54.72698715398237
            ],
            [
              -130.61686449567324,
              54.70861319467944
            ],
            [
              -130.61678154224185,
              54.708498990138004
            ],
            [
              -130.61688303356868,
              54.70854488269655
            ],
            [
              -130.61685481233624,
              54.70849798103601
            ],
            [
              -130.76887518227852,
              54.70632828592099
            ],
            [
              -130.98889023321271,
              54.70281503973079
            ],
            [
              -130.99999998291798,
              54.70262594046384
            ],
            [
              -131.49999999761593,
              54.69294920078567
            ],
            [
              -131.99999829672436,
              54.68098965676322
            ],
            [
              -132.00000002132347,
              54.68098960654691
            ],
            [
              -132.08423015406086,
              54.67880674127571
            ],
            [
              -132.3365884602083,
              54.67187825379253
            ],
            [
              -132.50000002209782,
              54.66708084576696
            ],
            [
              -132.68123044303206,
              54.66147424868705
            ],
            [
              -132.68128733457013,
              54.66142392738811
            ],
            [
              -132.68312255020658,
              54.66138443149711
            ],
            [
              -132.68312583869823,
              54.66141165669156
            ],
            [
              -132.68341441449056,
              54.661378152847774
            ],
            [
              -132.6836092732347,
              54.661373953001984
            ],
            [
              -132.9246337820074,
              54.655920067681194
            ],
            [
              -132.99999998907168,
              54.653643758951645
            ],
            [
              -133.24395797466374,
              54.64591843784714
            ],
            [
              -133.24426879976969,
              54.59473055724667
            ],
            [
              -133.24484182011838,
              54.500005767605984
            ],
            [
              -133.2454750913917,
              54.39478120209101
            ],
            [
              -133.24660522165865,
              54.2500038489874
            ],
            [
              -133.24726136488314,
              54.165457049063114
            ],
            [
              -133.24698374589,
              54.135020054894866
            ],
            [
              -133.24670657896237,
              54.10458539379187
            ],
            [
              -133.24642986299716,
              54.074153072072846
            ],
            [
              -133.24615359689443,
              54.04372309605007
            ],
            [
              -133.24587777955827,
              54.013295472029405
            ],
            [
              -133.2457464988016,
              54.000004839960795
            ],
            [
              -133.24574648257237,
              54.00000422412766
            ],
            [
              -133.24557835293245,
              53.982974853421155
            ],
            [
              -133.24541846812713,
              53.952641084498055
            ],
            [
              -133.24524504440478,
              53.937587472905996
            ],
            [
              -133.2450334508603,
              53.92250473122307
            ],
            [
              -133.24492265965324,
              53.907377351563724
            ],
            [
              -133.24479770770373,
              53.89211624974404
            ],
            [
              -133.24481612366674,
              53.87721351945411
            ],
            [
              -133.24459526212226,
              53.86237205223961
            ],
            [
              -133.2443745664822,
              53.84753119024099
            ],
            [
              -133.24426426086296,
              53.8324067359638
            ],
            [
              -133.2441420754723,
              53.81733520395393
            ],
            [
              -133.24396018063533,
              53.79722587457803
            ],
            [
              -133.2425680847515,
              53.78985672437331
            ],
            [
              -133.24039607234639,
              53.777751133599075
            ],
            [
              -133.24034526892146,
              53.77610922772759
            ],
            [
              -133.23949987450345,
              53.75400449777996
            ],
            [
              -133.23879596163115,
              53.75001246401779
            ],
            [
              -133.23845445479753,
              53.748075185454496
            ],
            [
              -133.2360614039022,
              53.734501469656685
            ],
            [
              -133.23377121714904,
              53.72009407399261
            ],
            [
              -133.22014614876528,
              53.67543976490802
            ],
            [
              -133.1737646875625,
              53.55354502552339
            ],
            [
              -133.15453758227594,
              53.50006914816321
            ],
            [
              -133.14900669929878,
              53.48465899313294
            ],
            [
              -133.12527141580054,
              53.417808490485044
            ],
            [
              -133.1121841829841,
              53.38858660077339
            ],
            [
              -133.1088328524236,
              53.38109651813594
            ],
            [
              -133.0988748274047,
              53.35882346638425
            ],
            [
              -133.0707829204648,
              53.28840342948408
            ],
            [
              -133.0547748442835,
              53.25005041927934
            ],
            [
              -133.0427501152986,
              53.221191233060054
            ],
            [
              -133.02154995613049,
              53.16766027492748
            ],
            [
              -132.99999998826783,
              53.111030490836505
            ],
            [
              -132.95794483712513,
              53.000044692040476
            ],
            [
              -132.95794361562102,
              53.000041466509096
            ],
            [
              -132.95689069839474,
              52.99426422638139
            ],
            [
              -132.8996593664468,
              52.9242099318502
            ],
            [
              -132.82660527812104,
              52.83441038907131
            ],
            [
              -132.75827349513233,
              52.750009535755964
            ],
            [
              -132.75000000290956,
              52.74999999705405
            ],
            [
              -132.50000001988056,
              52.75000000638698
            ],
            [
              -132.49999998176222,
              52.56147151677676
            ],
            [
              -132.5000000092978,
              52.56014423076881
            ],
            [
              -132.47760053618433,
              52.54075291113488
            ],
            [
              -132.43202945900856,
              52.50005936518056
            ],
            [
              -132.31331112489073,
              52.39357426819617
            ],
            [
              -132.19706534217016,
              52.30777410259279
            ],
            [
              -132.10820261254852,
              52.250074026077854
            ],
            [
              -132.06716280325355,
              52.2233460290016
            ],
            [
              -131.999999952703,
              52.18569465171505
            ],
            [
              -131.9386705523721,
              52.15121554283313
            ],
            [
              -131.6689981688693,
              52.0441484031823
            ],
            [
              -131.61369750773488,
              52.02133510225017
            ],
            [
              -131.53027996237435,
              52.00003227344987
            ],
            [
              -131.4999999926917,
              51.992277404882635
            ],
            [
              -131.498677351324,
              51.991938400776704
            ],
            [
              -131.47889825248566,
              51.99099678859877
            ],
            [
              -131.34602613587376,
              51.96366538874468
            ],
            [
              -131.2175460754478,
              51.940667782643644
            ],
            [
              -131.19031626483368,
              51.931468630078314
            ],
            [
              -131.15071911484472,
              51.91318925656516
            ],
            [
              -131.071176481178,
              51.89068189640665
            ],
            [
              -131.0250012250886,
              51.88614857382713
            ],
            [
              -130.99999998475732,
              51.88739646088706
            ],
            [
              -130.97516460086342,
              51.888629960825114
            ],
            [
              -130.87490707344693,
              51.90672566465026
            ],
            [
              -130.8123796687862,
              51.91342793981839
            ],
            [
              -130.79383145436523,
              51.91791926302212
            ],
            [
              -130.75277775575006,
              51.92784485476182
            ],
            [
              -130.64892394097262,
              51.94358310954225
            ],
            [
              -130.5734870347322,
              51.950859106316244
            ],
            [
              -130.49999999898256,
              51.9623756859346
            ],
            [
              -130.4569623746445,
              51.96909306744672
            ],
            [
              -130.46896069663825,
              52.00003296250096
            ],
            [
              -130.49999999999685,
              52.07985484491621
            ],
            [
              -130.51652099771212,
              52.122212620489755
            ],
            [
              -130.54732467656103,
              52.16651012495922
            ],
            [
              -130.57115034534354,
              52.200701838207294
            ],
            [
              -130.60943889905985,
              52.2500742099911
            ],
            [
              -130.6769612509181,
              52.33682296961335
            ],
            [
              -130.71201043739723,
              52.389881617938826
            ],
            [
              -130.7901321368898,
              52.47005379676378
            ],
            [
              -130.81140640374142,
              52.500055548279455
            ],
            [
              -130.88734942834054,
              52.60676220759157
            ],
            [
              -130.97058225935785,
              52.74367286770835
            ],
            [
              -130.973338749634,
              52.75002840238699
            ],
            [
              -130.9889622286988,
              52.7860124479193
            ],
            [
              -131.00000000027882,
              52.810147488451285
            ],
            [
              -131.03999048281264,
              52.89734184843932
            ],
            [
              -131.04166437644224,
              52.90904104207144
            ],
            [
              -131.0476493209428,
              52.95009189277941
            ],
            [
              -131.04175960560644,
              53.000041232272764
            ],
            [
              -131.04175921622857,
              53.0000444596072
            ],
            [
              -131.03801324803442,
              53.03174898785201
            ],
            [
              -131.0071660390352,
              53.08426869863612
            ],
            [
              -131.00000000173026,
              53.09221160227982
            ],
            [
              -130.97654380824105,
              53.11818540347901
            ],
            [
              -130.89668600348833,
              53.16597291981252
            ],
            [
              -130.83651134082984,
              53.20229505017812
            ],
            [
              -130.77346974239862,
              53.2500250696772
            ],
            [
              -130.7563509756302,
              53.26296001032329
            ],
            [
              -130.73574363064978,
              53.286723400463984
            ],
            [
              -130.71064114498307,
              53.337731414203226
            ],
            [
              -130.69979223165652,
              53.36643956186775
            ],
            [
              -130.6807145133551,
              53.34246330309441
            ],
            [
              -130.64953340524053,
              53.31294226772542
            ],
            [
              -130.6057278768498,
              53.27627944295541
            ],
            [
              -130.56867439697427,
              53.25005870542395
            ],
            [
              -130.55343366203982,
              53.239259994046364
            ],
            [
              -130.51501654798827,
              53.21411448868692
            ],
            [
              -130.50000000728943,
              53.20570674312738
            ],
            [
              -130.47323586236368,
              53.19070751437935
            ],
            [
              -130.3762989843708,
              53.13610385384553
            ],
            [
              -130.289591132857,
              53.0955341316916
            ],
            [
              -130.19270510454635,
              53.05528691412388
            ],
            [
              -130.10246231830652,
              53.02859585820923
            ],
            [
              -130.01041498877012,
              53.003267282884835
            ],
            [
              -130.00290393210656,
              53.00054913157337
            ],
            [
              -130.00104967800021,
              53.0000012482966
            ],
            [
              -130.00104189162016,
              52.99999894183016
            ],
            [
              -129.99999998394216,
              52.99969106571923
            ],
            [
              -129.99999344918777,
              52.99968912587426
            ],
            [
              -129.94536115121088,
              52.983524516455226
            ],
            [
              -129.90952906236487,
              52.955697742790335
            ],
            [
              -129.84613629537773,
              52.90332314040257
            ],
            [
              -129.72181854321533,
              52.79337000951969
            ],
            [
              -129.6918182703962,
              52.762565419346274
            ],
            [
              -129.68023402344923,
              52.75005996409139
            ],
            [
              -129.65956630790643,
              52.72772649009499
            ],
            [
              -129.61776834140485,
              52.656737727982446
            ],
            [
              -129.5400306727919,
              52.537349505258625
            ],
            [
              -129.5000000097068,
              52.50328730119377
            ],
            [
              -129.496146501342,
              52.50000454719348
            ],
            [
              -129.4875893235556,
              52.49271242882258
            ],
            [
              -129.44732313604302,
              52.46888920146898
            ],
            [
              -129.39539225044288,
              52.44324057421973
            ],
            [
              -129.3253773908267,
              52.430593460729206
            ],
            [
              -129.26113185170948,
              52.42908741582689
            ],
            [
              -129.16181401371813,
              52.41609662357843
            ],
            [
              -129.12905602851288,
              52.41431619641251
            ],
            [
              -129.0759587962889,
              52.411408089121096
            ],
            [
              -129.0000000224297,
              52.40506453305221
            ],
            [
              -128.94587743572933,
              52.40050953081612
            ],
            [
              -128.87035962874987,
              52.38822515743923
            ],
            [
              -128.84924462050196,
              52.38555513565368
            ],
            [
              -128.83241669387834,
              52.377876512282505
            ],
            [
              -128.8155953118204,
              52.370195345050085
            ],
            [
              -128.8047706467798,
              52.36375327036445
            ],
            [
              -128.80438110135827,
              52.36352136305344
            ],
            [
              -128.80436870025946,
              52.363514008404046
            ],
            [
              -128.79022244154578,
              52.31880396867905
            ],
            [
              -128.7677610392284,
              52.250019886135924
            ],
            [
              -128.7492816674543,
              52.19325473015762
            ],
            [
              -128.7632897003861,
              52.18538976913071
            ],
            [
              -128.77350291840622,
              52.17744708006758
            ],
            [
              -128.78568660447357,
              52.16551694147073
            ],
            [
              -128.80661060495214,
              52.146225939173426
            ],
            [
              -128.81956529651316,
              52.12822944876366
            ],
            [
              -128.82220705464874,
              52.000063510371156
            ],
            [
              -128.82222180641176,
              52.00006352369283
            ],
            [
              -128.8922000142382,
              52.00007438463822
            ],
            [
              -129.00000001355522,
              51.9999980749441
            ],
            [
              -129.0681221265657,
              52.00005939874565
            ],
            [
              -129.05789074875582,
              51.93529733173855
            ],
            [
              -129.02158852795185,
              51.86125379189585
            ],
            [
              -129.0000000029287,
              51.821095616978546
            ],
            [
              -128.99999999535873,
              51.75000000765663
            ],
            [
              -128.99999999398958,
              51.49999998796912
            ],
            [
              -128.9999999865837,
              51.2499999988623
            ],
            [
              -129.00000001369108,
              51.20052160353815
            ],
            [
              -129.01680617115036,
              51.11414185247084
            ],
            [
              -129.02907901620435,
              51.08283077791541
            ],
            [
              -129.05976993065903,
              51.00432319050938
            ],
            [
              -129.0624648567632,
              51.000059674115796
            ],
            [
              -129.06246586544248,
              51.00005810478132
            ],
            [
              -129.0843837688484,
              50.96557513180144
            ],
            [
              -129.09393138422388,
              50.95151696979916
            ],
            [
              -129.1115097307845,
              50.90603897420975
            ],
            [
              -129.11989091937346,
              50.85258626411468
            ],
            [
              -129.1194860022788,
              50.812761664513324
            ],
            [
              -129.10192201952438,
              50.75501324990798
            ],
            [
              -129.09928692815674,
              50.75007461893525
            ],
            [
              -129.07631086365598,
              50.706962443796186
            ],
            [
              -129.05957766201183,
              50.6863577552847
            ],
            [
              -129.0306703576665,
              50.65555533647355
            ],
            [
              -128.9999999773799,
              50.62805225041253
            ],
            [
              -128.98416511433365,
              50.61383529348014
            ],
            [
              -128.87043408868314,
              50.51685046237431
            ],
            [
              -128.8493824874676,
              50.50007504928507
            ],
            [
              -128.84718852461376,
              50.49832573460379
            ],
            [
              -128.8000311625199,
              50.46068018188484
            ],
            [
              -128.69445447923513,
              50.374492197620064
            ],
            [
              -128.57052672103345,
              50.275088214423924
            ],
            [
              -128.518658533616,
              50.250021751626896
            ],
            [
              -128.49999999114723,
              50.24099095620621
            ],
            [
              -128.42402854105956,
              50.20414574116059
            ],
            [
              -128.35809450037354,
              50.177222735476995
            ],
            [
              -128.18440180030976,
              50.104355517414234
            ],
            [
              -128.06818010523338,
              50.04501571438686
            ],
            [
              -128.00000634536963,
              50.00544131145875
            ],
            [
              -128.00000621950585,
              50.00000170210494
            ],
            [
              -128.0000000161391,
              50.000001715413774
            ],
            [
              -127.99999995737879,
              50.00000002665309
            ],
            [
              -127.99066821527765,
              50.000011380681194
            ],
            [
              -127.99041747032172,
              49.99986554213912
            ],
            [
              -127.9846852275514,
              49.996531238303895
            ],
            [
              -127.92339291678027,
              49.934489007883926
            ],
            [
              -127.92337483711002,
              49.93464531349602
            ],
            [
              -127.87500350515006,
              49.88107146052225
            ],
            [
              -127.83256730598528,
              49.83394453386098
            ],
            [
              -127.7831614210264,
              49.77306033129251
            ],
            [
              -127.758633968611,
              49.750010613637805
            ],
            [
              -127.70477436438368,
              49.699290350943
            ],
            [
              -127.70425079808909,
              49.698983405921346
            ],
            [
              -127.69480227300278,
              49.6934429001877
            ],
            [
              -127.67229780233194,
              49.680237346339155
            ],
            [
              -127.50000000975764,
              49.578701335900305
            ],
            [
              -127.45208271846236,
              49.55262461541742
            ],
            [
              -127.45207438672557,
              49.55262008215908
            ],
            [
              -127.29490352167367,
              49.51378429619871
            ],
            [
              -127.29436417540843,
              49.513798799896904
            ],
            [
              -126.99999999626434,
              49.52127227730186
            ],
            [
              -126.96029244097546,
              49.52340943991546
            ],
            [
              -126.78239611769402,
              49.5324221145736
            ],
            [
              -126.72263368637645,
              49.5353763467289
            ],
            [
              -126.64786639054394,
              49.53902032415298
            ],
            [
              -126.61447219981426,
              49.54044530893695
            ],
            [
              -126.6144583925418,
              49.54044589151797
            ],
            [
              -126.60723789506811,
              49.52799462740091
            ],
            [
              -126.61128999934826,
              49.50007902820772
            ],
            [
              -126.61201002194595,
              49.495115115494436
            ],
            [
              -126.61754254043045,
              49.45693574505969
            ],
            [
              -126.62457518073742,
              49.42672053759045
            ],
            [
              -126.62861990612728,
              49.39960369902861
            ],
            [
              -126.62346564348661,
              49.3841123747337
            ],
            [
              -126.61300316706904,
              49.36658653227183
            ],
            [
              -126.59399566979347,
              49.347994322302895
            ],
            [
              -126.57267684361764,
              49.337652261699496
            ],
            [
              -126.50815324915764,
              49.31958700873535
            ],
            [
              -126.4999999914644,
              49.31781043837494
            ],
            [
              -126.47359036692387,
              49.312050159172536
            ],
            [
              -126.43037070967738,
              49.30260469982358
            ],
            [
              -126.37354890152126,
              49.29004184835951
            ],
            [
              -126.30130176068928,
              49.269642009401956
            ],
            [
              -126.29740526453149,
              49.268539744389635
            ],
            [
              -126.2857607869983,
              49.264101230217285
            ],
            [
              -126.25147748907895,
              49.251020349305726
            ],
            [
              -126.25029127523082,
              49.25000038076123
            ],
            [
              -126.17479010174746,
              49.18495330468592
            ],
            [
              -126.14323962782274,
              49.16200784234777
            ],
            [
              -126.12591105951424,
              49.14939116053491
            ],
            [
              -126.08930059516454,
              49.122702160566575
            ],
            [
              -126.0286805190573,
              49.083836255950246
            ],
            [
              -126.02285894440799,
              49.08009831579036
            ],
            [
              -125.9999999931029,
              49.065411558656606
            ],
            [
              -125.99999708621365,
              49.0654097048341
            ],
            [
              -125.967598905246,
              49.04456841118735
            ],
            [
              -125.92352370694465,
              49.006406757745175
            ],
            [
              -125.91421622937095,
              49.000073851080586
            ],
            [
              -125.91421479063902,
              49.00007285925303
            ],
            [
              -125.88640776599885,
              48.98113676579205
            ],
            [
              -125.85829422756701,
              48.96196774917289
            ],
            [
              -125.79977521124404,
              48.92564213918581
            ],
            [
              -125.7515825862289,
              48.90161609328838
            ],
            [
              -125.75096701187367,
              48.90130888351533
            ],
            [
              -125.7508876970029,
              48.90126929344679
            ],
            [
              -125.74783785682838,
              48.89998684364615
            ],
            [
              -125.69301635629822,
              48.87679636983749
            ],
            [
              -125.62783889463759,
              48.84915374658519
            ],
            [
              -125.55651258238234,
              48.82619686633246
            ],
            [
              -125.5020429253497,
              48.80861425849953
            ],
            [
              -125.50029762479028,
              48.80805019033091
            ],
            [
              -125.50000000222937,
              48.80790737335279
            ],
            [
              -125.37979247302039,
              48.75008110774835
            ],
            [
              -125.37476050317818,
              48.747653969686006
            ],
            [
              -125.33734157327189,
              48.729588958315475
            ],
            [
              -125.31644057768314,
              48.717030940819534
            ],
            [
              -125.18610035861616,
              48.638459444217055
            ],
            [
              -125.18471959830575,
              48.637624710401624
            ],
            [
              -125.09712150281206,
              48.59694128157942
            ],
            [
              -125.02985824693323,
              48.569665312866725
            ],
            [
              -124.99999999743918,
              48.5592073873556
            ],
            [
              -124.98259141483199,
              48.553103465427675
            ],
            [
              -124.8910253206244,
              48.52939817236266
            ],
            [
              -124.84293516308577,
              48.52157202183039
            ],
            [
              -124.84468914425614,
              48.54280390664592
            ],
            [
              -124.84509427754593,
              48.54770528629711
            ],
            [
              -124.59830548705195,
              48.513657696508986
            ],
            [
              -124.59866074079567,
              48.513592146196586
            ],
            [
              -124.59355231924343,
              48.512894754065385
            ],
            [
              -124.49999998717037,
              48.5000713913723
            ],
            [
              -124.50000001466483,
              48.50000000669142
            ],
            [
              -124.49948608764578,
              48.50000066923299
            ],
            [
              -124.49941740606289,
              48.497676643806905
            ],
            [
              -124.49938715079143,
              48.49691407977185
            ],
            [
              -124.47162653987894,
              48.48317078463835
            ],
            [
              -124.44432869736721,
              48.470834237551614
            ],
            [
              -124.40009811337039,
              48.450788289855254
            ],
            [
              -124.37959673837328,
              48.44111795970871
            ],
            [
              -124.33492447746949,
              48.41657113636704
            ],
            [
              -124.33206985206814,
              48.415009976907214
            ],
            [
              -124.32583509519168,
              48.41159956690147
            ],
            [
              -124.31027301949277,
              48.40308319202757
            ],
            [
              -124.27629547623144,
              48.38457929189424
            ],
            [
              -124.25231548179701,
              48.37776541454412
            ],
            [
              -124.2486512299417,
              48.376685639258994
            ],
            [
              -124.17887208760564,
              48.35702497442342
            ],
            [
              -124.13203663109962,
              48.34379079466142
            ],
            [
              -124.02800899944828,
              48.3142864318711
            ],
            [
              -124.01748261884107,
              48.311292519882024
            ],
            [
              -123.99999999099167,
              48.306316677535335
            ],
            [
              -123.99999999027139,
              48.30195862894409
            ],
            [
              -123.99999999373797,
              48.30017520767853
            ],
            [
              -124.00000001075269,
              48.298041063546094
            ],
            [
              -123.99999999637302,
              48.29501443799898
            ],
            [
              -123.99758033458043,
              48.294600174918926
            ],
            [
              -123.9947419459093,
              48.29411410103784
            ],
            [
              -123.78322216573623,
              48.25762588366768
            ],
            [
              -123.75567936261311,
              48.252835791005225
            ],
            [
              -123.7302425577294,
              48.25272650339577
            ],
            [
              -123.7179814969766,
              48.2528938673713
            ],
            [
              -123.69508295515924,
              48.253169968077614
            ],
            [
              -123.67055990354173,
              48.25346098577817
            ],
            [
              -123.6164746283056,
              48.253851826539425
            ],
            [
              -123.50000000645363,
              48.24999999789278
            ],
            [
              -123.43032601935545,
              48.25006597491187
            ],
            [
              -123.24999999142804,
              48.25000001089519
            ],
            [
              -123.24999282995688,
              48.25008848008095
            ],
            [
              -123.24723331402359,
              48.28410825916287
            ],
            [
              -123.14539066421062,
              48.39030661745736
            ],
            [
              -123.11380916149477,
              48.423117746429185
            ],
            [
              -123.15831909409401,
              48.45349646274632
            ],
            [
              -123.15852219269519,
              48.45363495207157
            ],
            [
              -123.18719702761854,
              48.50006140788254
            ],
            [
              -123.18901178379178,
              48.502836901595195
            ],
            [
              -123.18973742096524,
              48.503946209135655
            ],
            [
              -123.18981273289373,
              48.50406134372765
            ],
            [
              -123.2002913018404,
              48.52008079548673
            ],
            [
              -123.20308586912273,
              48.52441291274651
            ],
            [
              -123.2105133793366,
              48.535922923067986
            ],
            [
              -123.21044678511377,
              48.53619294369893
            ],
            [
              -123.21797258720568,
              48.54745121187472
            ],
            [
              -123.2183739734655,
              48.548617595624435
            ],
            [
              -123.21889438263288,
              48.550129779177986
            ],
            [
              -123.22501423786109,
              48.56790429000151
            ],
            [
              -123.23180208101363,
              48.58679130344573
            ],
            [
              -123.23637679250196,
              48.59950358465963
            ],
            [
              -123.23640951592448,
              48.59960226846054
            ],
            [
              -123.24687331274353,
              48.631124101535285
            ],
            [
              -123.24689079288896,
              48.63117409177528
            ],
            [
              -123.25065616873954,
              48.641936744858754
            ],
            [
              -123.25078124072566,
              48.64231437939001
            ],
            [
              -123.2511344484364,
              48.64338087557977
            ],
            [
              -123.25129455947419,
              48.643859205963786
            ],
            [
              -123.25346384908785,
              48.65033872204065
            ],
            [
              -123.25774604705364,
              48.663123763234694
            ],
            [
              -123.26836475914351,
              48.693569420586016
            ],
            [
              -123.26826884897159,
              48.693604521989634
            ],
            [
              -123.26785156551483,
              48.693757261123
            ],
            [
              -123.26443156516834,
              48.69500888565057
            ],
            [
              -123.22436386457674,
              48.70641417521229
            ],
            [
              -123.2061202086578,
              48.71159980983113
            ],
            [
              -123.18943941709203,
              48.7163734061768
            ],
            [
              -123.17053401176162,
              48.7217789462099
            ],
            [
              -123.1638577762197,
              48.72368664891894
            ],
            [
              -123.14819197740073,
              48.72816065700838
            ],
            [
              -123.13782755667438,
              48.73108708746152
            ],
            [
              -123.10169393232398,
              48.7412779225245
            ],
            [
              -123.10088164510013,
              48.74150679792032
            ],
            [
              -123.09021179524596,
              48.74451244395453
            ],
            [
              -123.07029185670457,
              48.75005117658069
            ],
            [
              -123.06921713134344,
              48.750050527471274
            ],
            [
              -123.0691655911519,
              48.75006500633809
            ],
            [
              -123.00849174495579,
              48.76710041157239
            ],
            [
              -123.00849043056036,
              48.79692524892433
            ],
            [
              -123.00848975432102,
              48.813130007018785
            ],
            [
              -123.00848896213093,
              48.83121442086858
            ],
            [
              -123.08526027081773,
              48.872932935327086
            ],
            [
              -123.14903618272264,
              48.90781422774413
            ],
            [
              -123.20755991271628,
              48.93973885734379
            ],
            [
              -123.23906602714645,
              48.956892187076555
            ],
            [
              -123.24603503683214,
              48.96068327894271
            ],
            [
              -123.25691432072945,
              48.966599278920434
            ],
            [
              -123.31855141239765,
              49.00006582473995
            ],
            [
              -123.27176556983687,
              49.00223077153766
            ],
            [
              -123.23169364012797,
              49.00213609610552
            ],
            [
              -123.19888603221675,
              49.002021446116395
            ],
            [
              -123.19915104654628,
              49.002160836301385
            ],
            [
              -123.16291372277186,
              49.002088283637214
            ],
            [
              -123.14392023264509,
              49.00204484707714
            ],
            [
              -123.12737768236468,
              49.00212825197538
            ],
            [
              -123.12722549835965,
              49.00212901570023
            ],
            [
              -123.11069629708592,
              49.00220950448512
            ],
            [
              -123.10739843347912,
              49.00216404162126
            ],
            [
              -123.0908630390591,
              49.00193432804892
            ],
            [
              -123.0897733840631,
              49.00191908336168
            ],
            [
              -123.08926822146825,
              49.00194289422083
            ],
            [
              -123.08866381389954,
              49.00197136507429
            ],
            [
              -123.08835959097892,
              49.00200837595921
            ],
            [
              -123.0782379072754,
              49.002035962587954
            ],
            [
              -123.06861087958664,
              49.0020612387139
            ],
            [
              -123.06841800102593,
              49.00206173377285
            ],
            [
              -123.06789163540797,
              49.00198205330198
            ],
            [
              -123.0678711388804,
              49.00197894488088
            ],
            [
              -123.06544468327345,
              49.002012049143175
            ],
            [
              -123.06302460831299,
              49.002019578554886
            ],
            [
              -123.05748487215038,
              49.00203656791441
            ],
            [
              -123.0540805990701,
              49.00204686932463
            ],
            [
              -123.04078086402963,
              49.002045822435676
            ],
            [
              -123.03957757264166,
              49.00204617444868
            ],
            [
              -123.03793456843492,
              49.002014078996574
            ],
            [
              -123.03769940536733,
              49.00202082235944
            ],
            [
              -123.03615010750636,
              49.002065293509425
            ],
            [
              -123.03526569203812,
              49.002067995273016
            ],
            [
              -123.02291850931181,
              49.002105074564945
            ],
            [
              -123.01980801399402,
              49.00210477333412
            ],
            [
              -123.00000001519318,
              49.002412793016425
            ],
            [
              -122.95891751027303,
              49.002423437613224
            ],
            [
              -122.95891742874869,
              49.00209452318621
            ],
            [
              -122.89417844418782,
              49.00227753213701
            ],
            [
              -122.87021193067997,
              49.00227846603065
            ],
            [
              -122.86837923526392,
              49.00228293808385
            ],
            [
              -122.86668877208085,
              49.00228706254098
            ],
            [
              -122.85927100073454,
              49.00230467736627
            ],
            [
              -122.85355825909251,
              49.00231789682229
            ],
            [
              -122.84558783054315,
              49.002335773440755
            ],
            [
              -122.83000042235982,
              49.00211749074466
            ],
            [
              -122.82563853062096,
              49.00205592752396
            ],
            [
              -122.82266288955479,
              49.00201384882847
            ],
            [
              -122.81685348054175,
              49.00193140093
            ],
            [
              -122.81283790380674,
              49.00192989596544
            ],
            [
              -122.81226610692454,
              49.00192967716866
            ],
            [
              -122.80969071290468,
              49.001928581974624
            ],
            [
              -122.8088716739085,
              49.00192823028089
            ],
            [
              -122.80660784001564,
              49.00191914481282
            ],
            [
              -122.8013452237497,
              49.00189779801596
            ],
            [
              -122.79986520746274,
              49.001891749118606
            ],
            [
              -122.79430637744699,
              49.00218629062234
            ],
            [
              -122.79238964662646,
              49.00228776411619
            ],
            [
              -122.79148115438282,
              49.00233586191515
            ],
            [
              -122.7890837965839,
              49.002462694988566
            ],
            [
              -122.76074286507587,
              49.00223563249531
            ],
            [
              -122.75806089802046,
              49.00221372351637
            ],
            [
              -122.75778104465245,
              49.00221928356705
            ],
            [
              -122.75762730993075,
              49.002222326507784
            ],
            [
              -122.75710064960637,
              49.00223599880068
            ],
            [
              -122.75702499331632,
              49.002237956177034
            ],
            [
              -122.75603273416111,
              49.002259948794595
            ],
            [
              -122.75515091050414,
              49.00227951848301
            ],
            [
              -122.75513550242788,
              49.00224390781412
            ],
            [
              -122.75503810401838,
              49.0021707071046
            ],
            [
              -122.75492950200045,
              49.00216109509078
            ],
            [
              -122.7516033828864,
              49.0021459960606
            ],
            [
              -122.74984067756392,
              49.00214669427366
            ],
            [
              -122.74908183139502,
              49.00214646293667
            ],
            [
              -122.74801820967646,
              49.00214611697402
            ],
            [
              -122.74785113135485,
              49.00214604948535
            ],
            [
              -122.74686672482805,
              49.002145700640796
            ],
            [
              -122.74629492268151,
              49.002145528403666
            ],
            [
              -122.74117235924085,
              49.00214502743684
            ],
            [
              -122.73944647664835,
              49.002146640931606
            ],
            [
              -122.73728466906203,
              49.00214848268296
            ],
            [
              -122.7361230404479,
              49.00214861183069
            ],
            [
              -122.73559534941379,
              49.00215014906894
            ],
            [
              -122.73543391338032,
              49.00215060026577
            ],
            [
              -122.73113071347044,
              49.00216300569481
            ],
            [
              -122.7298581782678,
              49.00216287724346
            ],
            [
              -122.72430715966009,
              49.00216210586921
            ],
            [
              -122.72395162799708,
              49.002162041417535
            ],
            [
              -122.7235961672973,
              49.00216200913235
            ],
            [
              -122.72350039286468,
              49.00216197208235
            ],
            [
              -122.7233783310139,
              49.002161961629135
            ],
            [
              -122.72336367595473,
              49.002161961851385
            ],
            [
              -122.722666482028,
              49.00216183568266
            ],
            [
              -122.71695129003,
              49.00216068499127
            ],
            [
              -122.716896581795,
              49.0021606614302
            ],
            [
              -122.71462693884989,
              49.00216012276141
            ],
            [
              -122.71377739456379,
              49.002159899334245
            ],
            [
              -122.71331430948169,
              49.00216063826199
            ],
            [
              -122.71114052018,
              49.00216413203827
            ],
            [
              -122.70996472120814,
              49.00216598407221
            ],
            [
              -122.7061093419764,
              49.002171997118324
            ],
            [
              -122.70543931637157,
              49.00217304552667
            ],
            [
              -122.70217922417287,
              49.00217799973901
            ],
            [
              -122.70166570455723,
              49.0021790281977
            ],
            [
              -122.69847950933196,
              49.00218531232403
            ],
            [
              -122.6966497989541,
              49.00218888922881
            ],
            [
              -122.69388569233365,
              49.002186150945406
            ],
            [
              -122.69120628647255,
              49.00218340615725
            ],
            [
              -122.68953794290542,
              49.002185391809036
            ],
            [
              -122.68755069605582,
              49.002187703499686
            ],
            [
              -122.68684883427449,
              49.00221358542851
            ],
            [
              -122.68639310997082,
              49.00223040156366
            ],
            [
              -122.6857225643951,
              49.00222818308632
            ],
            [
              -122.68485891663808,
              49.002225302081975
            ],
            [
              -122.68439637947392,
              49.00222283803163
            ],
            [
              -122.6816286361218,
              49.002208088688135
            ],
            [
              -122.68103280331994,
              49.002204906141785
            ],
            [
              -122.6799305851676,
              49.00219903017098
            ],
            [
              -122.67750689445432,
              49.00220633541029
            ],
            [
              -122.67701470172716,
              49.00220780358637
            ],
            [
              -122.67608491352428,
              49.002210585254815
            ],
            [
              -122.6737738899519,
              49.00221743210755
            ],
            [
              -122.67153134878777,
              49.00222406274734
            ],
            [
              -122.66934642518919,
              49.00223046850359
            ],
            [
              -122.65980354196488,
              49.00227978739028
            ],
            [
              -122.65809160222338,
              49.002238170735936
            ],
            [
              -122.65558834217966,
              49.00223756178417
            ],
            [
              -122.6499142650466,
              49.00223592955072
            ],
            [
              -122.64897093834618,
              49.00223564349898
            ],
            [
              -122.64704379530703,
              49.00223499785574
            ],
            [
              -122.64497840592968,
              49.00224011998975
            ],
            [
              -122.64439053339032,
              49.002241593156256
            ],
            [
              -122.64404887159878,
              49.00224241775036
            ],
            [
              -122.64157000254238,
              49.00224851054505
            ],
            [
              -122.63737649383638,
              49.0022532280967
            ],
            [
              -122.63691157694407,
              49.002253740195435
            ],
            [
              -122.63665178427748,
              49.00225404109727
            ],
            [
              -122.63604619430507,
              49.00225470966019
            ],
            [
              -122.63167549188722,
              49.00225774259167
            ],
            [
              -122.62887245622092,
              49.00225957700175
            ],
            [
              -122.62792891857909,
              49.00226020312069
            ],
            [
              -122.62656143400477,
              49.00226105456447
            ],
            [
              -122.62520238631039,
              49.00226190242965
            ],
            [
              -122.62281514931308,
              49.002260750413214
            ],
            [
              -122.61923287178472,
              49.00225895340873
            ],
            [
              -122.61515311646069,
              49.0022567517032
            ],
            [
              -122.61463881721775,
              49.00225645461722
            ],
            [
              -122.60930643293808,
              49.0022533038735
            ],
            [
              -122.60535494062269,
              49.00225082032137
            ],
            [
              -122.60307526818227,
              49.00224929767848
            ],
            [
              -122.59999536264904,
              49.002232464215155
            ],
            [
              -122.59472229045416,
              49.00220339547618
            ],
            [
              -122.58902972252595,
              49.0022295234986
            ],
            [
              -122.5809921010144,
              49.00226590405359
            ],
            [
              -122.57940436735329,
              49.00226745094219
            ],
            [
              -122.57792766565974,
              49.00226888005278
            ],
            [
              -122.5775175106275,
              49.00226927699027
            ],
            [
              -122.57096115825658,
              49.00227533737726
            ],
            [
              -122.56968363913623,
              49.00227647276767
            ],
            [
              -122.56470661869645,
              49.00228074678344
            ],
            [
              -122.5589713098868,
              49.00228540135573
            ],
            [
              -122.55637966320765,
              49.002287424667735
            ],
            [
              -122.55357672948124,
              49.002289533861045
            ],
            [
              -122.55343998794201,
              49.00228963987637
            ],
            [
              -122.55067802944468,
              49.00229164071895
            ],
            [
              -122.54901927852018,
              49.002292795191615
            ],
            [
              -122.54800530824687,
              49.00227459408455
            ],
            [
              -122.54147637984899,
              49.00228503969693
            ],
            [
              -122.54107978884805,
              49.002285656010706
            ],
            [
              -122.5378665411347,
              49.00229062052933
            ],
            [
              -122.53683619454223,
              49.002292210488434
            ],
            [
              -122.53127649327621,
              49.002298514944
            ],
            [
              -122.53098935636336,
              49.00229884094184
            ],
            [
              -122.5280224465969,
              49.002302061803405
            ],
            [
              -122.52712011285882,
              49.002303032250815
            ],
            [
              -122.52591469562337,
              49.00230431413346
            ],
            [
              -122.52419400344796,
              49.00230612458017
            ],
            [
              -122.52344227731221,
              49.00230692060732
            ],
            [
              -122.52334654740243,
              49.00230701799334
            ],
            [
              -122.52316883339908,
              49.0023072076058
            ],
            [
              -122.52211597895766,
              49.00230826855523
            ],
            [
              -122.52070774911535,
              49.00230969939928
            ],
            [
              -122.51909438429884,
              49.00231133412453
            ],
            [
              -122.51856117137464,
              49.00231184490808
            ],
            [
              -122.51471461553837,
              49.00231558894278
            ],
            [
              -122.51384378908597,
              49.00231449542337
            ],
            [
              -122.5133379321583,
              49.0023138572329
            ],
            [
              -122.50104619346371,
              49.002297466650695
            ],
            [
              -122.49261167989921,
              49.00228539899674
            ],
            [
              -122.48610012030859,
              49.00229091244044
            ],
            [
              -122.48563179505767,
              49.002291288403214
            ],
            [
              -122.48499861753251,
              49.00229527430201
            ],
            [
              -122.48378601387513,
              49.00230290617293
            ],
            [
              -122.48081170553195,
              49.00229008973358
            ],
            [
              -122.47943735323143,
              49.00229785727929
            ],
            [
              -122.47825780445069,
              49.002304496047515
            ],
            [
              -122.47699069776878,
              49.00230392956805
            ],
            [
              -122.4740155661102,
              49.00230251996068
            ],
            [
              -122.47336119314824,
              49.00230220426323
            ],
            [
              -122.4664212084632,
              49.00232169051081
            ],
            [
              -122.46474156701981,
              49.00232605128639
            ],
            [
              -122.46228898485955,
              49.002332336464434
            ],
            [
              -122.4607389856008,
              49.00233636402673
            ],
            [
              -122.45915570857088,
              49.00225659446121
            ],
            [
              -122.45915453446997,
              49.00225644696221
            ],
            [
              -122.44898979595285,
              49.00229669284816
            ],
            [
              -122.42688267856089,
              49.002299580011226
            ],
            [
              -122.40431548560507,
              49.00232628543695
            ],
            [
              -122.38221886818658,
              49.0023473320096
            ],
            [
              -122.38210356224484,
              49.00234741660666
            ],
            [
              -122.36017351791165,
              49.002358555928986
            ],
            [
              -122.36014549833067,
              49.00235835243567
            ],
            [
              -122.34265477982873,
              49.00222516746144
            ],
            [
              -122.3398598062012,
              49.00217363323264
            ],
            [
              -122.32704755561153,
              49.00223416478002
            ],
            [
              -122.3200588211553,
              49.00245036724983
            ],
            [
              -122.31880732475027,
              49.00242468202056
            ],
            [
              -122.31613099838755,
              49.002417717034554
            ],
            [
              -122.31574273896192,
              49.00241676325134
            ],
            [
              -122.29354456045208,
              49.002456387747536
            ],
            [
              -122.28130195395165,
              49.00236472374857
            ],
            [
              -122.27157497447432,
              49.00229078897524
            ],
            [
              -122.26735937354702,
              49.00231286250987
            ],
            [
              -122.26671856596656,
              49.00233641525895
            ],
            [
              -122.26669377152182,
              49.002335085702306
            ],
            [
              -122.26632543715297,
              49.002315222821615
            ],
            [
              -122.26585424820107,
              49.00228235219812
            ],
            [
              -122.26501844935436,
              49.00232393929555
            ],
            [
              -122.26478267178994,
              49.00231112242334
            ],
            [
              -122.26192405105594,
              49.002318317585434
            ],
            [
              -122.25702585875007,
              49.00233044391793
            ],
            [
              -122.24910243016421,
              49.00234953076624
            ],
            [
              -122.23446466453804,
              49.00224700625254
            ],
            [
              -122.2313248943744,
              49.00228518263754
            ],
            [
              -122.22903667070528,
              49.002312940692974
            ],
            [
              -122.22754068331513,
              49.002331058580616
            ],
            [
              -122.22254648204061,
              49.002394986979745
            ],
            [
              -122.22100055813904,
              49.0023343711899
            ],
            [
              -122.21386757773054,
              49.00228824737729
            ],
            [
              -122.20657308427157,
              49.00230030878962
            ],
            [
              -122.20644919871977,
              49.00231975896055
            ],
            [
              -122.15927901025694,
              49.00238340395049
            ],
            [
              -122.15917681422867,
              49.00239383465389
            ],
            [
              -122.15915234962686,
              49.00239037203214
            ],
            [
              -122.1562044144859,
              49.00233143182493
            ],
            [
              -122.14330935034369,
              49.00226618969882
            ],
            [
              -122.1408209502703,
              49.002261404654625
            ],
            [
              -122.13019268962833,
              49.00224020505512
            ],
            [
              -122.12279104841298,
              49.002236746954075
            ],
            [
              -122.1167742276635,
              49.00220977896117
            ],
            [
              -122.11677438352747,
              49.00223376988567
            ],
            [
              -122.00000002528851,
              49.0000839722674
            ],
            [
              -121.99586526306342,
              49.00000525359654
            ],
            [
              -121.97798390339186,
              49.00002594626889
            ],
            [
              -121.97131615075604,
              49.0000328261005
            ],
            [
              -121.94240846356792,
              49.00005729839839
            ],
            [
              -121.87669492934867,
              49.0000808033943
            ],
            [
              -121.85462725355342,
              49.00007867777975
            ],
            [
              -121.85206084123008,
              49.00007809960197
            ],
            [
              -121.85206049199245,
              49.00007810138871
            ],
            [
              -121.75000000289538,
              48.9999999855114
            ],
            [
              -121.6137577354346,
              49.00008015608711
            ],
            [
              -121.6134657963025,
              49.0000801137549
            ],
            [
              -121.49999999914805,
              49.000000003666685
            ],
            [
              -121.45907245466765,
              49.00004424719128
            ],
            [
              -121.44560253260316,
              49.000055037134985
            ],
            [
              -121.27292340115997,
              49.00002692132415
            ],
            [
              -121.27292270266518,
              49.000026920713076
            ],
            [
              -121.24999999635006,
              49.00000000006798
            ],
            [
              -121.21540825249222,
              49.00003855192859
            ],
            [
              -121.09038712867596,
              49.00007463042613
            ],
            [
              -121.08992138582387,
              49.00007446838871
            ],
            [
              -121.06530008060733,
              49.000062366027585
            ],
            [
              -121.0634649456498,
              49.00006122519953
            ],
            [
              -120.999999991807,
              48.99999999699318
            ],
            [
              -120.84840827446462,
              49.00007714685099
            ],
            [
              -120.84840757599072,
              49.00007714317257
            ],
            [
              -120.80382825527802,
              49.00005460942801
            ],
            [
              -120.77073915839853,
              49.00002488465789
            ],
            [
              -120.74860545246273,
              49.000001789297016
            ],
            [
              -120.72240875316652,
              49.000031735224766
            ],
            [
              -120.68136648653177,
              49.00006438724175
            ],
            [
              -120.61869217850438,
              49.00008060423728
            ],
            [
              -120.60588108248787,
              49.00007893618845
            ],
            [
              -120.55647677194634,
              49.000056533125466
            ],
            [
              -120.54638693187916,
              49.00004884358
            ],
            [
              -120.51620410816653,
              49.00001959020009
            ],
            [
              -120.50000000239777,
              49.00002037813191
            ],
            [
              -120.4846688155396,
              49.00001861408623
            ],
            [
              -120.46314807561707,
              49.00004062378328
            ],
            [
              -120.40254729343646,
              49.00007688394953
            ],
            [
              -120.36996735905586,
              49.000080678634
            ],
            [
              -120.35940221630412,
              49.00010517407818
            ],
            [
              -120.32680383666475,
              49.000173428229424
            ],
            [
              -120.30442673901742,
              49.0002139183294
            ],
            [
              -120.26990993493094,
              49.00026623624251
            ],
            [
              -120.24447628789358,
              49.00029689582426
            ],
            [
              -120.06982080533537,
              49.00032665816082
            ],
            [
              -120.03164374383553,
              49.00029116751562
            ],
            [
              -119.99999998950773,
              49.00025028117961
            ],
            [
              -119.99317730424231,
              49.00024012356351
            ],
            [
              -119.96642702028953,
              49.00019560775211
            ],
            [
              -119.96340114334095,
              49.00019009772746
            ],
            [
              -119.9462313036993,
              49.00015708718472
            ],
            [
              -119.91811816089152,
              49.00009646300833
            ],
            [
              -119.90097249368208,
              49.0000984103923
            ],
            [
              -119.88756909714631,
              49.00009782726813
            ],
            [
              -119.8787537077738,
              49.00009643325813
            ],
            [
              -119.87175497447141,
              49.00010067482735
            ],
            [
              -119.80101486075536,
              49.000115274730234
            ],
            [
              -119.77320806833409,
              49.000106830827775
            ],
            [
              -119.76963190422686,
              49.00010516248368
            ],
            [
              -119.74877704872435,
              49.00009282438804
            ],
            [
              -119.748171013179,
              49.00009238956493
            ],
            [
              -119.74794514073591,
              49.000092225703014
            ],
            [
              -119.7472905215234,
              49.000029280424926
            ],
            [
              -119.74663455259922,
              49.00003592290784
            ],
            [
              -119.74651248844357,
              49.000091216826576
            ],
            [
              -119.7424745733492,
              49.00008820188085
            ],
            [
              -119.74144220828919,
              49.00008739253879
            ],
            [
              -119.73687969136309,
              49.00008374941705
            ],
            [
              -119.72590128663701,
              49.00007410822132
            ],
            [
              -119.72584687555316,
              49.00007405166953
            ],
            [
              -119.72129211774744,
              49.000069665894905
            ],
            [
              -119.72102072529297,
              49.00006939257646
            ],
            [
              -119.70300448273012,
              49.00004994009764
            ],
            [
              -119.70270561376891,
              49.00004959324289
            ],
            [
              -119.70174769178698,
              49.000050347116726
            ],
            [
              -119.67106897474903,
              49.0000726975399
            ],
            [
              -119.64394692183461,
              49.00007896866654
            ],
            [
              -119.62612343561457,
              49.00008081048309
            ],
            [
              -119.5442583213016,
              49.00004709966729
            ],
            [
              -119.53598202882733,
              49.00004030609936
            ],
            [
              -119.5325581171056,
              49.00004469052905
            ],
            [
              -119.50000001765328,
              49.00008032680889
            ],
            [
              -119.4738662413367,
              49.00011388193354
            ],
            [
              -119.47337214401291,
              49.000114457659436
            ],
            [
              -119.47127743490883,
              49.000102667077805
            ],
            [
              -119.46898129626481,
              49.000113286845476
            ],
            [
              -119.46533097508139,
              49.00013003897546
            ],
            [
              -119.46324894353556,
              49.00013289786919
            ],
            [
              -119.46250304320107,
              49.00013352842526
            ],
            [
              -119.46108561236531,
              49.00013594428496
            ],
            [
              -119.45647657831154,
              49.0001384184363
            ],
            [
              -119.44535195086358,
              49.00007705976661
            ],
            [
              -119.44473458412267,
              49.00007364769418
            ],
            [
              -119.44290432101033,
              49.00006341811239
            ],
            [
              -119.4418791979112,
              49.00005769069027
            ],
            [
              -119.43152359881928,
              49.0000642935691
            ],
            [
              -119.42198556361095,
              49.00006940504463
            ],
            [
              -119.40904038967932,
              49.000074819542824
            ],
            [
              -119.29492322384745,
              49.000047657296804
            ],
            [
              -119.2845430864059,
              49.000038508780996
            ],
            [
              -119.25000000112007,
              49.000000007407145
            ],
            [
              -119.18539071065995,
              49.000061958795754
            ],
            [
              -119.18101200900888,
              49.000064580770726
            ],
            [
              -119.18036155282572,
              49.000064965498375
            ],
            [
              -119.17888989401874,
              49.00006579273822
            ],
            [
              -119.14172563194278,
              49.000079348457916
            ],
            [
              -119.13693508286156,
              49.00008007169934
            ],
            [
              -119.13138245854391,
              49.00008061741714
            ],
            [
              -119.0834030324417,
              49.000071865047246
            ],
            [
              -119.02981565195148,
              49.000033945404596
            ],
            [
              -119.02605463114035,
              49.00003016923405
            ],
            [
              -119.02045491439114,
              49.000024276148764
            ],
            [
              -119.00848174086669,
              49.00001060018853
            ],
            [
              -119.00000001375335,
              49.000097405507695
            ],
            [
              -118.99907083791608,
              49.00010685510122
            ],
            [
              -118.96408924748798,
              49.00019442996344
            ],
            [
              -118.94675034661726,
              49.000136115040284
            ],
            [
              -118.89078802695919,
              49.00019587393496
            ],
            [
              -118.86435770877998,
              49.00018528827715
            ],
            [
              -118.85767162299416,
              49.00018520785367
            ],
            [
              -118.85032752485476,
              49.00018766932363
            ],
            [
              -118.83939104123785,
              49.0001903161521
            ],
            [
              -118.83301954878017,
              49.00019278503278
            ],
            [
              -118.82491124721102,
              49.00018640825578
            ],
            [
              -118.81058200995406,
              49.000187324441
            ],
            [
              -118.79972567566332,
              49.00018630877039
            ],
            [
              -118.77128308220044,
              49.000190401067215
            ],
            [
              -118.77060475140529,
              49.00019039866309
            ],
            [
              -118.77060244875291,
              49.000187220755926
            ],
            [
              -118.76998716384412,
              49.00018767160676
            ],
            [
              -118.7699971963733,
              49.00019782951177
            ],
            [
              -118.76332855743968,
              49.00019067921654
            ],
            [
              -118.76161941397446,
              49.00018980474018
            ],
            [
              -118.76112781692984,
              49.00018986557061
            ],
            [
              -118.75038435698295,
              49.000190826582596
            ],
            [
              -118.74992589673272,
              49.00019082766087
            ],
            [
              -118.70530066266107,
              49.00018154077287
            ],
            [
              -118.69690547934142,
              49.00017938915082
            ],
            [
              -118.6831231240085,
              49.00017442347484
            ],
            [
              -118.68033373341201,
              49.000170113493354
            ],
            [
              -118.65841662968133,
              49.00018142613755
            ],
            [
              -118.61909381291548,
              49.00018231702776
            ],
            [
              -118.616413984863,
              49.000183914010194
            ],
            [
              -118.61635083199282,
              49.000183950749886
            ],
            [
              -118.61173799149441,
              49.00018635312528
            ],
            [
              -118.6061356638323,
              49.00007898478983
            ],
            [
              -118.60610285639163,
              49.00007898199805
            ],
            [
              -118.59107831308805,
              49.00007486719688
            ],
            [
              -118.59106667286616,
              49.00007485589399
            ],
            [
              -118.55663837377087,
              49.00005664118801
            ],
            [
              -118.54554637242227,
              49.00004815700373
            ],
            [
              -118.53427908336954,
              49.00003824602862
            ],
            [
              -118.53410212966487,
              49.00003810056148
            ],
            [
              -118.53400412775083,
              49.000038008094826
            ],
            [
              -118.52091756386022,
              49.00002477233683
            ],
            [
              -118.52069827979385,
              49.00002452102156
            ],
            [
              -118.50501726886633,
              49.00000635919393
            ],
            [
              -118.50475093273693,
              49.00000601652344
            ],
            [
              -118.50377746867642,
              49.00000481090744
            ],
            [
              -118.50306737123813,
              49.00000391328818
            ],
            [
              -118.50216359362263,
              49.00000278372022
            ],
            [
              -118.50101239128793,
              49.00000132280331
            ],
            [
              -118.49999998681659,
              49.000000008842896
            ],
            [
              -118.4983258488646,
              49.000002150176726
            ],
            [
              -118.47767258505097,
              49.00002629058619
            ],
            [
              -118.47473544714923,
              49.00004415682598
            ],
            [
              -118.4496488629156,
              49.00019610698202
            ],
            [
              -118.44409773302677,
              49.000193765266836
            ],
            [
              -118.43535181921015,
              49.000061969315986
            ],
            [
              -118.43067108256184,
              49.000064799527976
            ],
            [
              -118.43020588006175,
              49.00006505817281
            ],
            [
              -118.419951045261,
              49.00007036743453
            ],
            [
              -118.40905395184046,
              49.00015935698499
            ],
            [
              -118.40487376471056,
              49.00007619355578
            ],
            [
              -118.37655160001181,
              49.00008079738683
            ],
            [
              -118.36616355467373,
              49.00017148337633
            ],
            [
              -118.35198525574754,
              49.00017658270346
            ],
            [
              -118.33586536953547,
              49.000175470077764
            ],
            [
              -118.31993851082876,
              49.00016874431436
            ],
            [
              -118.31219718537744,
              49.000164457660354
            ],
            [
              -118.31025645139691,
              49.00016329986697
            ],
            [
              -118.30294173723982,
              49.00016519525144
            ],
            [
              -118.29781012041634,
              49.00016294357964
            ],
            [
              -118.2891187328744,
              49.000158551083594
            ],
            [
              -118.27634858973884,
              49.000156602149296
            ],
            [
              -118.27003187256494,
              49.00015435012104
            ],
            [
              -118.24427252582088,
              49.000203416338955
            ],
            [
              -118.23020308544994,
              49.00031100389261
            ],
            [
              -118.23019022173169,
              49.00027377624196
            ],
            [
              -118.230188985249,
              49.00027020463763
            ],
            [
              -118.23007590147277,
              49.00018230332306
            ],
            [
              -118.22998502633646,
              49.00014764589006
            ],
            [
              -118.22991460024626,
              49.00012079415453
            ],
            [
              -118.22982438761,
              49.0001090729692
            ],
            [
              -118.22970759575246,
              49.00009390275737
            ],
            [
              -118.22889333248625,
              49.00011963204505
            ],
            [
              -118.22872609249043,
              49.00012490185416
            ],
            [
              -118.2275712881831,
              49.00012485295348
            ],
            [
              -118.22653336233482,
              49.000124782645315
            ],
            [
              -118.2258959469453,
              49.00012475678501
            ],
            [
              -118.22521312830841,
              49.00012470386281
            ],
            [
              -118.2251229994421,
              49.000124714565764
            ],
            [
              -118.2246382201489,
              49.000174332789875
            ],
            [
              -118.21687383905734,
              49.00016956740468
            ],
            [
              -118.20916261585013,
              49.00016968419132
            ],
            [
              -118.19721289851677,
              49.00016836222472
            ],
            [
              -118.19718164838248,
              49.000168444145984
            ],
            [
              -118.1966042333968,
              49.00017013073279
            ],
            [
              -118.19657665452044,
              49.0001702175594
            ],
            [
              -118.19600982158343,
              49.000171844255675
            ],
            [
              -118.1959857996874,
              49.00017182876271
            ],
            [
              -118.19201738452188,
              49.000168193508145
            ],
            [
              -118.19106036015468,
              49.00016908217911
            ],
            [
              -118.15435030524631,
              49.00018239450022
            ],
            [
              -118.14468429287115,
              49.000197745922854
            ],
            [
              -118.13546936386835,
              49.00020785213237
            ],
            [
              -118.11764107242476,
              49.00022900902803
            ],
            [
              -118.10473655443585,
              49.0002842222603
            ],
            [
              -118.08322864303017,
              49.000269383968536
            ],
            [
              -118.06216223545289,
              49.00029456482964
            ],
            [
              -118.06195287530647,
              49.000294796301915
            ],
            [
              -118.06190856313918,
              49.00027175842429
            ],
            [
              -118.0465739846073,
              49.00031087386606
            ],
            [
              -118.02453474353453,
              49.000337773868466
            ],
            [
              -118.01875145972133,
              49.00034399720639
            ],
            [
              -118.00188008144326,
              49.00035679430736
            ],
            [
              -117.99999997994553,
              49.0003607297736
            ],
            [
              -117.9422161495605,
              49.00046366307468
            ],
            [
              -117.93541114091065,
              49.00047060196518
            ],
            [
              -117.93211248742288,
              49.0004737896009
            ],
            [
              -117.88607853622109,
              49.000512650166854
            ],
            [
              -117.87920150955487,
              49.000520293402275
            ],
            [
              -117.85640262135026,
              49.00055101829235
            ],
            [
              -117.84550890479328,
              49.00056381657633
            ],
            [
              -117.83416591075179,
              49.000575832501724
            ],
            [
              -117.83172086214492,
              49.00057755124371
            ],
            [
              -117.83158321192893,
              49.000577646445294
            ],
            [
              -117.82676932759283,
              49.00058241204482
            ],
            [
              -117.80534510965543,
              49.000600679522854
            ],
            [
              -117.80462043603137,
              49.000596737441896
            ],
            [
              -117.75849081925926,
              49.000639340012924
            ],
            [
              -117.7580935237811,
              49.00064010290489
            ],
            [
              -117.75796716932848,
              49.00064033019125
            ],
            [
              -117.74893415752554,
              49.000656795678275
            ],
            [
              -117.72204157480512,
              49.00071128417394
            ],
            [
              -117.67548828907108,
              49.00076834296865
            ],
            [
              -117.63626145282085,
              49.00081518235991
            ],
            [
              -117.63199023549501,
              49.00081670537911
            ],
            [
              -117.63053372304724,
              49.00081708014439
            ],
            [
              -117.62830891067301,
              49.000817631472486
            ],
            [
              -117.6261941132004,
              49.00081810130582
            ],
            [
              -117.6253390091439,
              49.00081715475248
            ],
            [
              -117.62513125380347,
              49.00081707771286
            ],
            [
              -117.62468672300658,
              49.000816916877305
            ],
            [
              -117.59531363510803,
              49.00080126071559
            ],
            [
              -117.59442579959843,
              49.0008006529876
            ],
            [
              -117.59353704878292,
              49.00079621471454
            ],
            [
              -117.56399096400487,
              49.00076452654467
            ],
            [
              -117.56374487611927,
              49.00076571211555
            ],
            [
              -117.55444765648876,
              49.00075680292424
            ],
            [
              -117.52665157891029,
              49.000716116468006
            ],
            [
              -117.5245324040353,
              49.000716766785
            ],
            [
              -117.5000000204474,
              49.00067899228242
            ],
            [
              -117.49446677120649,
              49.00066961560025
            ],
            [
              -117.49011890327087,
              49.00066118127017
            ],
            [
              -117.46965213885187,
              49.00066657803088
            ],
            [
              -117.46332104465252,
              49.00061895996799
            ],
            [
              -117.43705731407836,
              49.00067647040679
            ],
            [
              -117.42047403021925,
              49.00060882886489
            ],
            [
              -117.37732166428377,
              49.000419509199396
            ],
            [
              -117.35336800055386,
              49.000396409869474
            ],
            [
              -117.35169998099255,
              49.00039250202945
            ],
            [
              -117.35149488802014,
              49.000393132992286
            ],
            [
              -117.34835018801405,
              49.000375682287
            ],
            [
              -117.34122675830469,
              49.00033399832682
            ],
            [
              -117.3199795079657,
              49.000196962707726
            ],
            [
              -117.31130390805797,
              49.00016962092624
            ],
            [
              -117.29973030366095,
              49.00013191795624
            ],
            [
              -117.29944019301134,
              49.00013094882996
            ],
            [
              -117.2683530431106,
              49.000022751631164
            ],
            [
              -117.19984834665735,
              49.00005182858717
            ],
            [
              -117.1773344500077,
              49.000066634328995
            ],
            [
              -117.15872845540589,
              49.000074918512226
            ],
            [
              -117.13909749836893,
              49.000079801635856
            ],
            [
              -117.13850872616274,
              49.0000798750735
            ],
            [
              -117.135232933777,
              49.00008027109097
            ],
            [
              -117.13066258144495,
              49.00008064731846
            ],
            [
              -117.11666105793444,
              49.000080454529694
            ],
            [
              -117.0473074446858,
              49.00004958993885
            ],
            [
              -117.03795233219974,
              49.00004161423404
            ],
            [
              -117.02201181674421,
              49.00002685239139
            ],
            [
              -117.01517598358073,
              49.000018942241084
            ],
            [
              -116.99999999699531,
              49.00002715714156
            ],
            [
              -116.96727971425844,
              49.00003676224903
            ],
            [
              -116.96623599100084,
              49.000039000659484
            ],
            [
              -116.93361028712852,
              49.000063050821744
            ],
            [
              -116.91355060811956,
              49.000078134690845
            ],
            [
              -116.90316538616837,
              49.000084300466426
            ],
            [
              -116.90316559091161,
              49.00008402197044
            ],
            [
              -116.8258508610115,
              49.00009415684238
            ],
            [
              -116.75534973037786,
              49.000019999744346
            ],
            [
              -116.69937192605842,
              49.000052201763715
            ],
            [
              -116.6993715713581,
              49.000052242244095
            ],
            [
              -116.69905235899,
              49.0000778342067
            ],
            [
              -116.68172490965894,
              49.00006417294683
            ],
            [
              -116.61197506672093,
              49.00007993069757
            ],
            [
              -116.56784317943226,
              49.00009339403524
            ],
            [
              -116.50788321221269,
              49.00001304073479
            ],
            [
              -116.50344205409469,
              49.00000560693045
            ],
            [
              -116.50065896039234,
              49.00000085490504
            ],
            [
              -116.50036766845477,
              49.000000479955354
            ],
            [
              -116.49999999334118,
              49.00000001516484
            ],
            [
              -116.49963037011756,
              49.000000487974994
            ],
            [
              -116.49944058433314,
              49.000000726904304
            ],
            [
              -116.49900463036215,
              49.00000276633549
            ],
            [
              -116.4931730062969,
              49.0000085946776
            ],
            [
              -116.45620180822317,
              49.00005476387145
            ],
            [
              -116.38257462729264,
              49.000082732623234
            ],
            [
              -116.35449215471242,
              49.00007864331003
            ],
            [
              -116.3362708014066,
              49.00007964605269
            ],
            [
              -116.32832894602451,
              49.00006956253566
            ],
            [
              -116.2757444730725,
              49.000029851614
            ],
            [
              -116.17802603617021,
              49.00009049042431
            ],
            [
              -116.1771769981207,
              49.00006672968557
            ],
            [
              -116.1274270522581,
              49.000083477015664
            ],
            [
              -116.06347482173966,
              49.000067427817484
            ],
            [
              -116.05870712500932,
              49.000058096569916
            ],
            [
              -116.02706433476946,
              49.00003138024685
            ],
            [
              -116.02706004226553,
              49.0000313736047
            ],
            [
              -116.02704893324882,
              49.00091738698824
            ],
            [
              -116.01347467929972,
              49.00094655290842
            ],
            [
              -116.01008388820786,
              49.000953564969635
            ],
            [
              -116.00000002194838,
              49.00097365041336
            ],
            [
              -115.98431767515801,
              49.001002805400006
            ],
            [
              -115.93423671275299,
              49.001078861930026
            ],
            [
              -115.8181188486806,
              49.00115542591369
            ],
            [
              -115.81625529775452,
              49.00115550080404
            ],
            [
              -115.75839358901283,
              49.001140473270794
            ],
            [
              -115.70875189700517,
              49.001099976251695
            ],
            [
              -115.67526932763474,
              49.00105825818629
            ],
            [
              -115.6482447702971,
              49.00101612451126
            ],
            [
              -115.60589906976206,
              49.00093494652627
            ],
            [
              -115.550385559069,
              49.00080039765011
            ],
            [
              -115.51999444489867,
              49.00071323415338
            ],
            [
              -115.51386981417006,
              49.00069450852357
            ],
            [
              -115.51387210661085,
              49.00069880126408
            ],
            [
              -115.51387288494284,
              49.00070025611394
            ],
            [
              -115.50282717251626,
              49.000792435696404
            ],
            [
              -115.50114967803479,
              49.00013359081445
            ],
            [
              -115.50000000948708,
              49.00012581671088
            ],
            [
              -115.48437468238475,
              49.000018955936454
            ],
            [
              -115.45436873304321,
              49.00004823459813
            ],
            [
              -115.32392460752803,
              49.00006733027596
            ],
            [
              -115.31167906189802,
              49.0000600805172
            ],
            [
              -115.28178941727552,
              49.000035863888705
            ],
            [
              -115.26435190919116,
              49.00001748811764
            ],
            [
              -115.25917001492854,
              49.000011424001165
            ],
            [
              -115.24034425781461,
              49.000011994744426
            ],
            [
              -115.20812163458041,
              49.000045067921626
            ],
            [
              -115.19182525774077,
              49.00005772003457
            ],
            [
              -115.18168148829196,
              49.0000641976383
            ],
            [
              -115.18084902631581,
              49.000064685840265
            ],
            [
              -115.17097610360706,
              49.000069876052706
            ],
            [
              -115.17011951515666,
              49.00007028146337
            ],
            [
              -115.12814977350595,
              49.00008072630871
            ],
            [
              -115.0826145213197,
              49.00007152244224
            ],
            [
              -115.06059979808803,
              49.00005936905737
            ],
            [
              -115.05711854405232,
              49.00005698786612
            ],
            [
              -115.05544951655637,
              49.00005579740439
            ],
            [
              -115.04804308482854,
              49.00005585568127
            ],
            [
              -115.00000001313464,
              49.00004254330269
            ],
            [
              -114.97661753087753,
              49.000027397647294
            ],
            [
              -114.93972135033532,
              49.00005914193342
            ],
            [
              -114.89755253289928,
              49.000078174248536
            ],
            [
              -114.86188855932127,
              49.00007993424958
            ],
            [
              -114.80025684635314,
              49.00005193445015
            ],
            [
              -114.78368285275627,
              49.00003768757708
            ],
            [
              -114.76351113501188,
              49.000016525106666
            ],
            [
              -114.72624940652123,
              49.00012845898005
            ],
            [
              -114.67665550582673,
              49.00025515631904
            ],
            [
              -114.67335430035241,
              49.0001883697737
            ],
            [
              -114.6715630604716,
              49.00007258172457
            ],
            [
              -114.63721256420706,
              49.00080313194162
            ],
            [
              -114.61217488280965,
              49.000764822307964
            ],
            [
              -114.5060978852515,
              49.00098126947671
            ],
            [
              -114.49886900169896,
              49.00102319397353
            ],
            [
              -114.4917757203404,
              49.00103142879411
            ],
            [
              -114.47962248606898,
              49.00095213551217
            ],
            [
              -114.45723065342156,
              49.001113291940484
            ],
            [
              -114.41062432311452,
              49.001220799367466
            ],
            [
              -114.36679772823675,
              49.001037075312254
            ],
            [
              -114.35280100799163,
              49.0009015276742
            ],
            [
              -114.31365132448845,
              49.00075838044718
            ],
            [
              -114.21975863092514,
              49.00011300584663
            ],
            [
              -114.18042144085842,
              48.999786354273546
            ],
            [
              -114.12691433285454,
              48.99937995393712
            ],
            [
              -114.06833210989367,
              48.998850496589526
            ],
            [
              -114.07036795661989,
              49.00077455787905
            ],
            [
              -114.07180479565358,
              49.002359555033166
            ],
            [
              -114.07200369343545,
              49.00336618855055
            ],
            [
              -114.07184046385969,
              49.00421208834517
            ],
            [
              -114.07233849076827,
              49.00494536977382
            ],
            [
              -114.0717270039109,
              49.00591926664876
            ],
            [
              -114.06891287097633,
              49.00767753329226
            ],
            [
              -114.0656945725054,
              49.01117038496107
            ],
            [
              -114.0587192563557,
              49.018281489619305
            ],
            [
              -114.05588166324277,
              49.02222340902212
            ],
            [
              -114.05483415213148,
              49.02392266434141
            ],
            [
              -114.05461191885749,
              49.02429862900208
            ],
            [
              -114.0537582644813,
              49.02654472876132
            ],
            [
              -114.05661259502742,
              49.02783595377261
            ],
            [
              -114.06191805926034,
              49.03738641060734
            ],
            [
              -114.0630052237821,
              49.04021131258304
            ],
            [
              -114.06367118208232,
              49.04277411561722
            ],
            [
              -114.063496067675,
              49.04531156580884
            ],
            [
              -114.0644059984637,
              49.045956019302956
            ],
            [
              -114.06556453668227,
              49.04617844460635
            ],
            [
              -114.06652960081618,
              49.04667366467576
            ],
            [
              -114.06767980290994,
              49.04812256856295
            ],
            [
              -114.0695034734369,
              49.04972806538769
            ],
            [
              -114.07301519924042,
              49.05170149550431
            ],
            [
              -114.07617229650833,
              49.05353277622342
            ],
            [
              -114.07998415764456,
              49.057657157863
            ],
            [
              -114.08097635842371,
              49.059688459730395
            ],
            [
              -114.08253427960071,
              49.05963433934253
            ],
            [
              -114.08596595145914,
              49.0587260816141
            ],
            [
              -114.08923681591511,
              49.05839952013321
            ],
            [
              -114.09296848499156,
              49.058778525554196
            ],
            [
              -114.09647963566282,
              49.059754058680234
            ],
            [
              -114.10012800675752,
              49.06128622101267
            ],
            [
              -114.10414144986039,
              49.063411402810345
            ],
            [
              -114.10693965396065,
              49.06496519722312
            ],
            [
              -114.10783613794013,
              49.06620266808441
            ],
            [
              -114.11102414320129,
              49.06820762355545
            ],
            [
              -114.11371478732956,
              49.07055839062892
            ],
            [
              -114.1148652000364,
              49.07286969077752
            ],
            [
              -114.11581086872694,
              49.073823113965325
            ],
            [
              -114.11776900917742,
              49.07399032357658
            ],
            [
              -114.12959302379339,
              49.07810359416375
            ],
            [
              -114.13044979145255,
              49.07889677359844
            ],
            [
              -114.13262685688758,
              49.08255074456789
            ],
            [
              -114.1351938568633,
              49.08393284047262
            ],
            [
              -114.13973110923625,
              49.08711210911546
            ],
            [
              -114.1421037923608,
              49.08962992767538
            ],
            [
              -114.14764595035383,
              49.09411155996769
            ],
            [
              -114.15314913867718,
              49.099510395686856
            ],
            [
              -114.15351209504226,
              49.10114859710382
            ],
            [
              -114.15323410293057,
              49.10312245189362
            ],
            [
              -114.15171433604739,
              49.10485024430673
            ],
            [
              -114.14895787579883,
              49.1073297325444
            ],
            [
              -114.1496028739603,
              49.11107969188416
            ],
            [
              -114.14926990760574,
              49.115427866983524
            ],
            [
              -114.14963787198539,
              49.11806389694597
            ],
            [
              -114.15313062049897,
              49.11986015483403
            ],
            [
              -114.15656325425206,
              49.12303254068832
            ],
            [
              -114.15774262925058,
              49.123657948826875
            ],
            [
              -114.158521438389,
              49.126286301783665
            ],
            [
              -114.16071371402619,
              49.127486193810896
            ],
            [
              -114.16213235586204,
              49.13150501998109
            ],
            [
              -114.16441932064735,
              49.133862523978884
            ],
            [
              -114.16605940148948,
              49.13555789734983
            ],
            [
              -114.16539128555172,
              49.1370810007745
            ],
            [
              -114.16232867117262,
              49.138272861442076
            ],
            [
              -114.15622339050869,
              49.140197608389684
            ],
            [
              -114.15279512019318,
              49.14147710477726
            ],
            [
              -114.14903791886374,
              49.14365255446258
            ],
            [
              -114.15114954627833,
              49.145326091622415
            ],
            [
              -114.15615838427556,
              49.14784970108996
            ],
            [
              -114.15971096310828,
              49.14999543188356
            ],
            [
              -114.16192921197882,
              49.15173422603007
            ],
            [
              -114.16203661179557,
              49.153161716761005
            ],
            [
              -114.16141072013495,
              49.154489885414286
            ],
            [
              -114.16124978499333,
              49.15483135814655
            ],
            [
              -114.16621983516224,
              49.15672174284597
            ],
            [
              -114.17132789538734,
              49.16000487503742
            ],
            [
              -114.17259849407051,
              49.16242615903262
            ],
            [
              -114.17490451914352,
              49.16355053887641
            ],
            [
              -114.18037834030861,
              49.164334178513904
            ],
            [
              -114.19524413252147,
              49.1690496456853
            ],
            [
              -114.19894632346997,
              49.16923545010369
            ],
            [
              -114.20395854134745,
              49.16976189078213
            ],
            [
              -114.20917011395254,
              49.172075531781296
            ],
            [
              -114.21265268612612,
              49.17344110025035
            ],
            [
              -114.21572612507029,
              49.17836607132477
            ],
            [
              -114.21648382522146,
              49.18172383147267
            ],
            [
              -114.21711593696789,
              49.184141606147094
            ],
            [
              -114.21921746382792,
              49.18489518681048
            ],
            [
              -114.22154485866737,
              49.18905583848066
            ],
            [
              -114.23046718049521,
              49.189271099766714
            ],
            [
              -114.23468601179205,
              49.18537190361436
            ],
            [
              -114.24053575955654,
              49.18467283655373
            ],
            [
              -114.24540486900149,
              49.185651758789696
            ],
            [
              -114.24671531212493,
              49.187277156910206
            ],
            [
              -114.25130094708605,
              49.1826066839793
            ],
            [
              -114.25229840950362,
              49.180530712984876
            ],
            [
              -114.25414739963303,
              49.179403669300335
            ],
            [
              -114.25712576285048,
              49.17700797569472
            ],
            [
              -114.26090236688393,
              49.17775075355787
            ],
            [
              -114.2632922722231,
              49.179588072932894
            ],
            [
              -114.26632763804224,
              49.17969786073152
            ],
            [
              -114.26745753012172,
              49.179738713230556
            ],
            [
              -114.26944050541023,
              49.180992069539236
            ],
            [
              -114.27736497376547,
              49.17971184836051
            ],
            [
              -114.27994817958502,
              49.178039951495236
            ],
            [
              -114.28730150514886,
              49.178024384461494
            ],
            [
              -114.28866590558357,
              49.178744609540864
            ],
            [
              -114.28936206568808,
              49.18041294546255
            ],
            [
              -114.28849208587496,
              49.18314103504086
            ],
            [
              -114.29010004013627,
              49.18600608497795
            ],
            [
              -114.29472113016816,
              49.188249429633686
            ],
            [
              -114.29856602397778,
              49.189394460176324
            ],
            [
              -114.30096210780818,
              49.1908102114748
            ],
            [
              -114.30624163720717,
              49.19137280689395
            ],
            [
              -114.31045637650875,
              49.192034706547176
            ],
            [
              -114.31331679765111,
              49.1937055537311
            ],
            [
              -114.31483417660526,
              49.196120432701264
            ],
            [
              -114.3168749095502,
              49.19903870176053
            ],
            [
              -114.3184409141526,
              49.1999725361393
            ],
            [
              -114.32284407093327,
              49.19982777773088
            ],
            [
              -114.32819891314264,
              49.198954387247895
            ],
            [
              -114.33534278823714,
              49.199695170272086
            ],
            [
              -114.33687532753753,
              49.19942981612376
            ],
            [
              -114.33958640020806,
              49.195993096099656
            ],
            [
              -114.34290651955524,
              49.19435085670923
            ],
            [
              -114.3455906062996,
              49.19357076828549
            ],
            [
              -114.35012924957243,
              49.19452025059319
            ],
            [
              -114.35560039539347,
              49.19655621468176
            ],
            [
              -114.356367140485,
              49.19699261231479
            ],
            [
              -114.35890106924847,
              49.198434723062796
            ],
            [
              -114.36071404442897,
              49.20051563188897
            ],
            [
              -114.36074362263568,
              49.2008268575015
            ],
            [
              -114.36086032628921,
              49.20205494237818
            ],
            [
              -114.36282150666567,
              49.20264703716769
            ],
            [
              -114.36616922273112,
              49.20365755565545
            ],
            [
              -114.37734124910344,
              49.202869632372845
            ],
            [
              -114.38681603841978,
              49.20503757234431
            ],
            [
              -114.38972186826618,
              49.207063713987644
            ],
            [
              -114.39118382502706,
              49.20681460099498
            ],
            [
              -114.39895729693116,
              49.21036520221126
            ],
            [
              -114.40212197420357,
              49.213273604232164
            ],
            [
              -114.39951060297598,
              49.2143264213616
            ],
            [
              -114.39789387587506,
              49.21529568895265
            ],
            [
              -114.39619004577683,
              49.21738856842522
            ],
            [
              -114.39388816649532,
              49.21941625766901
            ],
            [
              -114.39571447490016,
              49.221231569462134
            ],
            [
              -114.39592762999732,
              49.22144344348896
            ],
            [
              -114.39970618277928,
              49.22233854867062
            ],
            [
              -114.40496413404719,
              49.22426755160765
            ],
            [
              -114.40584623673969,
              49.225261478766
            ],
            [
              -114.40440408468993,
              49.226398531091064
            ],
            [
              -114.4011205231571,
              49.227824147715
            ],
            [
              -114.40161768910191,
              49.230407866784255
            ],
            [
              -114.40292215095091,
              49.232717267005846
            ],
            [
              -114.40254742423052,
              49.23475088133351
            ],
            [
              -114.40341048771347,
              49.23727230705403
            ],
            [
              -114.4032656326071,
              49.23803638440493
            ],
            [
              -114.40282609300039,
              49.24035441820453
            ],
            [
              -114.40267640898249,
              49.241650903741366
            ],
            [
              -114.40063827907186,
              49.242302051074844
            ],
            [
              -114.39572876757009,
              49.24312327868526
            ],
            [
              -114.39113979534613,
              49.24465425121044
            ],
            [
              -114.38361375246262,
              49.24623931054746
            ],
            [
              -114.3798569383742,
              49.24825079881566
            ],
            [
              -114.38100665227351,
              49.250080220320044
            ],
            [
              -114.3814323008967,
              49.25075747575669
            ],
            [
              -114.38768700661838,
              49.25160701862003
            ],
            [
              -114.39348599518777,
              49.25718740480642
            ],
            [
              -114.39628235456878,
              49.25716697047798
            ],
            [
              -114.40007401418339,
              49.25777198065874
            ],
            [
              -114.40312042289221,
              49.259187460741764
            ],
            [
              -114.40507820304416,
              49.258818463334
            ],
            [
              -114.40784538092893,
              49.25988134529041
            ],
            [
              -114.40926463021333,
              49.25969518705141
            ],
            [
              -114.41446220431966,
              49.26221749257343
            ],
            [
              -114.42096525444437,
              49.26179737198114
            ],
            [
              -114.42490403845667,
              49.262234633536664
            ],
            [
              -114.42969238319287,
              49.26133659466363
            ],
            [
              -114.42998934998441,
              49.2613805229964
            ],
            [
              -114.43520997338956,
              49.26215232645371
            ],
            [
              -114.43857674524284,
              49.26327932661767
            ],
            [
              -114.43966969043069,
              49.264642563564266
            ],
            [
              -114.44247414966112,
              49.264549974692656
            ],
            [
              -114.44794247585232,
              49.264369226623096
            ],
            [
              -114.4481834318191,
              49.265361350706954
            ],
            [
              -114.4490072216508,
              49.26610700158138
            ],
            [
              -114.44935286972265,
              49.26728385761791
            ],
            [
              -114.44903077569839,
              49.276633601770165
            ],
            [
              -114.44966356541673,
              49.27854647156645
            ],
            [
              -114.4497064288677,
              49.278676041620635
            ],
            [
              -114.45006105003647,
              49.27889307878001
            ],
            [
              -114.45093577352351,
              49.27942848763431
            ],
            [
              -114.45100589414838,
              49.279717034131906
            ],
            [
              -114.45117687439489,
              49.2804206345598
            ],
            [
              -114.449033635479,
              49.28230634102597
            ],
            [
              -114.44941426138043,
              49.285103328342
            ],
            [
              -114.44679535245503,
              49.28841762090319
            ],
            [
              -114.44867660649938,
              49.29003647637665
            ],
            [
              -114.45123594211957,
              49.29256787878429
            ],
            [
              -114.45397273671483,
              49.29810340919186
            ],
            [
              -114.45409402228513,
              49.298204868478145
            ],
            [
              -114.45409417807555,
              49.298204995282084
            ],
            [
              -114.46115572732262,
              49.304110598698
            ],
            [
              -114.46280638373634,
              49.30376270576935
            ],
            [
              -114.46677069616649,
              49.30437713029426
            ],
            [
              -114.47129942689939,
              49.306693470198475
            ],
            [
              -114.47316722853428,
              49.308709762310514
            ],
            [
              -114.47764600802297,
              49.31235184027617
            ],
            [
              -114.48005147557603,
              49.31276634856178
            ],
            [
              -114.48161257064419,
              49.31183561461603
            ],
            [
              -114.48496049745081,
              49.3106548907451
            ],
            [
              -114.48997118211604,
              49.312118095612256
            ],
            [
              -114.49206208662824,
              49.31381740567594
            ],
            [
              -114.49128727776325,
              49.31542447748644
            ],
            [
              -114.49174759087147,
              49.31694178224394
            ],
            [
              -114.4911443749964,
              49.31955823573498
            ],
            [
              -114.49209111092559,
              49.320799778355045
            ],
            [
              -114.49216395266524,
              49.322201040751615
            ],
            [
              -114.48924525494554,
              49.32385572903536
            ],
            [
              -114.48298545308283,
              49.32500753116954
            ],
            [
              -114.48040546768243,
              49.32584392530053
            ],
            [
              -114.47892762970072,
              49.326780634417
            ],
            [
              -114.48166370799586,
              49.32919084925115
            ],
            [
              -114.48202090490196,
              49.330102626658196
            ],
            [
              -114.48254899081954,
              49.3375420021733
            ],
            [
              -114.48404919319184,
              49.33933266492263
            ],
            [
              -114.48434174721379,
              49.34267770151891
            ],
            [
              -114.48652295365245,
              49.34576275961556
            ],
            [
              -114.48657750720794,
              49.34583988464359
            ],
            [
              -114.48663201034873,
              49.34591699450467
            ],
            [
              -114.48762451516004,
              49.347320613846264
            ],
            [
              -114.49572067794502,
              49.352503543064884
            ],
            [
              -114.49999997904774,
              49.352751918758194
            ],
            [
              -114.50096263214347,
              49.352807780563055
            ],
            [
              -114.50692649687731,
              49.356642188890824
            ],
            [
              -114.51371155949494,
              49.35541466747866
            ],
            [
              -114.51657547733983,
              49.354508596123665
            ],
            [
              -114.52299481748162,
              49.35631297891534
            ],
            [
              -114.52472099392581,
              49.35736539608664
            ],
            [
              -114.52530303322487,
              49.359799859867174
            ],
            [
              -114.52413734923284,
              49.36213341528295
            ],
            [
              -114.53158870142762,
              49.3705477572275
            ],
            [
              -114.53179609771416,
              49.371759121819515
            ],
            [
              -114.52629019596607,
              49.375095025260684
            ],
            [
              -114.53149280393463,
              49.37730069037567
            ],
            [
              -114.53659401714053,
              49.37960972036909
            ],
            [
              -114.54415299953402,
              49.37761414187266
            ],
            [
              -114.54766943914423,
              49.37728472677661
            ],
            [
              -114.55165036178546,
              49.378051580755205
            ],
            [
              -114.55649013357854,
              49.376795193383
            ],
            [
              -114.56258289897785,
              49.37731064241141
            ],
            [
              -114.56692967370458,
              49.376883566098314
            ],
            [
              -114.56810410221978,
              49.380068389357504
            ],
            [
              -114.57159674936898,
              49.381952640296284
            ],
            [
              -114.57610668702777,
              49.38674458858067
            ],
            [
              -114.57336916040295,
              49.38956736247358
            ],
            [
              -114.57566972501401,
              49.389927591047304
            ],
            [
              -114.57830746993119,
              49.391441597639414
            ],
            [
              -114.58026033458788,
              49.391334163848285
            ],
            [
              -114.58647804059518,
              49.392344254780156
            ],
            [
              -114.58740191399748,
              49.39396004682426
            ],
            [
              -114.58947134058926,
              49.39521821192903
            ],
            [
              -114.58955919734247,
              49.39522064534304
            ],
            [
              -114.59059023715115,
              49.396108247383815
            ],
            [
              -114.59184375016683,
              49.40013031772618
            ],
            [
              -114.59202429435348,
              49.40486945038501
            ],
            [
              -114.59843280764436,
              49.41256158156794
            ],
            [
              -114.59644251372441,
              49.41686182642989
            ],
            [
              -114.59661742930749,
              49.42006516938155
            ],
            [
              -114.59723656679462,
              49.42145191667074
            ],
            [
              -114.6007808787677,
              49.424745744268236
            ],
            [
              -114.60075765539811,
              49.42481270854136
            ],
            [
              -114.60015488718737,
              49.42654976075353
            ],
            [
              -114.60080290195171,
              49.427986503792695
            ],
            [
              -114.59921535647209,
              49.429483708630805
            ],
            [
              -114.59857420209507,
              49.43385416429997
            ],
            [
              -114.60170970353506,
              49.436279759369285
            ],
            [
              -114.6025693566659,
              49.437323333529456
            ],
            [
              -114.60506538637783,
              49.43893650506921
            ],
            [
              -114.60286303344078,
              49.44363054566173
            ],
            [
              -114.60068808385174,
              49.44410322813548
            ],
            [
              -114.59834864831201,
              49.44535632292303
            ],
            [
              -114.59886128409319,
              49.44975927786548
            ],
            [
              -114.60302427270106,
              49.45153643837414
            ],
            [
              -114.60340483436372,
              49.45281069578433
            ],
            [
              -114.59841001802504,
              49.45476716071183
            ],
            [
              -114.59825852219824,
              49.45585978820433
            ],
            [
              -114.59779706794737,
              49.45918800128642
            ],
            [
              -114.59929534194768,
              49.461955877825844
            ],
            [
              -114.60002883721324,
              49.46399863354483
            ],
            [
              -114.59943403187437,
              49.46662104928608
            ],
            [
              -114.59393725641789,
              49.469382556709455
            ],
            [
              -114.59345351987844,
              49.47143676168652
            ],
            [
              -114.5954799039482,
              49.47817734344549
            ],
            [
              -114.59553319128425,
              49.48010097429491
            ],
            [
              -114.59484720074681,
              49.480580948577945
            ],
            [
              -114.59453479020368,
              49.48079952348075
            ],
            [
              -114.59362965375308,
              49.484100247568584
            ],
            [
              -114.59416976627503,
              49.486408071516784
            ],
            [
              -114.59575675458917,
              49.48779885111299
            ],
            [
              -114.59711159729675,
              49.49091210225057
            ],
            [
              -114.59607997102117,
              49.49185430064008
            ],
            [
              -114.59441272713816,
              49.492148384593854
            ],
            [
              -114.59295016314353,
              49.493253600464556
            ],
            [
              -114.59383017380198,
              49.49493303510673
            ],
            [
              -114.59489284370753,
              49.496625187418516
            ],
            [
              -114.59490014885831,
              49.50012714166253
            ],
            [
              -114.59495288312924,
              49.50018528328839
            ],
            [
              -114.59658376886937,
              49.50198335109638
            ],
            [
              -114.59471741310753,
              49.50284302241261
            ],
            [
              -114.5933127093308,
              49.505714961513426
            ],
            [
              -114.59110230572816,
              49.50688860857675
            ],
            [
              -114.58515463115212,
              49.51265427563873
            ],
            [
              -114.58285406030977,
              49.518215923558934
            ],
            [
              -114.58343412462084,
              49.520429507022705
            ],
            [
              -114.57767333660107,
              49.52152344236482
            ],
            [
              -114.57574767408575,
              49.52394797060473
            ],
            [
              -114.57300626551884,
              49.52496321029342
            ],
            [
              -114.5727978828978,
              49.52702502496945
            ],
            [
              -114.57375661615472,
              49.52822690753355
            ],
            [
              -114.57358495340337,
              49.53292258729716
            ],
            [
              -114.57020237649124,
              49.53736922597233
            ],
            [
              -114.57122737214581,
              49.538985842395014
            ],
            [
              -114.5726401274003,
              49.54444301942192
            ],
            [
              -114.57471444059345,
              49.54680805817308
            ],
            [
              -114.57265183297417,
              49.54869150682293
            ],
            [
              -114.57455877145028,
              49.55106870334003
            ],
            [
              -114.57360388010166,
              49.55746290641315
            ],
            [
              -114.57659422302444,
              49.55736016864016
            ],
            [
              -114.5795303021888,
              49.55852444327533
            ],
            [
              -114.58895548161318,
              49.56589826487047
            ],
            [
              -114.59402630688375,
              49.5615597748456
            ],
            [
              -114.59944044489947,
              49.56063344001137
            ],
            [
              -114.60277612721364,
              49.561427368885916
            ],
            [
              -114.6053666569591,
              49.55917716728723
            ],
            [
              -114.60795770727458,
              49.55975025905113
            ],
            [
              -114.60949637493168,
              49.55533867888743
            ],
            [
              -114.61308740311482,
              49.55445587648884
            ],
            [
              -114.61449851525619,
              49.55088254937142
            ],
            [
              -114.61635398910317,
              49.54948540214825
            ],
            [
              -114.61655075739499,
              49.548764821347945
            ],
            [
              -114.62013320018282,
              49.54680866223542
            ],
            [
              -114.6213981271498,
              49.54757308859788
            ],
            [
              -114.62701325207725,
              49.5498209134968
            ],
            [
              -114.63094474966212,
              49.54952532248763
            ],
            [
              -114.63836441853604,
              49.543936476514325
            ],
            [
              -114.6484724682148,
              49.54332822873474
            ],
            [
              -114.65485227917624,
              49.54549563833813
            ],
            [
              -114.65511721337313,
              49.545585600156315
            ],
            [
              -114.66313990205136,
              49.552331987086674
            ],
            [
              -114.67682217171135,
              49.55364572510828
            ],
            [
              -114.67943899205363,
              49.555679860991944
            ],
            [
              -114.68382220456935,
              49.55687318989867
            ],
            [
              -114.68481676904334,
              49.55647786478462
            ],
            [
              -114.68827108254277,
              49.555104757953714
            ],
            [
              -114.69098346712133,
              49.55402643505882
            ],
            [
              -114.69202089166562,
              49.551223378102655
            ],
            [
              -114.69623435739211,
              49.546829276379356
            ],
            [
              -114.70138019335063,
              49.552518984416054
            ],
            [
              -114.70472591404642,
              49.553696219050444
            ],
            [
              -114.71072831934252,
              49.558758954307855
            ],
            [
              -114.71076196084844,
              49.5605261134727
            ],
            [
              -114.71077460861395,
              49.56311534085332
            ],
            [
              -114.71441990245683,
              49.56628151071809
            ],
            [
              -114.72000373494548,
              49.56749392020622
            ],
            [
              -114.72302371149237,
              49.57028802293178
            ],
            [
              -114.7247672180247,
              49.57155945866363
            ],
            [
              -114.72453648917642,
              49.575819311645695
            ],
            [
              -114.7302218211138,
              49.57686675107053
            ],
            [
              -114.73258666928304,
              49.57637952665919
            ],
            [
              -114.73449896468891,
              49.580104404397446
            ],
            [
              -114.7368555598757,
              49.59539883653868
            ],
            [
              -114.74492515098319,
              49.5999259963663
            ],
            [
              -114.7465698654047,
              49.601745578387266
            ],
            [
              -114.74592124514585,
              49.60347978711697
            ],
            [
              -114.74635058748306,
              49.60639182596735
            ],
            [
              -114.74860526696975,
              49.60728798332088
            ],
            [
              -114.7524013551017,
              49.60879665603262
            ],
            [
              -114.74744306145865,
              49.61302198281172
            ],
            [
              -114.74647644614151,
              49.61850970575137
            ],
            [
              -114.72820024632009,
              49.622750182535654
            ],
            [
              -114.72254617675165,
              49.62290511840094
            ],
            [
              -114.71917885820362,
              49.62490055708767
            ],
            [
              -114.71526482898885,
              49.62952912321968
            ],
            [
              -114.71141217801981,
              49.629251150769036
            ],
            [
              -114.70780497410979,
              49.630112947286406
            ],
            [
              -114.70548728116216,
              49.63251395835889
            ],
            [
              -114.70732725905886,
              49.6346795572632
            ],
            [
              -114.70462146938684,
              49.635325811954814
            ],
            [
              -114.70436150795034,
              49.63630814280227
            ],
            [
              -114.70341866572944,
              49.63675436784004
            ],
            [
              -114.70210793603343,
              49.637375067894915
            ],
            [
              -114.70064339352348,
              49.63624786835829
            ],
            [
              -114.70064337944484,
              49.63624740421797
            ],
            [
              -114.69917114682018,
              49.63552828566913
            ],
            [
              -114.69742772116614,
              49.631837493960695
            ],
            [
              -114.69718554150069,
              49.63118145696629
            ],
            [
              -114.6966150495294,
              49.62983875883586
            ],
            [
              -114.69641009541073,
              49.629356360006746
            ],
            [
              -114.69327140912262,
              49.629755931138774
            ],
            [
              -114.6910469134865,
              49.630039043376804
            ],
            [
              -114.69100570259714,
              49.63004429833632
            ],
            [
              -114.6912263268421,
              49.631248026704434
            ],
            [
              -114.69123064786837,
              49.63307158531579
            ],
            [
              -114.68869478785227,
              49.63390626540499
            ],
            [
              -114.68682419477045,
              49.63457811220509
            ],
            [
              -114.68638521627575,
              49.636780119473904
            ],
            [
              -114.68069472508226,
              49.63808728377039
            ],
            [
              -114.67931715458558,
              49.63881219498873
            ],
            [
              -114.67937291855146,
              49.640599280895785
            ],
            [
              -114.67433576632982,
              49.642913797281416
            ],
            [
              -114.66775243954007,
              49.63744647046244
            ],
            [
              -114.66624784311338,
              49.63968385930879
            ],
            [
              -114.66517064431983,
              49.6416850152042
            ],
            [
              -114.66281800636517,
              49.64372448029379
            ],
            [
              -114.66276990305776,
              49.645142775402434
            ],
            [
              -114.66260513129812,
              49.64611465458198
            ],
            [
              -114.66225079879199,
              49.64819374636936
            ],
            [
              -114.65981280016533,
              49.65525048059578
            ],
            [
              -114.65770654352609,
              49.66124505017901
            ],
            [
              -114.65822839946925,
              49.66400183171226
            ],
            [
              -114.66328559621373,
              49.665799442215196
            ],
            [
              -114.6674506264886,
              49.66982126107807
            ],
            [
              -114.66734841332818,
              49.66982169310623
            ],
            [
              -114.66932251511292,
              49.670428519684364
            ],
            [
              -114.67032289076509,
              49.6731603280374
            ],
            [
              -114.66861854017093,
              49.67583326458031
            ],
            [
              -114.66500695614533,
              49.676802339316474
            ],
            [
              -114.66878542944936,
              49.68080846401904
            ],
            [
              -114.66889920394425,
              49.68320339674684
            ],
            [
              -114.67039848790763,
              49.68422847567031
            ],
            [
              -114.67051389796886,
              49.68700476716037
            ],
            [
              -114.66921543233103,
              49.69114258366277
            ],
            [
              -114.67225705996226,
              49.69335775535065
            ],
            [
              -114.67606336987484,
              49.69435028961005
            ],
            [
              -114.67678397092494,
              49.6961873463637
            ],
            [
              -114.67374639532078,
              49.69911312007809
            ],
            [
              -114.66838503820802,
              49.703875166065274
            ],
            [
              -114.66241685574883,
              49.705757291808865
            ],
            [
              -114.66096792913486,
              49.70621439997563
            ],
            [
              -114.64744022383776,
              49.71302197497662
            ],
            [
              -114.6464944094941,
              49.71442494190657
            ],
            [
              -114.64618546771192,
              49.71548070535269
            ],
            [
              -114.6429859604513,
              49.71723784718288
            ],
            [
              -114.63890515628638,
              49.71784260911879
            ],
            [
              -114.63628883695401,
              49.721734659744186
            ],
            [
              -114.6383408673514,
              49.72435435888542
            ],
            [
              -114.6358731416453,
              49.72747477917091
            ],
            [
              -114.63364821073341,
              49.73036107741711
            ],
            [
              -114.6331191223712,
              49.73407963560317
            ],
            [
              -114.63702434779873,
              49.73803671554317
            ],
            [
              -114.64157912854306,
              49.7392792161058
            ],
            [
              -114.64293021895811,
              49.739091663806796
            ],
            [
              -114.64629144346591,
              49.74332085485933
            ],
            [
              -114.64330912332005,
              49.744989940646114
            ],
            [
              -114.64216697856966,
              49.746335349696615
            ],
            [
              -114.64422583751342,
              49.74961945025634
            ],
            [
              -114.64464495335828,
              49.75007762528777
            ],
            [
              -114.64818655866257,
              49.75394883805362
            ],
            [
              -114.65100686984783,
              49.75508655235825
            ],
            [
              -114.65135349181391,
              49.758681041405865
            ],
            [
              -114.6540175346234,
              49.759313665234956
            ],
            [
              -114.65730641275023,
              49.76079316730569
            ],
            [
              -114.65913532717275,
              49.765079381242614
            ],
            [
              -114.6531989600305,
              49.76725494758164
            ],
            [
              -114.64444782723224,
              49.77298513174861
            ],
            [
              -114.64236970958892,
              49.77823592784082
            ],
            [
              -114.6410080905297,
              49.78140367456376
            ],
            [
              -114.63605150522982,
              49.784811587123684
            ],
            [
              -114.63590227819083,
              49.78558343953963
            ],
            [
              -114.63772821706071,
              49.786402399153125
            ],
            [
              -114.63845825425535,
              49.791130494227424
            ],
            [
              -114.6416371812927,
              49.79461736071345
            ],
            [
              -114.64216983127491,
              49.79581971859613
            ],
            [
              -114.64205405858996,
              49.79861566471021
            ],
            [
              -114.64149928683817,
              49.801307749431714
            ],
            [
              -114.6420311303184,
              49.80335127844252
            ],
            [
              -114.6430446295864,
              49.80454236277786
            ],
            [
              -114.64371407115998,
              49.80560654412141
            ],
            [
              -114.64187766659911,
              49.80804848204445
            ],
            [
              -114.64335596475793,
              49.81037091602944
            ],
            [
              -114.64548226111282,
              49.814796526375595
            ],
            [
              -114.64746839132042,
              49.817293939054615
            ],
            [
              -114.64741901684579,
              49.819268172329004
            ],
            [
              -114.64580279577596,
              49.82078086293209
            ],
            [
              -114.64290404967564,
              49.822323692226306
            ],
            [
              -114.63993243584727,
              49.827720884134344
            ],
            [
              -114.64279626327372,
              49.83154795184545
            ],
            [
              -114.64688557782317,
              49.83374684601893
            ],
            [
              -114.65061392124461,
              49.83836347639181
            ],
            [
              -114.65211311869719,
              49.84245108809287
            ],
            [
              -114.65482436083134,
              49.84666592557569
            ],
            [
              -114.66116854019928,
              49.85177104211089
            ],
            [
              -114.66128034495911,
              49.85346128047963
            ],
            [
              -114.662675794974,
              49.854840706917294
            ],
            [
              -114.66197194400637,
              49.859427251472724
            ],
            [
              -114.6612877788816,
              49.86067941295075
            ],
            [
              -114.66144133786806,
              49.862254503380385
            ],
            [
              -114.66238556355091,
              49.86332267975968
            ],
            [
              -114.67137070562286,
              49.86451154627807
            ],
            [
              -114.67130788009861,
              49.86566591417403
            ],
            [
              -114.67046882070406,
              49.868427895944684
            ],
            [
              -114.67080070351071,
              49.87087123143645
            ],
            [
              -114.6723038837024,
              49.872715463078414
            ],
            [
              -114.6730167855374,
              49.8739449190341
            ],
            [
              -114.67268831408212,
              49.87833597463846
            ],
            [
              -114.67537171087683,
              49.88113888949612
            ],
            [
              -114.68219655510312,
              49.885795739310666
            ],
            [
              -114.68514576632761,
              49.887044440766225
            ],
            [
              -114.68493167390702,
              49.88779745207625
            ],
            [
              -114.68897845513351,
              49.89275928325089
            ],
            [
              -114.6917859069597,
              49.89628610514961
            ],
            [
              -114.69112005245604,
              49.89869124837561
            ],
            [
              -114.69040639213165,
              49.8997055738603
            ],
            [
              -114.68874697203272,
              49.901895602537195
            ],
            [
              -114.68976748922248,
              49.906504185917804
            ],
            [
              -114.6873166239033,
              49.91705495035826
            ],
            [
              -114.69015248824499,
              49.921609941363535
            ],
            [
              -114.69137380042847,
              49.93306031033809
            ],
            [
              -114.68966551352307,
              49.93610365288181
            ],
            [
              -114.69042668328477,
              49.93788449250448
            ],
            [
              -114.6929852222558,
              49.94064733006736
            ],
            [
              -114.69319962534371,
              49.94101620465402
            ],
            [
              -114.69486097122665,
              49.941911394175015
            ],
            [
              -114.69367620540052,
              49.942583956553186
            ],
            [
              -114.68531889603027,
              49.95517865957329
            ],
            [
              -114.68351974882924,
              49.960593175254225
            ],
            [
              -114.68351726393747,
              49.96067004231394
            ],
            [
              -114.68331071326183,
              49.967060773548944
            ],
            [
              -114.68138925256504,
              49.967542982394995
            ],
            [
              -114.67059928843209,
              49.96787231491701
            ],
            [
              -114.66360095693585,
              49.966469204578694
            ],
            [
              -114.65850888859332,
              49.96813764937862
            ],
            [
              -114.65743624890823,
              49.96839674005048
            ],
            [
              -114.6559350712213,
              49.9680580952016
            ],
            [
              -114.65579498856728,
              49.970134207566
            ],
            [
              -114.65150037462196,
              49.975518782461556
            ],
            [
              -114.65190453990797,
              49.97853286650183
            ],
            [
              -114.65365464621273,
              49.980985381157126
            ],
            [
              -114.65354334823176,
              49.98229201197112
            ],
            [
              -114.65371318741795,
              49.98415312444609
            ],
            [
              -114.65434372101954,
              49.985754040395776
            ],
            [
              -114.6534889578765,
              49.98873031918907
            ],
            [
              -114.65331230176785,
              49.989737197300585
            ],
            [
              -114.65238991552926,
              49.99137987285951
            ],
            [
              -114.65204748599882,
              49.992733562761856
            ],
            [
              -114.65484912749834,
              49.99694870390893
            ],
            [
              -114.6556417367781,
              49.997423607722695
            ],
            [
              -114.65669531785178,
              49.99780922408112
            ],
            [
              -114.66351797844476,
              50.00000179100689
            ],
            [
              -114.66496093901257,
              50.000004044543154
            ],
            [
              -114.66501034786096,
              50.00007105291399
            ],
            [
              -114.66611391868405,
              50.00156662827412
            ],
            [
              -114.66658263404544,
              50.00328570302269
            ],
            [
              -114.6654278425725,
              50.005089956459535
            ],
            [
              -114.66336608286734,
              50.00753394370873
            ],
            [
              -114.66172527632175,
              50.01128769486667
            ],
            [
              -114.66123085797474,
              50.015071569031136
            ],
            [
              -114.65765505176519,
              50.019125615831875
            ],
            [
              -114.6579153030247,
              50.02015866048479
            ],
            [
              -114.65957837117847,
              50.02671840667251
            ],
            [
              -114.6590929286031,
              50.027685954049254
            ],
            [
              -114.65772215096987,
              50.02968239510564
            ],
            [
              -114.66156271117161,
              50.03324473138636
            ],
            [
              -114.66193828248778,
              50.033890607551704
            ],
            [
              -114.66401615158877,
              50.034537830816575
            ],
            [
              -114.66644456267302,
              50.03538977445143
            ],
            [
              -114.66644724471291,
              50.036002850449336
            ],
            [
              -114.66290020644345,
              50.039594192757924
            ],
            [
              -114.66513140192077,
              50.04151089898101
            ],
            [
              -114.66743655583517,
              50.042033198930206
            ],
            [
              -114.67108008016706,
              50.043100539355216
            ],
            [
              -114.67230628288881,
              50.044365395903796
            ],
            [
              -114.67375058536385,
              50.04506905621694
            ],
            [
              -114.67503656135715,
              50.046389612269834
            ],
            [
              -114.67607181706796,
              50.048121467004464
            ],
            [
              -114.6740254949367,
              50.04874685129014
            ],
            [
              -114.66637119771785,
              50.05094437491252
            ],
            [
              -114.6663798839347,
              50.05152097874676
            ],
            [
              -114.66528589467991,
              50.05427505530895
            ],
            [
              -114.66509112696343,
              50.05567234665874
            ],
            [
              -114.66592689141548,
              50.05886412491192
            ],
            [
              -114.66561828690354,
              50.060955322407864
            ],
            [
              -114.66455154380655,
              50.06249277570221
            ],
            [
              -114.66333552036093,
              50.06382065957317
            ],
            [
              -114.66246897444812,
              50.064906453632936
            ],
            [
              -114.66516299480715,
              50.06373073569548
            ],
            [
              -114.66606463382348,
              50.06396928190584
            ],
            [
              -114.67154223216627,
              50.06446329627188
            ],
            [
              -114.67707258468576,
              50.063479863207085
            ],
            [
              -114.67991808911576,
              50.064108646250546
            ],
            [
              -114.68073768771784,
              50.06460363303632
            ],
            [
              -114.68174664347094,
              50.06727162027253
            ],
            [
              -114.6844879170879,
              50.068749830096706
            ],
            [
              -114.68881666877894,
              50.070309672914334
            ],
            [
              -114.69129853479873,
              50.07134179497009
            ],
            [
              -114.69114067138895,
              50.075045849638286
            ],
            [
              -114.6920325947787,
              50.07776860863559
            ],
            [
              -114.69380723995071,
              50.07997136418975
            ],
            [
              -114.69520843746771,
              50.08115919786282
            ],
            [
              -114.69477237415101,
              50.081439878600186
            ],
            [
              -114.69568544998951,
              50.083684014359704
            ],
            [
              -114.69736823547277,
              50.0869440073742
            ],
            [
              -114.69905983593097,
              50.08881610325282
            ],
            [
              -114.70048517509679,
              50.08929650678902
            ],
            [
              -114.7017355951667,
              50.08940684510503
            ],
            [
              -114.70409314739723,
              50.089662133380536
            ],
            [
              -114.70282381831599,
              50.091038710360145
            ],
            [
              -114.70370684862355,
              50.0948428312668
            ],
            [
              -114.70574229550928,
              50.09580747185933
            ],
            [
              -114.70631791480763,
              50.09653687336881
            ],
            [
              -114.7074120348025,
              50.09729020765058
            ],
            [
              -114.70778626358874,
              50.09858579762975
            ],
            [
              -114.70972720495881,
              50.10111710124228
            ],
            [
              -114.71079332054728,
              50.10221934273578
            ],
            [
              -114.71595050053013,
              50.10432488724806
            ],
            [
              -114.71937691400976,
              50.10570794042633
            ],
            [
              -114.72016523693698,
              50.10661408010738
            ],
            [
              -114.72044324349035,
              50.11026657454841
            ],
            [
              -114.7208114679384,
              50.11089701716398
            ],
            [
              -114.72219038895662,
              50.11180967762684
            ],
            [
              -114.72789718674944,
              50.11319451289308
            ],
            [
              -114.72973111299783,
              50.1144183454062
            ],
            [
              -114.73325919665581,
              50.11861061892602
            ],
            [
              -114.73509909988796,
              50.11951714856519
            ],
            [
              -114.73599712938406,
              50.120352998581936
            ],
            [
              -114.73347459448009,
              50.12131352445087
            ],
            [
              -114.73151375794134,
              50.12606019285164
            ],
            [
              -114.73099242111698,
              50.1279233581931
            ],
            [
              -114.72944321654755,
              50.13073675844141
            ],
            [
              -114.7269816767722,
              50.13523565577499
            ],
            [
              -114.7275128765797,
              50.13698500503237
            ],
            [
              -114.7272266052779,
              50.137896439592936
            ],
            [
              -114.72620193183619,
              50.13931958771473
            ],
            [
              -114.72495881922522,
              50.14074282293044
            ],
            [
              -114.72475923284726,
              50.143274051013954
            ],
            [
              -114.72729831750688,
              50.14836426577263
            ],
            [
              -114.72727969168182,
              50.149149698893275
            ],
            [
              -114.72731858262469,
              50.152158693191865
            ],
            [
              -114.72726733970784,
              50.15783943529674
            ],
            [
              -114.72631622852418,
              50.160738466363064
            ],
            [
              -114.72534042541332,
              50.16135564130665
            ],
            [
              -114.73262697420735,
              50.16930061823472
            ],
            [
              -114.73066195398515,
              50.17119666502173
            ],
            [
              -114.73043612272217,
              50.17417362449997
            ],
            [
              -114.73090971271621,
              50.17603396262729
            ],
            [
              -114.72785342103312,
              50.17858815987249
            ],
            [
              -114.72393673758909,
              50.18387727353806
            ],
            [
              -114.72548881916863,
              50.186109430902
            ],
            [
              -114.72477525736343,
              50.18699240977026
            ],
            [
              -114.7246703889178,
              50.19017719044781
            ],
            [
              -114.72817720028803,
              50.19217490311793
            ],
            [
              -114.72879794165584,
              50.192815072419755
            ],
            [
              -114.73098315556254,
              50.19402571512238
            ],
            [
              -114.73173996813397,
              50.195738917931486
            ],
            [
              -114.73306278180023,
              50.197157655146775
            ],
            [
              -114.73429307522787,
              50.19847703115483
            ],
            [
              -114.73564783568611,
              50.19992975962843
            ],
            [
              -114.73629878133043,
              50.20062774770436
            ],
            [
              -114.73887392378171,
              50.202667664996895
            ],
            [
              -114.73756015851404,
              50.208830474128604
            ],
            [
              -114.73958673805006,
              50.21165952112502
            ],
            [
              -114.74112519953096,
              50.21239435502749
            ],
            [
              -114.74366127722853,
              50.212730455251254
            ],
            [
              -114.74900556775245,
              50.214916934177865
            ],
            [
              -114.7447885473954,
              50.218225721218225
            ],
            [
              -114.74530015557607,
              50.222250018388635
            ],
            [
              -114.74748929005675,
              50.22472409017683
            ],
            [
              -114.75190492559564,
              50.22721400054747
            ],
            [
              -114.75582542152185,
              50.231798699678244
            ],
            [
              -114.76163119726182,
              50.233715986806764
            ],
            [
              -114.76292841763839,
              50.234667109935074
            ],
            [
              -114.76268710819295,
              50.2355155448119
            ],
            [
              -114.76226128912529,
              50.238779022316656
            ],
            [
              -114.76198857183965,
              50.24086928229249
            ],
            [
              -114.763027842006,
              50.24092503945469
            ],
            [
              -114.7680459019727,
              50.24309747134426
            ],
            [
              -114.76857441355143,
              50.24399776433032
            ],
            [
              -114.7677770498074,
              50.2452181505485
            ],
            [
              -114.76697780287039,
              50.24552530037171
            ],
            [
              -114.76714657402056,
              50.2470263666419
            ],
            [
              -114.76890571184913,
              50.24865751743821
            ],
            [
              -114.76959123716992,
              50.24997676538322
            ],
            [
              -114.77022537721749,
              50.24999499893737
            ],
            [
              -114.77021686232287,
              50.2500234157413
            ],
            [
              -114.76965368901121,
              50.251903318891465
            ],
            [
              -114.7665359999453,
              50.2540264002725
            ],
            [
              -114.76619723229243,
              50.25542157873746
            ],
            [
              -114.76701955647827,
              50.256822108801295
            ],
            [
              -114.76650368185793,
              50.257460570428904
            ],
            [
              -114.76683682647354,
              50.25817964409672
            ],
            [
              -114.76410347958993,
              50.26520663132989
            ],
            [
              -114.7581326623452,
              50.271729389137015
            ],
            [
              -114.75212247880529,
              50.27317858504228
            ],
            [
              -114.75166705991882,
              50.27528703405684
            ],
            [
              -114.75286326410664,
              50.278539208934006
            ],
            [
              -114.75423355949576,
              50.2807215776582
            ],
            [
              -114.75504980363762,
              50.281352848070156
            ],
            [
              -114.75251872259693,
              50.28584626850736
            ],
            [
              -114.7535661359957,
              50.28747835354888
            ],
            [
              -114.75283436301191,
              50.293822454950444
            ],
            [
              -114.75512376760068,
              50.29923869916965
            ],
            [
              -114.76220508280755,
              50.29930239389584
            ],
            [
              -114.76940039960337,
              50.3025937059434
            ],
            [
              -114.77248501060612,
              50.301621370412796
            ],
            [
              -114.77620243656459,
              50.29975371863076
            ],
            [
              -114.78035371426213,
              50.29983748626939
            ],
            [
              -114.78156895997371,
              50.30160057868112
            ],
            [
              -114.78098629891537,
              50.30728187263039
            ],
            [
              -114.78237487066906,
              50.30994575427057
            ],
            [
              -114.78270072413245,
              50.311409458492754
            ],
            [
              -114.78042338534812,
              50.31527189888239
            ],
            [
              -114.78446731594944,
              50.31880922651479
            ],
            [
              -114.7880351945315,
              50.319262387393664
            ],
            [
              -114.7903643997579,
              50.32064269693126
            ],
            [
              -114.79226466307102,
              50.322355013264605
            ],
            [
              -114.79760596455557,
              50.3261220203883
            ],
            [
              -114.79863319495635,
              50.326502519544135
            ],
            [
              -114.79971555190153,
              50.3290978809055
            ],
            [
              -114.80002040645482,
              50.329766996948614
            ],
            [
              -114.79928890925144,
              50.330343463895304
            ],
            [
              -114.7983409215307,
              50.33040084586465
            ],
            [
              -114.79660246507555,
              50.33093462215744
            ],
            [
              -114.79540978860256,
              50.33087962200461
            ],
            [
              -114.794395101969,
              50.331581494112115
            ],
            [
              -114.79224578811042,
              50.335813496046434
            ],
            [
              -114.77595668596153,
              50.34362575914896
            ],
            [
              -114.77481797921301,
              50.34381450322193
            ],
            [
              -114.77386146017622,
              50.34461626869678
            ],
            [
              -114.77284797927065,
              50.34623148403818
            ],
            [
              -114.77189232090902,
              50.34749001681097
            ],
            [
              -114.769421505772,
              50.349056417087866
            ],
            [
              -114.76753559413643,
              50.349796331752316
            ],
            [
              -114.76621722955251,
              50.350742252147484
            ],
            [
              -114.76861653514568,
              50.35239222197926
            ],
            [
              -114.76862942148513,
              50.35878726127318
            ],
            [
              -114.77336586370477,
              50.36213102969658
            ],
            [
              -114.77495149225291,
              50.362548868978664
            ],
            [
              -114.78172081883407,
              50.362517608153055
            ],
            [
              -114.78187618057947,
              50.36202311014764
            ],
            [
              -114.78448997361356,
              50.36282154511697
            ],
            [
              -114.7847722244351,
              50.36223931998585
            ],
            [
              -114.7868431664482,
              50.36105457387551
            ],
            [
              -114.78909525035992,
              50.358054955846484
            ],
            [
              -114.79145387154892,
              50.358571847125
            ],
            [
              -114.79589287882497,
              50.36155815163408
            ],
            [
              -114.79894537578939,
              50.3617362309421
            ],
            [
              -114.7994568773826,
              50.36275563923058
            ],
            [
              -114.80392375178002,
              50.364878049785524
            ],
            [
              -114.80878868834834,
              50.37070434343803
            ],
            [
              -114.81471241602502,
              50.36893221668638
            ],
            [
              -114.81916447899256,
              50.36905778284233
            ],
            [
              -114.81724599632201,
              50.37489255590779
            ],
            [
              -114.81307345896984,
              50.37675652707603
            ],
            [
              -114.81253008602165,
              50.37825909169364
            ],
            [
              -114.81435718929325,
              50.38044704763823
            ],
            [
              -114.81389205223171,
              50.38193076401341
            ],
            [
              -114.81560140816198,
              50.382404184667976
            ],
            [
              -114.81788206671158,
              50.38248253298691
            ],
            [
              -114.82025732798483,
              50.384538268635936
            ],
            [
              -114.82481884610897,
              50.393324682324064
            ],
            [
              -114.82587605827185,
              50.393298175966365
            ],
            [
              -114.83124968515564,
              50.39028658485404
            ],
            [
              -114.83828067509833,
              50.393561665189175
            ],
            [
              -114.84842388209042,
              50.39256941260766
            ],
            [
              -114.85182332758407,
              50.39317714612706
            ],
            [
              -114.85475639780013,
              50.39223975594682
            ],
            [
              -114.85689168089071,
              50.39252401423795
            ],
            [
              -114.85955949032932,
              50.393708459498924
            ],
            [
              -114.8622550834152,
              50.39448602444349
            ],
            [
              -114.8636036052832,
              50.396160837533635
            ],
            [
              -114.86538756488028,
              50.398873759534155
            ],
            [
              -114.86639826291244,
              50.39937261031445
            ],
            [
              -114.86572970605242,
              50.40096344220997
            ],
            [
              -114.86524012599128,
              50.40542658872303
            ],
            [
              -114.86012318607304,
              50.40766365733827
            ],
            [
              -114.86163716265071,
              50.409012860994245
            ],
            [
              -114.86241127248233,
              50.409111610654165
            ],
            [
              -114.864066836426,
              50.41145565736383
            ],
            [
              -114.86361254153448,
              50.4173395953595
            ],
            [
              -114.86221330648614,
              50.4199645091823
            ],
            [
              -114.85960211217501,
              50.42099549484944
            ],
            [
              -114.85982958109122,
              50.42379907669229
            ],
            [
              -114.86254592767764,
              50.42551550838852
            ],
            [
              -114.86844533531549,
              50.42580532815092
            ],
            [
              -114.86999194522105,
              50.42766140752029
            ],
            [
              -114.8730115189773,
              50.430190690525784
            ],
            [
              -114.87386633512281,
              50.43707406091742
            ],
            [
              -114.87471084944744,
              50.43955735556752
            ],
            [
              -114.88077512904445,
              50.43800597293843
            ],
            [
              -114.88402618041022,
              50.43744875865807
            ],
            [
              -114.88541230999414,
              50.436313112973146
            ],
            [
              -114.88654666160576,
              50.43581010901719
            ],
            [
              -114.88778052633852,
              50.43562611837479
            ],
            [
              -114.89552271929473,
              50.43947206702349
            ],
            [
              -114.89746261516501,
              50.441233103213236
            ],
            [
              -114.8993695264101,
              50.44414586763988
            ],
            [
              -114.90543587363956,
              50.448482974234054
            ],
            [
              -114.91121133322295,
              50.45051695444583
            ],
            [
              -114.91216702399169,
              50.45137232280423
            ],
            [
              -114.91244125411274,
              50.45485198341285
            ],
            [
              -114.91319177997951,
              50.455814256779234
            ],
            [
              -114.91619465426744,
              50.45800448855952
            ],
            [
              -114.91737151499515,
              50.46149465060512
            ],
            [
              -114.92389884926774,
              50.466750032032635
            ],
            [
              -114.92694903797381,
              50.46841408142904
            ],
            [
              -114.92836219857789,
              50.471847329568675
            ],
            [
              -114.93231547941421,
              50.473521594884204
            ],
            [
              -114.93277780305718,
              50.47535461030408
            ],
            [
              -114.93169322992308,
              50.47850607649032
            ],
            [
              -114.93566093338517,
              50.480806201854406
            ],
            [
              -114.93715688782153,
              50.48633644186365
            ],
            [
              -114.93821123934761,
              50.4870536931502
            ],
            [
              -114.94349887034736,
              50.48840493959091
            ],
            [
              -114.94575384750945,
              50.4896323871141
            ],
            [
              -114.95055187781048,
              50.49633715079775
            ],
            [
              -114.95129613849828,
              50.49758727498401
            ],
            [
              -114.95328088654185,
              50.49790753454779
            ],
            [
              -114.9548994828688,
              50.500046346614674
            ],
            [
              -114.95496415511762,
              50.50013174357188
            ],
            [
              -114.95573840099557,
              50.501431855052886
            ],
            [
              -114.95903688167871,
              50.504409197692894
            ],
            [
              -114.96257160344027,
              50.51245070909305
            ],
            [
              -114.96364119165399,
              50.5137938229796
            ],
            [
              -114.9658008947254,
              50.515158915866415
            ],
            [
              -114.96772235144068,
              50.516123957874086
            ],
            [
              -114.96856790636829,
              50.51769303617019
            ],
            [
              -114.97745672983879,
              50.52958848668806
            ],
            [
              -114.97752500710229,
              50.532261799112845
            ],
            [
              -114.97834028616613,
              50.53498306974503
            ],
            [
              -114.9831544838596,
              50.53973996889456
            ],
            [
              -114.99140326225556,
              50.54437988925321
            ],
            [
              -114.99125661539237,
              50.54578915262335
            ],
            [
              -114.99266758407738,
              50.54785114844061
            ],
            [
              -114.99545029159844,
              50.5493515984369
            ],
            [
              -115.00000000085498,
              50.554684512064746
            ],
            [
              -115.00024538216776,
              50.554972122487044
            ],
            [
              -115.00428339930333,
              50.55977461565627
            ],
            [
              -115.00589391537197,
              50.560815206880335
            ],
            [
              -115.00603541404287,
              50.56255552911235
            ],
            [
              -115.01122996198117,
              50.56733538905002
            ],
            [
              -115.01369673096406,
              50.57085910037036
            ],
            [
              -115.0133785842081,
              50.57408509686386
            ],
            [
              -115.01511278912389,
              50.58239558938902
            ],
            [
              -115.01914770391339,
              50.58387892269326
            ],
            [
              -115.02053142205442,
              50.58468841340053
            ],
            [
              -115.0270493521385,
              50.58310710592678
            ],
            [
              -115.03357709153788,
              50.57928972343237
            ],
            [
              -115.04953647793734,
              50.57515636501326
            ],
            [
              -115.05207947610191,
              50.571446206601316
            ],
            [
              -115.06129624019715,
              50.57977199756709
            ],
            [
              -115.06333419194489,
              50.58317100763515
            ],
            [
              -115.07369248650224,
              50.58844190942992
            ],
            [
              -115.08527384255368,
              50.58974905945979
            ],
            [
              -115.08730772132424,
              50.58820763266453
            ],
            [
              -115.08825051562312,
              50.587493075213175
            ],
            [
              -115.10085359037184,
              50.57793754542437
            ],
            [
              -115.115854771772,
              50.571762359163245
            ],
            [
              -115.11752465045221,
              50.5697513000071
            ],
            [
              -115.13170608285084,
              50.57179318534934
            ],
            [
              -115.13613999276446,
              50.574378383447446
            ],
            [
              -115.14519363385514,
              50.571481685398666
            ],
            [
              -115.14849161189554,
              50.570768268391326
            ],
            [
              -115.15461870805144,
              50.57327311141609
            ],
            [
              -115.17355277079298,
              50.567588660263254
            ],
            [
              -115.17497181302384,
              50.56135775772884
            ],
            [
              -115.17769953621114,
              50.558219592034675
            ],
            [
              -115.18338511776346,
              50.55600543545174
            ],
            [
              -115.18675317199668,
              50.5557699992239
            ],
            [
              -115.18987384338475,
              50.555124231524815
            ],
            [
              -115.19088996216844,
              50.55405180845224
            ],
            [
              -115.18987860603922,
              50.54900336885288
            ],
            [
              -115.18374287845198,
              50.544032072247596
            ],
            [
              -115.18617266748034,
              50.539789510183745
            ],
            [
              -115.1891195675285,
              50.53824458616144
            ],
            [
              -115.19091647453074,
              50.53509811262506
            ],
            [
              -115.20222851695603,
              50.53303443351627
            ],
            [
              -115.20594986274492,
              50.52825561939938
            ],
            [
              -115.20607891121774,
              50.528089847346756
            ],
            [
              -115.2081329577742,
              50.52782198008115
            ],
            [
              -115.21325456830024,
              50.53233396462516
            ],
            [
              -115.21687987790956,
              50.536506530782816
            ],
            [
              -115.22103194424403,
              50.53696013522625
            ],
            [
              -115.22248001641374,
              50.53966549603549
            ],
            [
              -115.23098413968033,
              50.54487863695844
            ],
            [
              -115.23188928586507,
              50.550660169601606
            ],
            [
              -115.2295991054619,
              50.55145702869183
            ],
            [
              -115.22842344258638,
              50.554099533008774
            ],
            [
              -115.22968651561075,
              50.55496708298376
            ],
            [
              -115.2298236055313,
              50.55917129904327
            ],
            [
              -115.23142141696682,
              50.56089859106688
            ],
            [
              -115.23415938361462,
              50.56481861740124
            ],
            [
              -115.23365199710123,
              50.56612021626545
            ],
            [
              -115.23490337199325,
              50.567579357681744
            ],
            [
              -115.24190913390433,
              50.57121855030417
            ],
            [
              -115.23933439600523,
              50.57491074723953
            ],
            [
              -115.23501110826714,
              50.574793117963935
            ],
            [
              -115.23195200141517,
              50.57707323104691
            ],
            [
              -115.23018058760611,
              50.577507267075624
            ],
            [
              -115.23622911257785,
              50.58567902855333
            ],
            [
              -115.23965061226723,
              50.58919679222967
            ],
            [
              -115.24369033882759,
              50.58914862491983
            ],
            [
              -115.24733290056939,
              50.58813798426683
            ],
            [
              -115.25127465875744,
              50.58976196332913
            ],
            [
              -115.26005451363211,
              50.59632240714331
            ],
            [
              -115.26434328837668,
              50.596683528130065
            ],
            [
              -115.2658936831992,
              50.59771629982165
            ],
            [
              -115.26849621343918,
              50.59743110374632
            ],
            [
              -115.27191762671667,
              50.59788698636271
            ],
            [
              -115.27791489111524,
              50.60106695092493
            ],
            [
              -115.28042530838928,
              50.60551494907517
            ],
            [
              -115.28465786295608,
              50.60883369762438
            ],
            [
              -115.28592137769769,
              50.60817018934573
            ],
            [
              -115.28761993641551,
              50.608224285398116
            ],
            [
              -115.2894568452911,
              50.60942220904516
            ],
            [
              -115.29054780752072,
              50.60938990956516
            ],
            [
              -115.29362560549144,
              50.6111075802633
            ],
            [
              -115.29535257470958,
              50.613039208721325
            ],
            [
              -115.29523099087575,
              50.614364712216236
            ],
            [
              -115.29738222792535,
              50.617605636049404
            ],
            [
              -115.29823048180282,
              50.62022429095728
            ],
            [
              -115.29801584564096,
              50.62475308547211
            ],
            [
              -115.2968651166473,
              50.62621354625185
            ],
            [
              -115.3001506249869,
              50.625524608762895
            ],
            [
              -115.30521192255357,
              50.62593074868974
            ],
            [
              -115.31009548609053,
              50.62726381314171
            ],
            [
              -115.31145042618576,
              50.62858018586763
            ],
            [
              -115.31180175893105,
              50.63037874719501
            ],
            [
              -115.30953424741087,
              50.63152477858137
            ],
            [
              -115.31013788750255,
              50.63526406896232
            ],
            [
              -115.31304624791211,
              50.637612620002585
            ],
            [
              -115.31194342546979,
              50.638236948620424
            ],
            [
              -115.30302273727965,
              50.63818942626208
            ],
            [
              -115.29960050300208,
              50.63926518823839
            ],
            [
              -115.29482327898711,
              50.63902425397965
            ],
            [
              -115.2884313059901,
              50.63764799935461
            ],
            [
              -115.285455593917,
              50.63884921660117
            ],
            [
              -115.28205585266988,
              50.64698606900838
            ],
            [
              -115.27750342612374,
              50.64833796629038
            ],
            [
              -115.27523186642983,
              50.64795258001394
            ],
            [
              -115.27415345390531,
              50.648923678478404
            ],
            [
              -115.27794091305792,
              50.650586448058654
            ],
            [
              -115.28134619370202,
              50.65375637393896
            ],
            [
              -115.28245452195888,
              50.656193845921266
            ],
            [
              -115.28169868262756,
              50.65708594776635
            ],
            [
              -115.28587450708011,
              50.66030267323881
            ],
            [
              -115.28488365254051,
              50.66172361067938
            ],
            [
              -115.2822540813287,
              50.66319289411271
            ],
            [
              -115.2836854062467,
              50.66555132279506
            ],
            [
              -115.28792451544737,
              50.668870596796644
            ],
            [
              -115.29049419237752,
              50.672186955650965
            ],
            [
              -115.29421636805061,
              50.677400223226236
            ],
            [
              -115.29837565653526,
              50.6833312329755
            ],
            [
              -115.30083715468872,
              50.69073920813218
            ],
            [
              -115.29777585826218,
              50.6945531397151
            ],
            [
              -115.29362067425333,
              50.69839939527234
            ],
            [
              -115.29680450589736,
              50.69997538654339
            ],
            [
              -115.2996259069188,
              50.700344115023455
            ],
            [
              -115.30161449445333,
              50.70056349280928
            ],
            [
              -115.30628966234747,
              50.70489611420313
            ],
            [
              -115.30880630053798,
              50.70781389954339
            ],
            [
              -115.3110405010889,
              50.712097223614464
            ],
            [
              -115.31435444856903,
              50.71540882101387
            ],
            [
              -115.31469205985364,
              50.716268731156596
            ],
            [
              -115.31358715243489,
              50.7168932317299
            ],
            [
              -115.31070112752708,
              50.72160745213957
            ],
            [
              -115.31229773203383,
              50.723926321951446
            ],
            [
              -115.31347987138585,
              50.72434353759965
            ],
            [
              -115.31512449632272,
              50.72582574756381
            ],
            [
              -115.31829667432136,
              50.726461997843096
            ],
            [
              -115.31981300207303,
              50.72620796714115
            ],
            [
              -115.32065364317532,
              50.72423406020425
            ],
            [
              -115.32420736067186,
              50.72336232372099
            ],
            [
              -115.32641721947488,
              50.72211306548034
            ],
            [
              -115.32761032433304,
              50.72193817343287
            ],
            [
              -115.3330370655355,
              50.724142075503174
            ],
            [
              -115.33512608931292,
              50.72421865510891
            ],
            [
              -115.33594442473836,
              50.72342849004568
            ],
            [
              -115.33595071889667,
              50.72344082896787
            ],
            [
              -115.33921596983669,
              50.72205367444298
            ],
            [
              -115.34020940872345,
              50.722231288187466
            ],
            [
              -115.3462110863737,
              50.72209220244796
            ],
            [
              -115.34990594566875,
              50.72125472196974
            ],
            [
              -115.35455656316041,
              50.72271183046099
            ],
            [
              -115.35743468769753,
              50.72144230714423
            ],
            [
              -115.35897461959273,
              50.72106379415241
            ],
            [
              -115.36343825838028,
              50.717858195530766
            ],
            [
              -115.36783106380096,
              50.717621262563085
            ],
            [
              -115.37015620277872,
              50.717260231549645
            ],
            [
              -115.36989958897195,
              50.71430124835291
            ],
            [
              -115.37758366496692,
              50.71093493445663
            ],
            [
              -115.37562206047045,
              50.7079034123266
            ],
            [
              -115.37892265996683,
              50.7053341668733
            ],
            [
              -115.38639817100733,
              50.70798651262902
            ],
            [
              -115.38640680438316,
              50.70798957131552
            ],
            [
              -115.38800224658327,
              50.707480378675065
            ],
            [
              -115.39122236791694,
              50.70645244705198
            ],
            [
              -115.39234479561678,
              50.70683483324887
            ],
            [
              -115.39457521649251,
              50.70759462879454
            ],
            [
              -115.40053723973531,
              50.71083504277065
            ],
            [
              -115.40365505129822,
              50.71231608158426
            ],
            [
              -115.4053965686751,
              50.712449301986716
            ],
            [
              -115.41023792036422,
              50.711678085014356
            ],
            [
              -115.41379919576121,
              50.71125724442416
            ],
            [
              -115.41626564781897,
              50.71275798465925
            ],
            [
              -115.41663303970036,
              50.7137217440466
            ],
            [
              -115.41600079539076,
              50.71486153886412
            ],
            [
              -115.41639613741894,
              50.71877045176322
            ],
            [
              -115.41687553853653,
              50.71991747022619
            ],
            [
              -115.41580335980612,
              50.7221496751341
            ],
            [
              -115.41137510078715,
              50.72324029258579
            ],
            [
              -115.41192129944669,
              50.72612808004354
            ],
            [
              -115.41063640123707,
              50.727287909444556
            ],
            [
              -115.41081126825266,
              50.728299153114776
            ],
            [
              -115.41207644982484,
              50.72946359708833
            ],
            [
              -115.41324539034287,
              50.730651697169286
            ],
            [
              -115.41353237404591,
              50.73184623771632
            ],
            [
              -115.41239086453189,
              50.73360341706134
            ],
            [
              -115.41308451521579,
              50.73455721501709
            ],
            [
              -115.41467607633226,
              50.7357115922808
            ],
            [
              -115.41625773186503,
              50.73630604971445
            ],
            [
              -115.41773313473342,
              50.73636432912931
            ],
            [
              -115.4195504087575,
              50.73661952676763
            ],
            [
              -115.42509784933728,
              50.74333676304458
            ],
            [
              -115.43116458502396,
              50.750060832129584
            ],
            [
              -115.43628198058073,
              50.755730693601286
            ],
            [
              -115.44428359639666,
              50.75432032535416
            ],
            [
              -115.44704345138695,
              50.753217753133654
            ],
            [
              -115.44855145412409,
              50.75368957088403
            ],
            [
              -115.45052989950155,
              50.75474845803804
            ],
            [
              -115.45228896305191,
              50.75635368130083
            ],
            [
              -115.45358325378835,
              50.75575309779861
            ],
            [
              -115.45492573892102,
              50.75577349561531
            ],
            [
              -115.45618248462682,
              50.75637753198542
            ],
            [
              -115.45758903340824,
              50.757225908423145
            ],
            [
              -115.45889407112338,
              50.757185164219884
            ],
            [
              -115.46047187581252,
              50.75686614466418
            ],
            [
              -115.46237548118573,
              50.75527109058581
            ],
            [
              -115.46391514479649,
              50.753625156375676
            ],
            [
              -115.46671190677634,
              50.75258310694255
            ],
            [
              -115.47023066256405,
              50.751995641592046
            ],
            [
              -115.47125221607287,
              50.75293888350526
            ],
            [
              -115.47496433123001,
              50.75483523989009
            ],
            [
              -115.47763877848568,
              50.755581250798876
            ],
            [
              -115.48110693562279,
              50.75518175980762
            ],
            [
              -115.48470870301146,
              50.76069184358398
            ],
            [
              -115.4842068989573,
              50.76475405549111
            ],
            [
              -115.48256483017917,
              50.76804283429242
            ],
            [
              -115.48188528157117,
              50.76856223537974
            ],
            [
              -115.48858137165443,
              50.773871376809716
            ],
            [
              -115.49440125395473,
              50.77883435870279
            ],
            [
              -115.49463727856515,
              50.779760764811456
            ],
            [
              -115.49492597521542,
              50.78001645677234
            ],
            [
              -115.49755826251545,
              50.782345752071
            ],
            [
              -115.49993260308882,
              50.783615200847066
            ],
            [
              -115.50111343633456,
              50.78424651895643
            ],
            [
              -115.503808171927,
              50.78519900449465
            ],
            [
              -115.50959309893068,
              50.78630262844546
            ],
            [
              -115.51208873625974,
              50.786389581352516
            ],
            [
              -115.51580277310102,
              50.784486978442075
            ],
            [
              -115.51561251989382,
              50.78164991388267
            ],
            [
              -115.51693869229581,
              50.780196613815164
            ],
            [
              -115.52774240060775,
              50.78512433284923
            ],
            [
              -115.5291597071521,
              50.78688474530712
            ],
            [
              -115.53240758234536,
              50.788192452195794
            ],
            [
              -115.53307689079406,
              50.79288237647406
            ],
            [
              -115.53548217481114,
              50.795524444401465
            ],
            [
              -115.53858041796626,
              50.79658772282855
            ],
            [
              -115.54289595607678,
              50.795661021710366
            ],
            [
              -115.54463520710563,
              50.794878946084495
            ],
            [
              -115.54790080748373,
              50.79639318696555
            ],
            [
              -115.55086991513858,
              50.79706590337346
            ],
            [
              -115.55149252890841,
              50.799515794926116
            ],
            [
              -115.5528478815744,
              50.802523330613276
            ],
            [
              -115.55552400911725,
              50.803620450305175
            ],
            [
              -115.55788678968402,
              50.80366905598357
            ],
            [
              -115.560429073951,
              50.80472887253513
            ],
            [
              -115.56113150498568,
              50.808566880797365
            ],
            [
              -115.56061158776494,
              50.810244103874574
            ],
            [
              -115.5614405969474,
              50.81158733865123
            ],
            [
              -115.56547496430738,
              50.8132632114944
            ],
            [
              -115.56647598427095,
              50.814704678981066
            ],
            [
              -115.56545770141022,
              50.81629428328839
            ],
            [
              -115.56179875827449,
              50.821705205829936
            ],
            [
              -115.56231743293661,
              50.82488509617359
            ],
            [
              -115.56077912154909,
              50.82653294104783
            ],
            [
              -115.56425709731961,
              50.82901568000047
            ],
            [
              -115.56487251286629,
              50.832171788852094
            ],
            [
              -115.56634798926838,
              50.832580954532446
            ],
            [
              -115.5721659526221,
              50.83642040589535
            ],
            [
              -115.57309233225482,
              50.83773978321604
            ],
            [
              -115.57813602188216,
              50.84050376266831
            ],
            [
              -115.5855663181517,
              50.84155032541396
            ],
            [
              -115.59054818927424,
              50.843132509454335
            ],
            [
              -115.59582794843678,
              50.84393669109761
            ],
            [
              -115.60155642865627,
              50.8442070701214
            ],
            [
              -115.60656010727853,
              50.84564248677086
            ],
            [
              -115.60734837739167,
              50.84403911581004
            ],
            [
              -115.61805073421009,
              50.83571821794852
            ],
            [
              -115.62157641535096,
              50.835125341805885
            ],
            [
              -115.62358817269106,
              50.83406301575198
            ],
            [
              -115.62697943716157,
              50.83343282743387
            ],
            [
              -115.63138555344146,
              50.83677560681401
            ],
            [
              -115.63488270576819,
              50.83703429834518
            ],
            [
              -115.6393534832721,
              50.837966620874596
            ],
            [
              -115.64150723053656,
              50.83982626141094
            ],
            [
              -115.64298277653867,
              50.84220649034117
            ],
            [
              -115.64267489224648,
              50.84601573006819
            ],
            [
              -115.6430884132448,
              50.847282163523275
            ],
            [
              -115.6453951742495,
              50.85435453973633
            ],
            [
              -115.64424401159785,
              50.8559080323039
            ],
            [
              -115.64390200070696,
              50.857331017130655
            ],
            [
              -115.64477568814945,
              50.85838172573198
            ],
            [
              -115.64946245478112,
              50.86271128782
            ],
            [
              -115.64838202712814,
              50.86393036342172
            ],
            [
              -115.64906313304728,
              50.86502896665214
            ],
            [
              -115.6510358933602,
              50.86587726545361
            ],
            [
              -115.65062440589593,
              50.86844449364224
            ],
            [
              -115.65085264320662,
              50.872402372931546
            ],
            [
              -115.64892946164217,
              50.87414760223977
            ],
            [
              -115.64200824250862,
              50.8753724855944
            ],
            [
              -115.6360059891543,
              50.87700266198514
            ],
            [
              -115.63408192896426,
              50.87874760942711
            ],
            [
              -115.63007502574962,
              50.87910763695833
            ],
            [
              -115.6289511305664,
              50.87980889790679
            ],
            [
              -115.61690776540304,
              50.87941452402491
            ],
            [
              -115.612731636498,
              50.885343498003316
            ],
            [
              -115.60445202194869,
              50.887253709270475
            ],
            [
              -115.59978892317562,
              50.8860144731766
            ],
            [
              -115.59985284185431,
              50.89043463978419
            ],
            [
              -115.59264618109123,
              50.89264113885805
            ],
            [
              -115.59020321281723,
              50.892471246452594
            ],
            [
              -115.58232934659945,
              50.8892798301696
            ],
            [
              -115.57785544988388,
              50.888344861955446
            ],
            [
              -115.57134883111908,
              50.89069329207909
            ],
            [
              -115.56658340733713,
              50.89306828525546
            ],
            [
              -115.56208276429774,
              50.89425112535087
            ],
            [
              -115.56644173540565,
              50.898242506713686
            ],
            [
              -115.56785601113086,
              50.899089732412605
            ],
            [
              -115.56862677572833,
              50.902137699337466
            ],
            [
              -115.57224002443527,
              50.905820799511446
            ],
            [
              -115.57220151725078,
              50.90737922481573
            ],
            [
              -115.57506506633626,
              50.90786822347817
            ],
            [
              -115.5781801686619,
              50.90984393646672
            ],
            [
              -115.5784646406953,
              50.913364456150354
            ],
            [
              -115.58315984553035,
              50.91375257661098
            ],
            [
              -115.5841758207415,
              50.91575449675868
            ],
            [
              -115.58968617618623,
              50.915659141718386
            ],
            [
              -115.59586017973216,
              50.91645552619088
            ],
            [
              -115.59991772393421,
              50.9178810076103
            ],
            [
              -115.60180404531008,
              50.91966764087753
            ],
            [
              -115.60582051910362,
              50.922194745525445
            ],
            [
              -115.60980043021341,
              50.92628024636047
            ],
            [
              -115.60544518524783,
              50.92968214940955
            ],
            [
              -115.60551793585017,
              50.933396691767506
            ],
            [
              -115.5977284401228,
              50.93701385669723
            ],
            [
              -115.59703971865002,
              50.93986026950402
            ],
            [
              -115.60474005801008,
              50.94401229204633
            ],
            [
              -115.61084822753116,
              50.94676212261284
            ],
            [
              -115.61459585404108,
              50.95118768001986
            ],
            [
              -115.61155964176604,
              50.95708052939745
            ],
            [
              -115.61167410417298,
              50.95888350603908
            ],
            [
              -115.61800887449616,
              50.96316248358988
            ],
            [
              -115.62201372441866,
              50.965482187242365
            ],
            [
              -115.62597086431141,
              50.970420030907704
            ],
            [
              -115.62551949392267,
              50.97373688594684
            ],
            [
              -115.62811834058103,
              50.97774314996896
            ],
            [
              -115.62827687406514,
              50.98087397166107
            ],
            [
              -115.63196584707386,
              50.98052466014699
            ],
            [
              -115.63623313764879,
              50.98200465837535
            ],
            [
              -115.64005699235945,
              50.98528517105296
            ],
            [
              -115.6415784430793,
              50.98737438428751
            ],
            [
              -115.64233562952488,
              50.99056874504179
            ],
            [
              -115.64831854220387,
              50.99606276583945
            ],
            [
              -115.64883405703635,
              50.997520458340325
            ],
            [
              -115.6521226771608,
              50.998679050895
            ],
            [
              -115.65420610305742,
              50.998797271182006
            ],
            [
              -115.65585052752591,
              51.0000727904494
            ],
            [
              -115.6574425206523,
              51.00130752149132
            ],
            [
              -115.66008950612076,
              51.00107468896877
            ],
            [
              -115.66248162628564,
              51.00007054101055
            ],
            [
              -115.66336575238324,
              50.99969937075855
            ],
            [
              -115.669353949616,
              50.999272615979606
            ],
            [
              -115.67056319527445,
              50.99995952742743
            ],
            [
              -115.67063856628,
              51.00006717430872
            ],
            [
              -115.67157200930204,
              51.00140078833847
            ],
            [
              -115.67604337350909,
              51.0040980205435
            ],
            [
              -115.67775057525203,
              51.00719850783388
            ],
            [
              -115.67980698009602,
              51.00816874286668
            ],
            [
              -115.68247869909099,
              51.009409274615024
            ],
            [
              -115.68855940137387,
              51.013610406118374
            ],
            [
              -115.69052027759902,
              51.01657774448781
            ],
            [
              -115.69223785266989,
              51.01978169985585
            ],
            [
              -115.6922462562307,
              51.02011713510875
            ],
            [
              -115.69227997161501,
              51.0214628582438
            ],
            [
              -115.69078738226133,
              51.02408838091435
            ],
            [
              -115.69054653846683,
              51.02504684031497
            ],
            [
              -115.6904662809754,
              51.025366228120966
            ],
            [
              -115.69234846070879,
              51.0285647828435
            ],
            [
              -115.69473721687498,
              51.02719718258546
            ],
            [
              -115.69791758418229,
              51.02584463404435
            ],
            [
              -115.70122170439225,
              51.02361539847566
            ],
            [
              -115.70270389682788,
              51.022049408520566
            ],
            [
              -115.70379242207827,
              51.02128596343014
            ],
            [
              -115.70547408072211,
              51.02067140193082
            ],
            [
              -115.70679594357983,
              51.02018839333941
            ],
            [
              -115.70955821060024,
              51.020137515706224
            ],
            [
              -115.71141137494608,
              51.020241652501106
            ],
            [
              -115.71361675280987,
              51.01983541533234
            ],
            [
              -115.71567592489718,
              51.01847854218505
            ],
            [
              -115.71713375569767,
              51.01741183074415
            ],
            [
              -115.72675961535707,
              51.01868790471433
            ],
            [
              -115.73053316202964,
              51.02007731978022
            ],
            [
              -115.73391404977367,
              51.02226926912269
            ],
            [
              -115.73736266825833,
              51.023316267168354
            ],
            [
              -115.73917793045347,
              51.023358872438145
            ],
            [
              -115.74003444212686,
              51.024908792931264
            ],
            [
              -115.73888214223551,
              51.02646437735866
            ],
            [
              -115.73637478511645,
              51.028356604054046
            ],
            [
              -115.73526331425252,
              51.02961993110942
            ],
            [
              -115.74310994130059,
              51.033946199361026
            ],
            [
              -115.74813086173904,
              51.030618829708914
            ],
            [
              -115.751466111575,
              51.0314822900187
            ],
            [
              -115.75433253658505,
              51.03302631194886
            ],
            [
              -115.76028001526848,
              51.03591994595293
            ],
            [
              -115.7618915226431,
              51.03742334922943
            ],
            [
              -115.76483780420057,
              51.03873592369159
            ],
            [
              -115.76703563342815,
              51.039388275698926
            ],
            [
              -115.76926119989375,
              51.04151474117694
            ],
            [
              -115.77212598731927,
              51.04609183261098
            ],
            [
              -115.77043949784859,
              51.0467935291848
            ],
            [
              -115.76907898768297,
              51.04783724696026
            ],
            [
              -115.76982254803657,
              51.04920397618264
            ],
            [
              -115.77156732986765,
              51.051097537828134
            ],
            [
              -115.77161555238848,
              51.05242565870969
            ],
            [
              -115.77253254751601,
              51.05389035784922
            ],
            [
              -115.77340620727004,
              51.056000664729076
            ],
            [
              -115.77358692079035,
              51.057719057678
            ],
            [
              -115.77207584608415,
              51.05816543645584
            ],
            [
              -115.76645951431756,
              51.05956222732588
            ],
            [
              -115.76128877240247,
              51.06077730327302
            ],
            [
              -115.75940039445145,
              51.06375046210669
            ],
            [
              -115.76148377624502,
              51.0669002474364
            ],
            [
              -115.75887539003682,
              51.069170699244786
            ],
            [
              -115.75905285101113,
              51.07124251115592
            ],
            [
              -115.75342030336822,
              51.07440522383814
            ],
            [
              -115.75531154828187,
              51.0749228982185
            ],
            [
              -115.75766950360207,
              51.07511307140003
            ],
            [
              -115.76204558940273,
              51.071910477212235
            ],
            [
              -115.76806235347831,
              51.06900507981048
            ],
            [
              -115.77240864886028,
              51.067008030075606
            ],
            [
              -115.77625986192086,
              51.06654435778315
            ],
            [
              -115.78060561304606,
              51.0699075170044
            ],
            [
              -115.78358783248248,
              51.06930700272512
            ],
            [
              -115.78429403633199,
              51.07061268192349
            ],
            [
              -115.78923190003928,
              51.07241768555763
            ],
            [
              -115.79380704885102,
              51.07078583676668
            ],
            [
              -115.80280691780129,
              51.06960431986945
            ],
            [
              -115.803837938389,
              51.07160521562436
            ],
            [
              -115.80368887752658,
              51.07368830048759
            ],
            [
              -115.8039655033294,
              51.07573593096619
            ],
            [
              -115.80634588381062,
              51.0784592703649
            ],
            [
              -115.80801480987114,
              51.08058370678508
            ],
            [
              -115.81029439057818,
              51.08252079757448
            ],
            [
              -115.81228136485869,
              51.08336667159347
            ],
            [
              -115.81234448820436,
              51.08560876430277
            ],
            [
              -115.81278381663203,
              51.08648719513207
            ],
            [
              -115.81662514286656,
              51.084754839846894
            ],
            [
              -115.82257255651757,
              51.083344406183436
            ],
            [
              -115.82551683747764,
              51.082681625536274
            ],
            [
              -115.82573732146538,
              51.0814273642201
            ],
            [
              -115.82948282579093,
              51.07936540428265
            ],
            [
              -115.83337151353204,
              51.07592704604668
            ],
            [
              -115.8390103185485,
              51.077414527486305
            ],
            [
              -115.84245825752231,
              51.07648442841651
            ],
            [
              -115.84289419287897,
              51.07806934638804
            ],
            [
              -115.84375588595724,
              51.07961865826202
            ],
            [
              -115.84614505743575,
              51.08128109599131
            ],
            [
              -115.84757370854292,
              51.08177163478606
            ],
            [
              -115.85167962056603,
              51.08081830549521
            ],
            [
              -115.85773305579943,
              51.07913191759219
            ],
            [
              -115.860259809452,
              51.08047752793166
            ],
            [
              -115.86183665955276,
              51.08227188209133
            ],
            [
              -115.86302445434144,
              51.08451625124434
            ],
            [
              -115.86378844378339,
              51.0864429631466
            ],
            [
              -115.86678004289342,
              51.08781375359764
            ],
            [
              -115.86793338086927,
              51.08929039837506
            ],
            [
              -115.8691907163319,
              51.08932952357523
            ],
            [
              -115.8704533516446,
              51.08830867319925
            ],
            [
              -115.87250724690011,
              51.08765489524111
            ],
            [
              -115.87481148494,
              51.08722087938549
            ],
            [
              -115.8761639171703,
              51.08758905717564
            ],
            [
              -115.87883715444018,
              51.086851056995954
            ],
            [
              -115.88301961846214,
              51.08601843353863
            ],
            [
              -115.88499313041542,
              51.08594903916379
            ],
            [
              -115.88847275880661,
              51.08649158732023
            ],
            [
              -115.89087202987824,
              51.086386332181156
            ],
            [
              -115.89338810876859,
              51.08611064555256
            ],
            [
              -115.89474222058512,
              51.0861252477428
            ],
            [
              -115.89647604831214,
              51.087809725234614
            ],
            [
              -115.89832235436957,
              51.09038382748598
            ],
            [
              -115.89941560791203,
              51.092652027117
            ],
            [
              -115.89974009307912,
              51.09370046033565
            ],
            [
              -115.90090077005368,
              51.093763392879886
            ],
            [
              -115.90256079547575,
              51.09239557615668
            ],
            [
              -115.9044820460191,
              51.090997789239125
            ],
            [
              -115.90487669810291,
              51.08913445963573
            ],
            [
              -115.90315157358259,
              51.085330679456874
            ],
            [
              -115.90315896393858,
              51.08356424936494
            ],
            [
              -115.90385811322548,
              51.08289534519808
            ],
            [
              -115.90719962578137,
              51.084107121827145
            ],
            [
              -115.91209596155323,
              51.083518131026935
            ],
            [
              -115.91652398098468,
              51.08396373566217
            ],
            [
              -115.9177612803362,
              51.08414843876213
            ],
            [
              -115.92045208451216,
              51.0836165184433
            ],
            [
              -115.92184715448752,
              51.08298508643537
            ],
            [
              -115.92360697933798,
              51.083109565659115
            ],
            [
              -115.92387371982406,
              51.08424312447886
            ],
            [
              -115.9249297733372,
              51.08645001473825
            ],
            [
              -115.92664377175592,
              51.08863348156651
            ],
            [
              -115.93031179095588,
              51.09089283284179
            ],
            [
              -115.93144057229246,
              51.094635101591855
            ],
            [
              -115.93255564756741,
              51.09675679068582
            ],
            [
              -115.93421689842619,
              51.09761200081666
            ],
            [
              -115.93890098610842,
              51.09721629910768
            ],
            [
              -115.9415527545463,
              51.096976171887455
            ],
            [
              -115.94540055396338,
              51.09791933810612
            ],
            [
              -115.9484925985808,
              51.09926348777052
            ],
            [
              -115.95053542432407,
              51.102141614240956
            ],
            [
              -115.94962333005995,
              51.10300567826459
            ],
            [
              -115.95044808525101,
              51.10555334954541
            ],
            [
              -115.95040542424516,
              51.10690585005278
            ],
            [
              -115.95277884688905,
              51.10941885300139
            ],
            [
              -115.95337570548298,
              51.11054060677378
            ],
            [
              -115.95726326494133,
              51.11518161171657
            ],
            [
              -115.95995269851564,
              51.115708639193336
            ],
            [
              -115.9639023730213,
              51.11556679157842
            ],
            [
              -115.96757937902251,
              51.11605814991843
            ],
            [
              -115.9665274794548,
              51.1186526421155
            ],
            [
              -115.96706390321795,
              51.120919762137035
            ],
            [
              -115.96829995893955,
              51.122163948657665
            ],
            [
              -115.97166813707055,
              51.12252080627311
            ],
            [
              -115.97515130140272,
              51.12341376599669
            ],
            [
              -115.97987267257517,
              51.12484396841583
            ],
            [
              -115.98223465940025,
              51.125028916196115
            ],
            [
              -115.98476922987234,
              51.126018211128255
            ],
            [
              -115.98697615845882,
              51.12631257816552
            ],
            [
              -115.99104259868638,
              51.12635258991844
            ],
            [
              -115.99474384865758,
              51.12492994423022
            ],
            [
              -115.99609992391748,
              51.12458982821025
            ],
            [
              -115.99852083337485,
              51.12433578473611
            ],
            [
              -115.99848097230674,
              51.124981606338196
            ],
            [
              -116.00001710431869,
              51.12490455277137
            ],
            [
              -116.00446487359832,
              51.124681290736774
            ],
            [
              -116.00488982580194,
              51.12535180748787
            ],
            [
              -116.00744401780534,
              51.12654766264686
            ],
            [
              -116.00875187476325,
              51.1260428884155
            ],
            [
              -116.01128616479126,
              51.127738258922854
            ],
            [
              -116.01269653747039,
              51.13013975882463
            ],
            [
              -116.01269217599176,
              51.13332033785356
            ],
            [
              -116.0135606784049,
              51.13557530779163
            ],
            [
              -116.01561048810174,
              51.13809901940525
            ],
            [
              -116.00988844189233,
              51.14377489954004
            ],
            [
              -116.01044471830824,
              51.147662781522754
            ],
            [
              -116.01011079785711,
              51.15085556562315
            ],
            [
              -116.00956543200921,
              51.152829539837455
            ],
            [
              -116.00967939792203,
              51.15442612115124
            ],
            [
              -116.00944586607939,
              51.15512063290454
            ],
            [
              -116.00740943409637,
              51.15633817849516
            ],
            [
              -116.01750606604085,
              51.15613718381309
            ],
            [
              -116.01995615793226,
              51.15725359475285
            ],
            [
              -116.020922503883,
              51.15948435291494
            ],
            [
              -116.02574445571415,
              51.163008784656036
            ],
            [
              -116.02952425556008,
              51.16276679781866
            ],
            [
              -116.03049290277866,
              51.16323031698119
            ],
            [
              -116.03353344858014,
              51.166071169013286
            ],
            [
              -116.03684494216775,
              51.170045527228524
            ],
            [
              -116.03449882389283,
              51.170776080027316
            ],
            [
              -116.0289132076858,
              51.17366265403319
            ],
            [
              -116.02388938777838,
              51.176195736913016
            ],
            [
              -116.02247081910528,
              51.17909584680508
            ],
            [
              -116.02064417389427,
              51.182592995907065
            ],
            [
              -116.02163111660315,
              51.18432420088694
            ],
            [
              -116.02172569386555,
              51.18642063647821
            ],
            [
              -116.0213564957293,
              51.18707862633301
            ],
            [
              -116.01877681413929,
              51.187443159825776
            ],
            [
              -116.0169521298412,
              51.18881956812381
            ],
            [
              -116.01295601958333,
              51.18960982567352
            ],
            [
              -116.00934824258832,
              51.189949178644504
            ],
            [
              -116.006128472432,
              51.190191140550226
            ],
            [
              -116.0041490210016,
              51.19096999918293
            ],
            [
              -116.00168266488399,
              51.19293078040905
            ],
            [
              -116.00002259226805,
              51.19394746813008
            ],
            [
              -116.00002234790894,
              51.193951626078004
            ],
            [
              -115.99994283204319,
              51.19523941707638
            ],
            [
              -116.00002241271186,
              51.19542562608026
            ],
            [
              -116.00133407619458,
              51.19849477090808
            ],
            [
              -116.0039651909023,
              51.202994246189704
            ],
            [
              -116.00437076609167,
              51.204164641080034
            ],
            [
              -116.00405441202658,
              51.20791870234441
            ],
            [
              -116.00638159026171,
              51.2087491084709
            ],
            [
              -116.0065338027741,
              51.210760442747954
            ],
            [
              -116.00491972002564,
              51.21300227362323
            ],
            [
              -116.00206315250752,
              51.21541398953157
            ],
            [
              -116.00496986882789,
              51.21821952430244
            ],
            [
              -116.00760375243203,
              51.222012154608095
            ],
            [
              -116.0112136278278,
              51.22238015120582
            ],
            [
              -116.01655970015473,
              51.223620530225496
            ],
            [
              -116.02141407260137,
              51.22240431370964
            ],
            [
              -116.02506484245502,
              51.221065424561985
            ],
            [
              -116.02667715166297,
              51.219883936916176
            ],
            [
              -116.04926640089086,
              51.2274370668541
            ],
            [
              -116.04990843464644,
              51.22817104058117
            ],
            [
              -116.04982640850325,
              51.22824490321209
            ],
            [
              -116.04985259205836,
              51.22836201161956
            ],
            [
              -116.05023548315633,
              51.22854490736639
            ],
            [
              -116.05083049239992,
              51.22924429269415
            ],
            [
              -116.05968879121006,
              51.2392339754385
            ],
            [
              -116.06517334826957,
              51.24793009037159
            ],
            [
              -116.07426315184328,
              51.249111495997404
            ],
            [
              -116.07679202300105,
              51.25009909222255
            ],
            [
              -116.08131451509372,
              51.251864937362136
            ],
            [
              -116.0893367374773,
              51.25189941846419
            ],
            [
              -116.09182245919574,
              51.2508502421242
            ],
            [
              -116.10081633006199,
              51.251700194197106
            ],
            [
              -116.1116762179714,
              51.2533529167734
            ],
            [
              -116.11465053014886,
              51.25536251357954
            ],
            [
              -116.11451567411957,
              51.256386379146626
            ],
            [
              -116.11591406597903,
              51.256105225051456
            ],
            [
              -116.11945843389768,
              51.25539000572397
            ],
            [
              -116.12233666259206,
              51.25777733588544
            ],
            [
              -116.12513634003282,
              51.259335781248986
            ],
            [
              -116.13436653839243,
              51.260548305109346
            ],
            [
              -116.1441469502819,
              51.264733804164905
            ],
            [
              -116.1486548573678,
              51.26472991514015
            ],
            [
              -116.15323767796752,
              51.26343350651812
            ],
            [
              -116.15404397383277,
              51.26804006533605
            ],
            [
              -116.15573991231994,
              51.27051292218192
            ],
            [
              -116.1574161017689,
              51.27277853606862
            ],
            [
              -116.15913315523235,
              51.27581199644654
            ],
            [
              -116.15559658508427,
              51.2807698371473
            ],
            [
              -116.15286107335625,
              51.28336830879174
            ],
            [
              -116.1515662900853,
              51.28716020930947
            ],
            [
              -116.15532086819664,
              51.28826608765841
            ],
            [
              -116.15798859811181,
              51.290140822847434
            ],
            [
              -116.159782109392,
              51.29223580959834
            ],
            [
              -116.16017948617258,
              51.29602640255049
            ],
            [
              -116.16413114324529,
              51.29779006753844
            ],
            [
              -116.16801896259703,
              51.297164172638674
            ],
            [
              -116.17414516597323,
              51.29738904362229
            ],
            [
              -116.17942913952102,
              51.295419921644
            ],
            [
              -116.18215154174534,
              51.295441033096154
            ],
            [
              -116.18264034801983,
              51.29637906671651
            ],
            [
              -116.1864187792425,
              51.298398107706326
            ],
            [
              -116.18850879928111,
              51.301479640817405
            ],
            [
              -116.19772146833293,
              51.29965080327151
            ],
            [
              -116.20082228226156,
              51.29639098120757
            ],
            [
              -116.20336584345763,
              51.29525352698378
            ],
            [
              -116.20677196409221,
              51.296162953328455
            ],
            [
              -116.2098982155579,
              51.29487815506588
            ],
            [
              -116.21666603826804,
              51.29249648544728
            ],
            [
              -116.21903490728874,
              51.29161491389679
            ],
            [
              -116.21908456179578,
              51.2945037613994
            ],
            [
              -116.22052537323981,
              51.29498913563254
            ],
            [
              -116.22322089581805,
              51.29812995908272
            ],
            [
              -116.2266304448554,
              51.29974578915505
            ],
            [
              -116.22710424534729,
              51.301536964091525
            ],
            [
              -116.22846706772222,
              51.30190041826904
            ],
            [
              -116.23266740039746,
              51.3017592094043
            ],
            [
              -116.23601672393863,
              51.302753106988014
            ],
            [
              -116.24338197192002,
              51.30138663766172
            ],
            [
              -116.24550635849342,
              51.30240679301089
            ],
            [
              -116.24897994567091,
              51.30499705387457
            ],
            [
              -116.25523521807105,
              51.30752095486597
            ],
            [
              -116.25675529421267,
              51.30812757088483
            ],
            [
              -116.25997278375472,
              51.3097915100528
            ],
            [
              -116.26801739505164,
              51.31193317083754
            ],
            [
              -116.26909868867946,
              51.31615505407527
            ],
            [
              -116.2746020418488,
              51.31943525317343
            ],
            [
              -116.27480246480889,
              51.32816345686915
            ],
            [
              -116.2788950889173,
              51.32925200747804
            ],
            [
              -116.28127417372912,
              51.330136869002715
            ],
            [
              -116.28260412393546,
              51.331501845291506
            ],
            [
              -116.28237480152043,
              51.3321948768683
            ],
            [
              -116.28508606407175,
              51.33342051139122
            ],
            [
              -116.28668746533738,
              51.334502193299045
            ],
            [
              -116.28704775305869,
              51.33646438447003
            ],
            [
              -116.28766992053698,
              51.34207772878531
            ],
            [
              -116.29003062093535,
              51.343108937182556
            ],
            [
              -116.28345866192659,
              51.348877940988665
            ],
            [
              -116.28230048505108,
              51.35094098568603
            ],
            [
              -116.27725511090063,
              51.35469464082911
            ],
            [
              -116.27986921446806,
              51.359627502188914
            ],
            [
              -116.2777171988778,
              51.36172915861255
            ],
            [
              -116.28898584979042,
              51.364119377383446
            ],
            [
              -116.29056025992054,
              51.36357931293189
            ],
            [
              -116.2934104167138,
              51.36484113705391
            ],
            [
              -116.29858516307452,
              51.36909119519837
            ],
            [
              -116.30023151357682,
              51.37094090495025
            ],
            [
              -116.30262950666301,
              51.37132553440256
            ],
            [
              -116.3057794903643,
              51.377256652067764
            ],
            [
              -116.31143488790592,
              51.38496221349849
            ],
            [
              -116.30820442558517,
              51.38592093286684
            ],
            [
              -116.29829563309757,
              51.391967645923
            ],
            [
              -116.29183105593752,
              51.39721343141788
            ],
            [
              -116.29309916009473,
              51.39926546248635
            ],
            [
              -116.29369623502373,
              51.40159336228078
            ],
            [
              -116.29249772052074,
              51.403595983375304
            ],
            [
              -116.2862087580112,
              51.405609423642154
            ],
            [
              -116.28426454840043,
              51.40680863898049
            ],
            [
              -116.28247020553944,
              51.406836733778185
            ],
            [
              -116.2850508947673,
              51.412063038844025
            ],
            [
              -116.28783424176228,
              51.41865484364671
            ],
            [
              -116.29321482449822,
              51.425582475090025
            ],
            [
              -116.2942131268741,
              51.429934234914626
            ],
            [
              -116.28548810475044,
              51.43528878433667
            ],
            [
              -116.28803384481171,
              51.44852877009618
            ],
            [
              -116.2843870256308,
              51.44937802436737
            ],
            [
              -116.2843403895437,
              51.45022016330561
            ],
            [
              -116.28423805970098,
              51.45181829655884
            ],
            [
              -116.28413264197626,
              51.453464939671036
            ],
            [
              -116.28403192163799,
              51.45597216432081
            ],
            [
              -116.2840035401639,
              51.45649005215842
            ],
            [
              -116.29043474904275,
              51.46117268728459
            ],
            [
              -116.29243030377603,
              51.46180268590495
            ],
            [
              -116.30865545790542,
              51.46277251330994
            ],
            [
              -116.31500052092296,
              51.465563166697116
            ],
            [
              -116.31695065760577,
              51.46507055206471
            ],
            [
              -116.31832558265127,
              51.46316431002511
            ],
            [
              -116.32228567248693,
              51.46244714820294
            ],
            [
              -116.33800012809384,
              51.464285732157556
            ],
            [
              -116.34656227019788,
              51.469526629733686
            ],
            [
              -116.36059709566003,
              51.470866146106246
            ],
            [
              -116.36194619937838,
              51.47364368247425
            ],
            [
              -116.36788348523078,
              51.478591505459704
            ],
            [
              -116.368933417546,
              51.48300458852042
            ],
            [
              -116.37978108159439,
              51.48834000876707
            ],
            [
              -116.38435957543412,
              51.492675162199426
            ],
            [
              -116.38817142310795,
              51.49993447704213
            ],
            [
              -116.38948188288256,
              51.50002798864179
            ],
            [
              -116.38950904378024,
              51.500068173164784
            ],
            [
              -116.39247017264547,
              51.50444722809455
            ],
            [
              -116.39382922260077,
              51.505662938595016
            ],
            [
              -116.39528832872585,
              51.5094770106345
            ],
            [
              -116.39627221592697,
              51.512560576606084
            ],
            [
              -116.39470782866375,
              51.5148715134971
            ],
            [
              -116.39342352856296,
              51.517962385471535
            ],
            [
              -116.393548856555,
              51.52243358946948
            ],
            [
              -116.3953349550871,
              51.525526953355055
            ],
            [
              -116.38782089788188,
              51.527429792243396
            ],
            [
              -116.38334014998088,
              51.52962773877231
            ],
            [
              -116.38207987083636,
              51.53101038878501
            ],
            [
              -116.38291460221848,
              51.53264277800914
            ],
            [
              -116.39051759274251,
              51.54362491976515
            ],
            [
              -116.3908860495746,
              51.54558824927559
            ],
            [
              -116.40136397517217,
              51.54648219118042
            ],
            [
              -116.40722701511258,
              51.54893389496395
            ],
            [
              -116.41538762060557,
              51.55325054843251
            ],
            [
              -116.42201992456236,
              51.55504603232216
            ],
            [
              -116.42864854084306,
              51.554217700274826
            ],
            [
              -116.42959179179748,
              51.554617079102265
            ],
            [
              -116.42932693662961,
              51.55560637579373
            ],
            [
              -116.42902233449384,
              51.55653482415587
            ],
            [
              -116.43735896624678,
              51.55832334313529
            ],
            [
              -116.44053855569705,
              51.55709171123028
            ],
            [
              -116.45292502639079,
              51.56054814908835
            ],
            [
              -116.4553326492205,
              51.562491491844334
            ],
            [
              -116.46061226110358,
              51.563777112407635
            ],
            [
              -116.46473472643345,
              51.5658173945392
            ],
            [
              -116.46495518485459,
              51.568244887736455
            ],
            [
              -116.46877090005057,
              51.569901836604984
            ],
            [
              -116.46870591460633,
              51.57311146295508
            ],
            [
              -116.47043867293597,
              51.57593577159129
            ],
            [
              -116.47172311925455,
              51.578944869683625
            ],
            [
              -116.47325026369535,
              51.582673069297144
            ],
            [
              -116.4711776571539,
              51.58681818244881
            ],
            [
              -116.46903576015146,
              51.588071356860546
            ],
            [
              -116.46602141743818,
              51.594087337848315
            ],
            [
              -116.46641221496587,
              51.59686217351523
            ],
            [
              -116.46902906462229,
              51.60173356578654
            ],
            [
              -116.47141114012925,
              51.604677600172955
            ],
            [
              -116.47634229372045,
              51.60768476425717
            ],
            [
              -116.4845255667853,
              51.610434488520795
            ],
            [
              -116.49101494084654,
              51.612336292713366
            ],
            [
              -116.48919500607168,
              51.61443079142893
            ],
            [
              -116.48896444935501,
              51.616689582538065
            ],
            [
              -116.49544857466755,
              51.61979938931432
            ],
            [
              -116.49957623203163,
              51.62340086160921
            ],
            [
              -116.49999155364236,
              51.62488891450411
            ],
            [
              -116.50016832786481,
              51.62552203018277
            ],
            [
              -116.49999191985928,
              51.62673923819319
            ],
            [
              -116.49985860448409,
              51.62765919737887
            ],
            [
              -116.49999206556492,
              51.6276694947287
            ],
            [
              -116.50586485870456,
              51.62812204300094
            ],
            [
              -116.5135076705046,
              51.627601063030205
            ],
            [
              -116.520659635733,
              51.62876593294856
            ],
            [
              -116.52987218700397,
              51.631678576375165
            ],
            [
              -116.53650619168397,
              51.638654395256744
            ],
            [
              -116.54184364022768,
              51.63878864880164
            ],
            [
              -116.54589719760938,
              51.63818407524543
            ],
            [
              -116.56444279656499,
              51.64503422459469
            ],
            [
              -116.57008988145358,
              51.64711907483409
            ],
            [
              -116.57010555888019,
              51.64730549577469
            ],
            [
              -116.57057500264006,
              51.65288995499838
            ],
            [
              -116.57492278208748,
              51.65377176199841
            ],
            [
              -116.57750545467272,
              51.653185274071326
            ],
            [
              -116.58040830897599,
              51.653085375276284
            ],
            [
              -116.59501567269926,
              51.66183009518876
            ],
            [
              -116.59695645049463,
              51.66460310169704
            ],
            [
              -116.59615748007195,
              51.66651139871261
            ],
            [
              -116.59013286033631,
              51.66811686147552
            ],
            [
              -116.5886487241799,
              51.67019948921833
            ],
            [
              -116.58750728352929,
              51.672976136448504
            ],
            [
              -116.5890744255892,
              51.67570244678291
            ],
            [
              -116.59139749961504,
              51.67766808662702
            ],
            [
              -116.59039298780421,
              51.678918312541676
            ],
            [
              -116.58702305811885,
              51.68247538493488
            ],
            [
              -116.58670873102649,
              51.68546766912766
            ],
            [
              -116.58139288746308,
              51.68745972857787
            ],
            [
              -116.58356856101355,
              51.692411032725204
            ],
            [
              -116.58952346384382,
              51.694163195948924
            ],
            [
              -116.58117636500722,
              51.69728154015303
            ],
            [
              -116.58141285911368,
              51.69885509753077
            ],
            [
              -116.58472520004669,
              51.701279975662075
            ],
            [
              -116.58481538627812,
              51.703672213725696
            ],
            [
              -116.58533266941751,
              51.705671668930925
            ],
            [
              -116.58760037969698,
              51.709285926404064
            ],
            [
              -116.5860651863994,
              51.71059993865857
            ],
            [
              -116.58542514680066,
              51.71275176144596
            ],
            [
              -116.58817830629988,
              51.71588752403698
            ],
            [
              -116.59448862480008,
              51.71747903999445
            ],
            [
              -116.59853466348541,
              51.72387366669805
            ],
            [
              -116.60649906417632,
              51.72554138980866
            ],
            [
              -116.6104876601549,
              51.72395767975249
            ],
            [
              -116.6171292689698,
              51.72517985482384
            ],
            [
              -116.62033817179413,
              51.72692066654441
            ],
            [
              -116.62302020423009,
              51.72751663146775
            ],
            [
              -116.62423571704743,
              51.727278083650866
            ],
            [
              -116.63119486552868,
              51.731403301857966
            ],
            [
              -116.6337117899452,
              51.734173081247235
            ],
            [
              -116.63355368130865,
              51.7354924944726
            ],
            [
              -116.62940908644923,
              51.73718788528278
            ],
            [
              -116.62832876808596,
              51.741442526396376
            ],
            [
              -116.62909626354919,
              51.7435566340515
            ],
            [
              -116.62813146080714,
              51.74486830227307
            ],
            [
              -116.63673729293043,
              51.748361695867125
            ],
            [
              -116.63892575847437,
              51.75007530161286
            ],
            [
              -116.64029856876188,
              51.7511501021334
            ],
            [
              -116.64649069983064,
              51.75220204773019
            ],
            [
              -116.6503488846037,
              51.753706436150644
            ],
            [
              -116.65115185636819,
              51.75613161818156
            ],
            [
              -116.65054073881305,
              51.760054438926716
            ],
            [
              -116.64959706333467,
              51.762782602654866
            ],
            [
              -116.65114409848373,
              51.76494721074798
            ],
            [
              -116.65097416215377,
              51.76676746916337
            ],
            [
              -116.64822255048793,
              51.77169767256244
            ],
            [
              -116.64691734046323,
              51.776650248133265
            ],
            [
              -116.6444236193426,
              51.778422586749514
            ],
            [
              -116.6457656517819,
              51.782700983519774
            ],
            [
              -116.64314652953041,
              51.78670861768743
            ],
            [
              -116.64629142663667,
              51.7890354596473
            ],
            [
              -116.64827475872194,
              51.79094931968555
            ],
            [
              -116.64828591787231,
              51.79094869317937
            ],
            [
              -116.6485248229279,
              51.79112617228824
            ],
            [
              -116.64987141078429,
              51.792126668223396
            ],
            [
              -116.65146523321462,
              51.792303532175445
            ],
            [
              -116.65378110360416,
              51.79296249347174
            ],
            [
              -116.65521091409133,
              51.79451308288303
            ],
            [
              -116.65598438900773,
              51.79689687089555
            ],
            [
              -116.65434312312821,
              51.80131089332736
            ],
            [
              -116.65578145614236,
              51.801860432200165
            ],
            [
              -116.65794823213538,
              51.803306711375555
            ],
            [
              -116.65906056606725,
              51.80518805780104
            ],
            [
              -116.66411456964256,
              51.805316184014266
            ],
            [
              -116.66705477862652,
              51.80448393624537
            ],
            [
              -116.66675567578434,
              51.80605878959999
            ],
            [
              -116.67742716940174,
              51.81141627746583
            ],
            [
              -116.67957490599659,
              51.8130338837316
            ],
            [
              -116.68207610185407,
              51.81214658120374
            ],
            [
              -116.68855972480233,
              51.80774574328701
            ],
            [
              -116.69237830519612,
              51.806313943093265
            ],
            [
              -116.69448091838639,
              51.80361254054286
            ],
            [
              -116.70358253849497,
              51.80154022662003
            ],
            [
              -116.70682545852533,
              51.80237818740925
            ],
            [
              -116.71072395150235,
              51.80096668134508
            ],
            [
              -116.7155070950128,
              51.79866279369003
            ],
            [
              -116.71693935631019,
              51.798796789027804
            ],
            [
              -116.72081102920355,
              51.801389345789524
            ],
            [
              -116.7230683316047,
              51.803977786207376
            ],
            [
              -116.72508885650682,
              51.80479435757118
            ],
            [
              -116.73230575638425,
              51.80594927705732
            ],
            [
              -116.74423247110082,
              51.806608018130554
            ],
            [
              -116.74898130796238,
              51.805060713517584
            ],
            [
              -116.75454331926585,
              51.799889588283634
            ],
            [
              -116.75960879520574,
              51.78751404159374
            ],
            [
              -116.76534567436232,
              51.7846294709491
            ],
            [
              -116.77286051567498,
              51.77483256790235
            ],
            [
              -116.77814311523478,
              51.77247959703388
            ],
            [
              -116.78222805530277,
              51.76893350155314
            ],
            [
              -116.78513523295028,
              51.76402276460902
            ],
            [
              -116.78710488178196,
              51.76335119884195
            ],
            [
              -116.79154071396091,
              51.7639635128496
            ],
            [
              -116.79471380148858,
              51.76106692112381
            ],
            [
              -116.79606399152817,
              51.758054483197995
            ],
            [
              -116.80177854305386,
              51.754338887269355
            ],
            [
              -116.80265276965122,
              51.75303140369516
            ],
            [
              -116.80418286215887,
              51.75230547877636
            ],
            [
              -116.80645249088379,
              51.75047319136996
            ],
            [
              -116.80649752596818,
              51.750053334672614
            ],
            [
              -116.80681544196663,
              51.74708888178028
            ],
            [
              -116.80993443020895,
              51.74512174953146
            ],
            [
              -116.81108126433945,
              51.742410981706776
            ],
            [
              -116.81118452334196,
              51.740551415133595
            ],
            [
              -116.81351617277511,
              51.73961938905001
            ],
            [
              -116.81734124547101,
              51.73972023046526
            ],
            [
              -116.8193012818093,
              51.73863348894449
            ],
            [
              -116.81994543243223,
              51.737384812992374
            ],
            [
              -116.81859819337687,
              51.73556447468629
            ],
            [
              -116.81514530228694,
              51.733201868092685
            ],
            [
              -116.80797629979361,
              51.7278777042268
            ],
            [
              -116.80492353685761,
              51.725912262041525
            ],
            [
              -116.7980200322757,
              51.723602485042946
            ],
            [
              -116.79984223424444,
              51.72130183664253
            ],
            [
              -116.80012903438211,
              51.71689615036812
            ],
            [
              -116.80369197231218,
              51.71539799205822
            ],
            [
              -116.80696273761475,
              51.71305830442516
            ],
            [
              -116.80882353037694,
              51.7104141732962
            ],
            [
              -116.80885616977362,
              51.70723996757963
            ],
            [
              -116.80974116725426,
              51.70534635098321
            ],
            [
              -116.81301016266696,
              51.7054227337045
            ],
            [
              -116.81926190477637,
              51.70685685757585
            ],
            [
              -116.82044252601764,
              51.7048037135095
            ],
            [
              -116.82597366178251,
              51.70404813853268
            ],
            [
              -116.82827936000001,
              51.7042884069664
            ],
            [
              -116.83170219640368,
              51.703991318272244
            ],
            [
              -116.83415371685305,
              51.70344403357756
            ],
            [
              -116.83661321223623,
              51.703311275310924
            ],
            [
              -116.83855228378296,
              51.7048121881622
            ],
            [
              -116.8424214619175,
              51.70498320704897
            ],
            [
              -116.8491492773004,
              51.70541827428268
            ],
            [
              -116.85360110846895,
              51.70827229116536
            ],
            [
              -116.86081832703846,
              51.707830712817945
            ],
            [
              -116.86276726121118,
              51.7063287180106
            ],
            [
              -116.86522971976107,
              51.70519441711657
            ],
            [
              -116.87032176827779,
              51.704382643455446
            ],
            [
              -116.87443392401295,
              51.70461486746468
            ],
            [
              -116.87648047672202,
              51.70567104783309
            ],
            [
              -116.87794890789576,
              51.70545928011387
            ],
            [
              -116.87819980808771,
              51.704227735136755
            ],
            [
              -116.88728602927486,
              51.70296887228612
            ],
            [
              -116.89597880743487,
              51.7027274473134
            ],
            [
              -116.90258175154788,
              51.70377480857578
            ],
            [
              -116.9073611696839,
              51.70670961362797
            ],
            [
              -116.90976254616872,
              51.70709024488681
            ],
            [
              -116.9120036760658,
              51.70642843932798
            ],
            [
              -116.91589108470335,
              51.70742579033068
            ],
            [
              -116.92056790791631,
              51.70980326933447
            ],
            [
              -116.91805767782682,
              51.71186866672592
            ],
            [
              -116.91696817448694,
              51.71365061603475
            ],
            [
              -116.92279784572979,
              51.71714802409175
            ],
            [
              -116.92598188529813,
              51.717493186748065
            ],
            [
              -116.92755284149865,
              51.71913629402704
            ],
            [
              -116.92777200346461,
              51.7193655115786
            ],
            [
              -116.92998156539046,
              51.721463071261624
            ],
            [
              -116.92639330073189,
              51.723723674588555
            ],
            [
              -116.92621062209459,
              51.7248547805038
            ],
            [
              -116.92684731386595,
              51.72660812103176
            ],
            [
              -116.92654369499125,
              51.72906284063192
            ],
            [
              -116.93249442139893,
              51.72952758660358
            ],
            [
              -116.94362079817131,
              51.73390866442848
            ],
            [
              -116.9431335536352,
              51.73478505461227
            ],
            [
              -116.94452994207015,
              51.74167946787436
            ],
            [
              -116.94618908195145,
              51.74275199990455
            ],
            [
              -116.94930926616115,
              51.742196188242204
            ],
            [
              -116.95430783703597,
              51.74323985098324
            ],
            [
              -116.95566107848101,
              51.746059401918885
            ],
            [
              -116.95736837317752,
              51.747202846889465
            ],
            [
              -116.95897110019489,
              51.74778950375651
            ],
            [
              -116.95984015651185,
              51.750041107422426
            ],
            [
              -116.96061043639371,
              51.75203649809495
            ],
            [
              -116.9693364413445,
              51.75632875079411
            ],
            [
              -116.9763605818055,
              51.76018497941706
            ],
            [
              -116.97483335610946,
              51.76091349001731
            ],
            [
              -116.97279069907296,
              51.76127472444573
            ],
            [
              -116.97204591661685,
              51.76296868172605
            ],
            [
              -116.97181653022287,
              51.7650299227393
            ],
            [
              -116.97326728086928,
              51.76699055692262
            ],
            [
              -116.97292348935069,
              51.76808039550413
            ],
            [
              -116.97371569870823,
              51.76946055521164
            ],
            [
              -116.9687222865681,
              51.77083441650532
            ],
            [
              -116.96792968787068,
              51.77145628876533
            ],
            [
              -116.967213136023,
              51.77339312000351
            ],
            [
              -116.96322173749375,
              51.774257446355186
            ],
            [
              -116.96287760519351,
              51.77534727555543
            ],
            [
              -116.96366021593747,
              51.77631287657455
            ],
            [
              -116.96455712839948,
              51.778249942011264
            ],
            [
              -116.96434641860917,
              51.7801394973928
            ],
            [
              -116.96472786883469,
              51.78170923700271
            ],
            [
              -116.96609317047488,
              51.782941487666875
            ],
            [
              -116.96612146081411,
              51.7841854234218
            ],
            [
              -116.96493665784753,
              51.78582608895074
            ],
            [
              -116.9660630877565,
              51.78770399452352
            ],
            [
              -116.96360743228516,
              51.7902567375781
            ],
            [
              -116.96120004527262,
              51.790878354719375
            ],
            [
              -116.96400220933998,
              51.79495126368902
            ],
            [
              -116.96841500608419,
              51.79831645090909
            ],
            [
              -116.97513121970164,
              51.802504944289986
            ],
            [
              -116.98010954505997,
              51.80530692922956
            ],
            [
              -116.98604431627162,
              51.80852923416918
            ],
            [
              -116.9889884697291,
              51.81110588241179
            ],
            [
              -116.98772750451647,
              51.813434130353606
            ],
            [
              -116.98531946748565,
              51.81605869796167
            ],
            [
              -116.98505229658419,
              51.81846388322611
            ],
            [
              -116.98424008202997,
              51.82025895881789
            ],
            [
              -116.98817922673226,
              51.82291265523859
            ],
            [
              -116.9863249557154,
              51.824559761723165
            ],
            [
              -116.98627283064248,
              51.82678430918591
            ],
            [
              -116.98118654768611,
              51.828431560037295
            ],
            [
              -116.97997239359509,
              51.830830945912425
            ],
            [
              -116.97888242282238,
              51.83361541794292
            ],
            [
              -116.97978142675423,
              51.83555268018336
            ],
            [
              -116.98110119052895,
              51.83671383236027
            ],
            [
              -116.98452475879365,
              51.835996794730214
            ],
            [
              -116.9905401706902,
              51.83652942966893
            ],
            [
              -116.99558017076238,
              51.83681306177837
            ],
            [
              -116.9998452754244,
              51.836545640051966
            ],
            [
              -117.00000001338763,
              51.83582878826401
            ],
            [
              -117.00007417105057,
              51.83548510383384
            ],
            [
              -117.005745525489,
              51.83610578192421
            ],
            [
              -117.00796502579702,
              51.83720118128737
            ],
            [
              -117.01937068484037,
              51.842932105310375
            ],
            [
              -117.02729030802809,
              51.85048249390991
            ],
            [
              -117.0321316343783,
              51.85436369844751
            ],
            [
              -117.03347392672678,
              51.85635372256094
            ],
            [
              -117.03432087448209,
              51.85980742682423
            ],
            [
              -117.03304946555862,
              51.86072054389706
            ],
            [
              -117.03062400314307,
              51.864519706828865
            ],
            [
              -117.03086912279589,
              51.8688803706411
            ],
            [
              -117.02836597869857,
              51.87236554690231
            ],
            [
              -117.02328250252351,
              51.880023244393634
            ],
            [
              -117.01890113038509,
              51.883325455516584
            ],
            [
              -117.01443121353029,
              51.88489735319236
            ],
            [
              -117.01328426279028,
              51.88719677377396
            ],
            [
              -117.01077752528121,
              51.88968033829875
            ],
            [
              -117.01174546872983,
              51.890515514096265
            ],
            [
              -117.01946494847341,
              51.89136000071574
            ],
            [
              -117.02322733524055,
              51.894436688386094
            ],
            [
              -117.03133579837959,
              51.898853235456926
            ],
            [
              -117.03288170779705,
              51.901542632650745
            ],
            [
              -117.0363143976989,
              51.90382803340457
            ],
            [
              -117.04225143022032,
              51.90822133074341
            ],
            [
              -117.04667154217283,
              51.910168041843185
            ],
            [
              -117.04846764187056,
              51.91262603818922
            ],
            [
              -117.05233466639866,
              51.91555067324783
            ],
            [
              -117.05929510863656,
              51.917257977182594
            ],
            [
              -117.0678327198653,
              51.92319162694619
            ],
            [
              -117.07366938947445,
              51.92702642161889
            ],
            [
              -117.07768145117782,
              51.92916192719293
            ],
            [
              -117.079737098795,
              51.930801444546724
            ],
            [
              -117.08151748891753,
              51.93343088450547
            ],
            [
              -117.08616711295484,
              51.93690479882549
            ],
            [
              -117.0889507169205,
              51.938021888832814
            ],
            [
              -117.09254713304122,
              51.93834389823319
            ],
            [
              -117.09765211795964,
              51.939695198713295
            ],
            [
              -117.09681911663266,
              51.94325195043211
            ],
            [
              -117.10091808212124,
              51.94770380854057
            ],
            [
              -117.1021295415138,
              51.950188510984596
            ],
            [
              -117.10092990430289,
              51.9530050314212
            ],
            [
              -117.10162625043439,
              51.95482959143198
            ],
            [
              -117.10317598352611,
              51.956516797829956
            ],
            [
              -117.11086637320652,
              51.95569519029259
            ],
            [
              -117.11729150191519,
              51.95520070750714
            ],
            [
              -117.12019973049048,
              51.95570049639477
            ],
            [
              -117.13048074494762,
              51.96506769574148
            ],
            [
              -117.13166851752163,
              51.96701583650975
            ],
            [
              -117.13332378885549,
              51.96825798799023
            ],
            [
              -117.13571357283328,
              51.96839067750569
            ],
            [
              -117.13825947151162,
              51.96915129743088
            ],
            [
              -117.144866770885,
              51.97270284506865
            ],
            [
              -117.14847823367157,
              51.973437796803694
            ],
            [
              -117.15422955875414,
              51.97194637157439
            ],
            [
              -117.16360825172852,
              51.97260555017696
            ],
            [
              -117.16787007157191,
              51.97379795187423
            ],
            [
              -117.17283228016238,
              51.97393093809926
            ],
            [
              -117.17731609701686,
              51.974355011067516
            ],
            [
              -117.18621629267096,
              51.976891912026936
            ],
            [
              -117.18870998091602,
              51.97657863585724
            ],
            [
              -117.19169923950815,
              51.97739040118283
            ],
            [
              -117.19598936956328,
              51.97911801386078
            ],
            [
              -117.19722361297168,
              51.980134841440574
            ],
            [
              -117.19744516253277,
              51.98542727502232
            ],
            [
              -117.19645197989045,
              51.98635403392318
            ],
            [
              -117.19697798333567,
              51.98772208985507
            ],
            [
              -117.19935658104073,
              51.989026907144336
            ],
            [
              -117.19961622755571,
              51.99079860837882
            ],
            [
              -117.20169211794399,
              51.99285085945559
            ],
            [
              -117.20531230981557,
              51.994585583529556
            ],
            [
              -117.21110058654727,
              51.99592406025278
            ],
            [
              -117.21641394061216,
              51.99726037242453
            ],
            [
              -117.21723146783764,
              51.99905446601478
            ],
            [
              -117.2181985558889,
              52.00003367286453
            ],
            [
              -117.21854565042878,
              52.00038507373342
            ],
            [
              -117.21947844853695,
              52.002149276015665
            ],
            [
              -117.22216783199904,
              52.005296349038524
            ],
            [
              -117.22485140351012,
              52.007441658027
            ],
            [
              -117.2260691632859,
              52.00863015902045
            ],
            [
              -117.22978240988776,
              52.00950435820765
            ],
            [
              -117.23242978436855,
              52.01040478379958
            ],
            [
              -117.23362975292225,
              52.01176517524081
            ],
            [
              -117.23195988486609,
              52.016464013963194
            ],
            [
              -117.2272527127905,
              52.016517014999955
            ],
            [
              -117.22273342811408,
              52.01744071909901
            ],
            [
              -117.2167964886604,
              52.02224430244269
            ],
            [
              -117.21535443676007,
              52.02529454698868
            ],
            [
              -117.2146817734498,
              52.0284793579811
            ],
            [
              -117.22073020305052,
              52.032176202777684
            ],
            [
              -117.22360657259594,
              52.034899255978914
            ],
            [
              -117.22589781001322,
              52.03547469971072
            ],
            [
              -117.22700719012383,
              52.036106325388126
            ],
            [
              -117.2279534924229,
              52.038285576093116
            ],
            [
              -117.23202803449102,
              52.04107371047333
            ],
            [
              -117.23613023805424,
              52.03774969398615
            ],
            [
              -117.24031178146708,
              52.036328236230624
            ],
            [
              -117.24450539252608,
              52.03532156461238
            ],
            [
              -117.24820222843016,
              52.0347784110459
            ],
            [
              -117.25029962135655,
              52.035069292515395
            ],
            [
              -117.25205461713034,
              52.03862742257859
            ],
            [
              -117.25702155792871,
              52.04093199513583
            ],
            [
              -117.27058734947346,
              52.04886194427889
            ],
            [
              -117.26840791645594,
              52.055786514840776
            ],
            [
              -117.27659535692226,
              52.05813155611686
            ],
            [
              -117.28209853972815,
              52.05962725224143
            ],
            [
              -117.28555962097603,
              52.06190539338076
            ],
            [
              -117.28900817586526,
              52.06376847406194
            ],
            [
              -117.29246688001484,
              52.06445757161862
            ],
            [
              -117.29453045485923,
              52.065091535851685
            ],
            [
              -117.29711020444148,
              52.06885423020149
            ],
            [
              -117.30230926392474,
              52.071683779682836
            ],
            [
              -117.30506352583902,
              52.07431339539296
            ],
            [
              -117.30470846900248,
              52.07557733110293
            ],
            [
              -117.30209771895383,
              52.07751244212918
            ],
            [
              -117.29894289818714,
              52.07766460376243
            ],
            [
              -117.29620347613255,
              52.079214576805626
            ],
            [
              -117.2935515008777,
              52.082080468970375
            ],
            [
              -117.29202880114808,
              52.08540530599742
            ],
            [
              -117.29593999610356,
              52.09120674620608
            ],
            [
              -117.29859296452118,
              52.094281659983494
            ],
            [
              -117.30414686439376,
              52.12484518856721
            ],
            [
              -117.3069610582892,
              52.14101877837447
            ],
            [
              -117.31549852859818,
              52.18550457887252
            ],
            [
              -117.31730287210715,
              52.19404201640341
            ],
            [
              -117.3271626163157,
              52.18994816263359
            ],
            [
              -117.33403622995291,
              52.148641458687095
            ],
            [
              -117.38125574043191,
              52.13772407851551
            ],
            [
              -117.49999999535875,
              52.14426397507237
            ],
            [
              -117.5001780152667,
              52.144273673018695
            ],
            [
              -117.50990292581167,
              52.157812196157195
            ],
            [
              -117.52311532294225,
              52.15824609083454
            ],
            [
              -117.61126381283397,
              52.14425889948191
            ],
            [
              -117.62934759471494,
              52.17476421006343
            ],
            [
              -117.66352952334492,
              52.19789299325805
            ],
            [
              -117.74320785766292,
              52.193992314541596
            ],
            [
              -117.74134637875814,
              52.202997388003816
            ],
            [
              -117.81831749566793,
              52.2263548147431
            ],
            [
              -117.82220308552479,
              52.24640841151171
            ],
            [
              -117.8244924719905,
              52.25006307692992
            ],
            [
              -117.83957806474521,
              52.274127446824096
            ],
            [
              -117.79606075162536,
              52.29250684972183
            ],
            [
              -117.77799464538339,
              52.3189303771703
            ],
            [
              -117.75287839938602,
              52.316423610677106
            ],
            [
              -117.72298605757318,
              52.355581314715295
            ],
            [
              -117.70484287120917,
              52.357500105581025
            ],
            [
              -117.70579503120747,
              52.36534487542116
            ],
            [
              -117.72982531825029,
              52.38232722289078
            ],
            [
              -117.7574361303881,
              52.40953780151351
            ],
            [
              -117.76649799083397,
              52.41769215346189
            ],
            [
              -117.83974618078699,
              52.42111641708794
            ],
            [
              -117.88693304606991,
              52.42609158648731
            ],
            [
              -117.96679241620106,
              52.46970872790014
            ],
            [
              -117.98782887587397,
              52.50001388483465
            ],
            [
              -117.98798490340593,
              52.50023849062894
            ],
            [
              -117.98812181119753,
              52.50005512847437
            ],
            [
              -117.98820463790489,
              52.500013473590386
            ],
            [
              -117.99659215185542,
              52.495795781637824
            ],
            [
              -118.00000000219582,
              52.4941954244712
            ],
            [
              -118.00345622827669,
              52.49257210031545
            ],
            [
              -118.01329760264338,
              52.48389345831461
            ],
            [
              -118.0218179437126,
              52.472301274380726
            ],
            [
              -118.02055001489848,
              52.4651797667743
            ],
            [
              -118.01847758569436,
              52.459348890698145
            ],
            [
              -118.02065175728828,
              52.45642995933905
            ],
            [
              -118.02112887880769,
              52.45552865237216
            ],
            [
              -118.04207277378535,
              52.45897855414406
            ],
            [
              -118.0506871867678,
              52.45714772450053
            ],
            [
              -118.05289905900308,
              52.44956354191529
            ],
            [
              -118.03637283760594,
              52.441382776994985
            ],
            [
              -118.03036292672127,
              52.4380774767999
            ],
            [
              -118.04072404183691,
              52.418477599625255
            ],
            [
              -118.04416878304144,
              52.39845936140618
            ],
            [
              -118.13804609686933,
              52.4074975064299
            ],
            [
              -118.14199044464395,
              52.402417874692155
            ],
            [
              -118.1559408656346,
              52.396343924774335
            ],
            [
              -118.16397487203888,
              52.3937215323838
            ],
            [
              -118.17152465091469,
              52.38936193663597
            ],
            [
              -118.17743543385139,
              52.38590824419343
            ],
            [
              -118.1820665584223,
              52.38279778719456
            ],
            [
              -118.17890135521614,
              52.379448833453374
            ],
            [
              -118.17829348674651,
              52.3754129178653
            ],
            [
              -118.18008626750766,
              52.372598317845
            ],
            [
              -118.18825450433447,
              52.37266702596625
            ],
            [
              -118.2007097290088,
              52.37265349497907
            ],
            [
              -118.21277316802478,
              52.3703414539533
            ],
            [
              -118.21933939448492,
              52.37417463648519
            ],
            [
              -118.22601544486659,
              52.38028949075151
            ],
            [
              -118.2260343520262,
              52.38030682435088
            ],
            [
              -118.22033286526954,
              52.38510845542414
            ],
            [
              -118.21979397143234,
              52.39178767540827
            ],
            [
              -118.22089177271539,
              52.397559901340266
            ],
            [
              -118.22605707306656,
              52.399437442698165
            ],
            [
              -118.23390827698437,
              52.402925954116604
            ],
            [
              -118.24078814746287,
              52.40294123064873
            ],
            [
              -118.24444712136241,
              52.40802486602463
            ],
            [
              -118.24314389752867,
              52.41257723386389
            ],
            [
              -118.239921592006,
              52.41764602649068
            ],
            [
              -118.2397956263167,
              52.42701673185018
            ],
            [
              -118.24274472848278,
              52.43253659078298
            ],
            [
              -118.24719516712842,
              52.43623037880878
            ],
            [
              -118.25129259342378,
              52.43979666696991
            ],
            [
              -118.25375269467528,
              52.444270580047416
            ],
            [
              -118.25533801784529,
              52.4495369484464
            ],
            [
              -118.19335093282223,
              52.47782011661519
            ],
            [
              -118.23552910270101,
              52.490177893876385
            ],
            [
              -118.24678614511201,
              52.50000381612445
            ],
            [
              -118.27428681138123,
              52.523983471533256
            ],
            [
              -118.28443677231796,
              52.53389641859749
            ],
            [
              -118.28914629729891,
              52.53849400493843
            ],
            [
              -118.27278338303414,
              52.565955808373076
            ],
            [
              -118.33256828987773,
              52.58017159843192
            ],
            [
              -118.33402089182411,
              52.59296616024658
            ],
            [
              -118.33360055447147,
              52.606195218970846
            ],
            [
              -118.3525042726612,
              52.61064739941762
            ],
            [
              -118.35449111823172,
              52.633683981577065
            ],
            [
              -118.30103784508422,
              52.65408122990328
            ],
            [
              -118.29386011622331,
              52.668350364688706
            ],
            [
              -118.29014118574577,
              52.67769344249011
            ],
            [
              -118.34329466527984,
              52.7088888824512
            ],
            [
              -118.34282282867161,
              52.738556334170454
            ],
            [
              -118.36829147438701,
              52.75007430828354
            ],
            [
              -118.39113574190792,
              52.76039462430496
            ],
            [
              -118.42241012943764,
              52.77578651287784
            ],
            [
              -118.41802047864869,
              52.789872096796415
            ],
            [
              -118.41299568550389,
              52.80598351468742
            ],
            [
              -118.39962643062577,
              52.82446021078837
            ],
            [
              -118.40108856689186,
              52.8405078142852
            ],
            [
              -118.4015065619084,
              52.84050027531144
            ],
            [
              -118.40193389480046,
              52.84156965867095
            ],
            [
              -118.4023188371795,
              52.84253281520713
            ],
            [
              -118.39834320428349,
              52.844486363867034
            ],
            [
              -118.39139992758946,
              52.84546284688097
            ],
            [
              -118.38698483582526,
              52.84712444592737
            ],
            [
              -118.38892644963926,
              52.848854156489445
            ],
            [
              -118.39562876908033,
              52.84923896722254
            ],
            [
              -118.40316593576199,
              52.850763364408394
            ],
            [
              -118.41803794690098,
              52.85129831541485
            ],
            [
              -118.42087014807707,
              52.851399977398806
            ],
            [
              -118.4312131755913,
              52.85121446489829
            ],
            [
              -118.44446262459729,
              52.85222513069607
            ],
            [
              -118.45252473062966,
              52.85537935241433
            ],
            [
              -118.4584332796465,
              52.85958995281006
            ],
            [
              -118.46099568056557,
              52.866610872180225
            ],
            [
              -118.46120485778295,
              52.86935210698098
            ],
            [
              -118.45591112904238,
              52.87227652904541
            ],
            [
              -118.4494014986852,
              52.87907497939009
            ],
            [
              -118.44859535415011,
              52.880280898686394
            ],
            [
              -118.4485028323189,
              52.88190475509487
            ],
            [
              -118.44849382477132,
              52.8820627565952
            ],
            [
              -118.4482794500177,
              52.88528679278524
            ],
            [
              -118.45736811746883,
              52.89022539242185
            ],
            [
              -118.45738202731515,
              52.890232986565564
            ],
            [
              -118.45742040715744,
              52.89025396425128
            ],
            [
              -118.45846352687198,
              52.890824040334714
            ],
            [
              -118.45851905445808,
              52.890854389941865
            ],
            [
              -118.45851977508306,
              52.890854794213794
            ],
            [
              -118.4621537770517,
              52.89289851603824
            ],
            [
              -118.46241860380505,
              52.892985229683504
            ],
            [
              -118.46605545791452,
              52.89417616701015
            ],
            [
              -118.46930043499908,
              52.895619473065345
            ],
            [
              -118.47048079667687,
              52.89738956002539
            ],
            [
              -118.47059345159491,
              52.897558457660836
            ],
            [
              -118.47685812891298,
              52.900969641241886
            ],
            [
              -118.48557451411189,
              52.90253915873188
            ],
            [
              -118.50008572158326,
              52.906367005108066
            ],
            [
              -118.5001423710585,
              52.90638195213938
            ],
            [
              -118.51102438663187,
              52.90521485595279
            ],
            [
              -118.5222397660145,
              52.89821683784455
            ],
            [
              -118.52941989198294,
              52.90030055524905
            ],
            [
              -118.53516786314489,
              52.90304385579666
            ],
            [
              -118.54378774499001,
              52.90845463404799
            ],
            [
              -118.55336681259158,
              52.90551798020898
            ],
            [
              -118.56193560645958,
              52.90121346041379
            ],
            [
              -118.56497212883019,
              52.8955346521002
            ],
            [
              -118.56955305304706,
              52.88889000891016
            ],
            [
              -118.57544070832488,
              52.885241923896096
            ],
            [
              -118.58496058820339,
              52.88269230593375
            ],
            [
              -118.58721310756046,
              52.88224812314382
            ],
            [
              -118.58771979949809,
              52.8821825605473
            ],
            [
              -118.5965136882021,
              52.881044109521504
            ],
            [
              -118.6081429433409,
              52.87955023179385
            ],
            [
              -118.61382974913975,
              52.88372169460909
            ],
            [
              -118.61425365969022,
              52.9001463833906
            ],
            [
              -118.60666143921512,
              52.90397106181466
            ],
            [
              -118.62034296036605,
              52.91366180531462
            ],
            [
              -118.62095705626673,
              52.91625260731621
            ],
            [
              -118.61342207156243,
              52.936011964359736
            ],
            [
              -118.6385359589992,
              52.95187269429539
            ],
            [
              -118.65133715672758,
              52.955501966131656
            ],
            [
              -118.66020489429752,
              52.96393768154125
            ],
            [
              -118.66106425179383,
              52.97257033053449
            ],
            [
              -118.67119410624488,
              52.97830155874923
            ],
            [
              -118.66976912599517,
              52.98341561013963
            ],
            [
              -118.6616222373437,
              52.9873922722981
            ],
            [
              -118.64932939692262,
              52.99150331783671
            ],
            [
              -118.64898490969176,
              53.000072555381664
            ],
            [
              -118.64897711486314,
              53.00026658910887
            ],
            [
              -118.64727822536018,
              53.00007294259779
            ],
            [
              -118.64077215980566,
              52.999331069860524
            ],
            [
              -118.64117801900147,
              53.00007409670563
            ],
            [
              -118.64715054647266,
              53.01100433399806
            ],
            [
              -118.65263426715705,
              53.01838883773083
            ],
            [
              -118.64975935015899,
              53.02507583126537
            ],
            [
              -118.65534778600308,
              53.03479723430551
            ],
            [
              -118.66875993739977,
              53.04250480360885
            ],
            [
              -118.67965914626903,
              53.04133337472474
            ],
            [
              -118.68571180019067,
              53.034967475597625
            ],
            [
              -118.69587563527764,
              53.032809971368266
            ],
            [
              -118.70054881003911,
              53.044356983372225
            ],
            [
              -118.7102924891165,
              53.05216794591171
            ],
            [
              -118.72643661511576,
              53.06021832900213
            ],
            [
              -118.74607944323537,
              53.05233562697344
            ],
            [
              -118.75640873785923,
              53.04381794726327
            ],
            [
              -118.75893961774251,
              53.038005084985286
            ],
            [
              -118.77620337937788,
              53.045350654525826
            ],
            [
              -118.75905843996392,
              53.06577606094887
            ],
            [
              -118.76982708079547,
              53.074492183187544
            ],
            [
              -118.75442589396803,
              53.08280678381347
            ],
            [
              -118.74870402541254,
              53.08830021523435
            ],
            [
              -118.74876863007412,
              53.0971564529199
            ],
            [
              -118.7367596996747,
              53.10651906268452
            ],
            [
              -118.72952264506623,
              53.11547621754292
            ],
            [
              -118.73234093348086,
              53.11924941101364
            ],
            [
              -118.77248808119063,
              53.133039271779616
            ],
            [
              -118.77933572047014,
              53.13868082921671
            ],
            [
              -118.7840032831988,
              53.14491300827884
            ],
            [
              -118.78047158489275,
              53.14764472314189
            ],
            [
              -118.77931339808644,
              53.15091729054974
            ],
            [
              -118.78652165888745,
              53.15922418053638
            ],
            [
              -118.79536714042388,
              53.16314227709225
            ],
            [
              -118.79880678997687,
              53.163789097821855
            ],
            [
              -118.80580935128629,
              53.16524644844191
            ],
            [
              -118.8172962125254,
              53.171802687698865
            ],
            [
              -118.82338581110675,
              53.172914893386526
            ],
            [
              -118.83149170538047,
              53.183051900571236
            ],
            [
              -118.84778722876932,
              53.1859355116612
            ],
            [
              -118.86206958500095,
              53.19094295931804
            ],
            [
              -118.87959590088953,
              53.205927674574276
            ],
            [
              -118.90939370927168,
              53.209680431886994
            ],
            [
              -118.91596082726338,
              53.211844916344766
            ],
            [
              -118.9234229247334,
              53.22522130237449
            ],
            [
              -118.93938653522898,
              53.23371916064566
            ],
            [
              -118.94744409721653,
              53.238935158923255
            ],
            [
              -118.95578640270625,
              53.23646750796896
            ],
            [
              -118.96529118244963,
              53.23684360753681
            ],
            [
              -118.97518999557347,
              53.24165615618195
            ],
            [
              -118.98407720814608,
              53.239037503031405
            ],
            [
              -118.99998403339006,
              53.23602433668637
            ],
            [
              -119.01259316873919,
              53.23363383758643
            ],
            [
              -119.02383383346702,
              53.231949708173225
            ],
            [
              -119.0261877000409,
              53.226365730414706
            ],
            [
              -119.01829463731018,
              53.21942883470481
            ],
            [
              -118.99998295344155,
              53.21293950152223
            ],
            [
              -118.99939195861525,
              53.21272997621327
            ],
            [
              -118.99941805270838,
              53.192764771009195
            ],
            [
              -118.99998245883415,
              53.19235398879653
            ],
            [
              -119.00853942638501,
              53.186124741507626
            ],
            [
              -119.01983395857053,
              53.1701941137713
            ],
            [
              -119.02877345855089,
              53.16419293697124
            ],
            [
              -118.99998100599841,
              53.14864233045532
            ],
            [
              -118.99986615603069,
              53.14858027213475
            ],
            [
              -118.99998103317729,
              53.14851650689783
            ],
            [
              -119.02508892306892,
              53.1345704671965
            ],
            [
              -119.02456446349684,
              53.126711115281715
            ],
            [
              -119.04797477133924,
              53.12682289659331
            ],
            [
              -119.04688152684805,
              53.14490962498283
            ],
            [
              -119.0686161211184,
              53.157536941748454
            ],
            [
              -119.08849667207242,
              53.1655319098484
            ],
            [
              -119.11952400620235,
              53.16176576488114
            ],
            [
              -119.12565676179642,
              53.166864625022754
            ],
            [
              -119.1315954737675,
              53.17180057712889
            ],
            [
              -119.141467417056,
              53.18174787727629
            ],
            [
              -119.14601293054685,
              53.19118076952436
            ],
            [
              -119.17560531255108,
              53.184630713492055
            ],
            [
              -119.19605678207893,
              53.18553341194499
            ],
            [
              -119.21903071576492,
              53.19404970305272
            ],
            [
              -119.23313323390897,
              53.193528740953376
            ],
            [
              -119.23271506781948,
              53.18176831493128
            ],
            [
              -119.24280629532325,
              53.17858978680729
            ],
            [
              -119.25711617235113,
              53.176621060367005
            ],
            [
              -119.25318025355404,
              53.184833614558734
            ],
            [
              -119.25146261933796,
              53.19896655617567
            ],
            [
              -119.25889201290674,
              53.208098693163784
            ],
            [
              -119.26251348030569,
              53.212548408269875
            ],
            [
              -119.26509492447101,
              53.215332258029186
            ],
            [
              -119.26949902532387,
              53.22008062973457
            ],
            [
              -119.27341918885591,
              53.22431458107597
            ],
            [
              -119.27705385719621,
              53.22823926848302
            ],
            [
              -119.27715670857253,
              53.228350316306326
            ],
            [
              -119.27734052714679,
              53.22849546636996
            ],
            [
              -119.2776100675514,
              53.22870829160625
            ],
            [
              -119.27767095131037,
              53.2288514708548
            ],
            [
              -119.27774603477751,
              53.22902808256723
            ],
            [
              -119.2778019828201,
              53.22908832136783
            ],
            [
              -119.28800191731631,
              53.240066561785476
            ],
            [
              -119.29135843066338,
              53.250032842858765
            ],
            [
              -119.30143942063039,
              53.24982556424772
            ],
            [
              -119.30140196530054,
              53.250062576621886
            ],
            [
              -119.30042502553529,
              53.256245541494906
            ],
            [
              -119.32522950440269,
              53.269602496733626
            ],
            [
              -119.33553903663264,
              53.28042518605105
            ],
            [
              -119.34049629263723,
              53.28708029871454
            ],
            [
              -119.32964889624193,
              53.29661418444531
            ],
            [
              -119.35598006464303,
              53.312328557666774
            ],
            [
              -119.34691248807404,
              53.32632661782396
            ],
            [
              -119.35587852064732,
              53.34010218058581
            ],
            [
              -119.3742024783935,
              53.35098408243066
            ],
            [
              -119.39073809435195,
              53.36080165901584
            ],
            [
              -119.40608481035825,
              53.36808929544669
            ],
            [
              -119.41042511609203,
              53.36543553432732
            ],
            [
              -119.41624297391388,
              53.36432568165019
            ],
            [
              -119.42361101567782,
              53.36234281951592
            ],
            [
              -119.43674489909917,
              53.357626020950875
            ],
            [
              -119.44487690761473,
              53.35687178552113
            ],
            [
              -119.45189304503575,
              53.35659241186008
            ],
            [
              -119.45222751257906,
              53.35662096312703
            ],
            [
              -119.45924030972691,
              53.357219363921
            ],
            [
              -119.46730742903753,
              53.35889463703267
            ],
            [
              -119.47451779081288,
              53.36077933246527
            ],
            [
              -119.48162472456384,
              53.363247282548706
            ],
            [
              -119.48800338119145,
              53.36369748895039
            ],
            [
              -119.5000000108684,
              53.36248192634552
            ],
            [
              -119.5001308452161,
              53.36246867458666
            ],
            [
              -119.50003137415153,
              53.366047944895854
            ],
            [
              -119.51291006764376,
              53.3691324861875
            ],
            [
              -119.51753424652853,
              53.37006846341993
            ],
            [
              -119.52205742081892,
              53.36920070242419
            ],
            [
              -119.52600369974002,
              53.36818768620041
            ],
            [
              -119.53353018384118,
              53.36592976676073
            ],
            [
              -119.5422682918815,
              53.3666648861802
            ],
            [
              -119.5484795774426,
              53.36749144847302
            ],
            [
              -119.55781824561757,
              53.36947420345141
            ],
            [
              -119.56629376958504,
              53.37261273421679
            ],
            [
              -119.57851948538398,
              53.375317899821454
            ],
            [
              -119.58464054999662,
              53.37852815558914
            ],
            [
              -119.59028276807173,
              53.3811220214982
            ],
            [
              -119.59838280692578,
              53.38353104703406
            ],
            [
              -119.60452763392139,
              53.383429808749014
            ],
            [
              -119.60250131873397,
              53.3799955632297
            ],
            [
              -119.60084299190866,
              53.3751259904944
            ],
            [
              -119.59744858279879,
              53.3679080169607
            ],
            [
              -119.59834073421463,
              53.36571569748815
            ],
            [
              -119.60370284877779,
              53.36497099996668
            ],
            [
              -119.61141553972745,
              53.365097954366924
            ],
            [
              -119.61896633568162,
              53.36382541215539
            ],
            [
              -119.62412827737054,
              53.35960824778953
            ],
            [
              -119.62527071719445,
              53.363455382719636
            ],
            [
              -119.62822393144486,
              53.365575380652324
            ],
            [
              -119.63224777451794,
              53.36775771989521
            ],
            [
              -119.63753573407486,
              53.36905953734937
            ],
            [
              -119.64066422278859,
              53.36888119230306
            ],
            [
              -119.64553907353711,
              53.368603154053254
            ],
            [
              -119.65466096359603,
              53.368389304002676
            ],
            [
              -119.66435996373559,
              53.36831898906748
            ],
            [
              -119.6689002052578,
              53.36782819261856
            ],
            [
              -119.67635755821229,
              53.37118932635238
            ],
            [
              -119.67859314525191,
              53.374287468358396
            ],
            [
              -119.68027041002233,
              53.378097496479576
            ],
            [
              -119.67978368651642,
              53.38187338325082
            ],
            [
              -119.68276713181358,
              53.3842626346268
            ],
            [
              -119.68537093412336,
              53.38556625612313
            ],
            [
              -119.6954478204542,
              53.390609925372814
            ],
            [
              -119.70019192824728,
              53.38894977418004
            ],
            [
              -119.70878612888202,
              53.38840766762861
            ],
            [
              -119.71887963472209,
              53.38847354111285
            ],
            [
              -119.72542263011714,
              53.38875432022114
            ],
            [
              -119.72554514042548,
              53.39116597982972
            ],
            [
              -119.73108437585363,
              53.40215134597768
            ],
            [
              -119.73616442437877,
              53.408512593106245
            ],
            [
              -119.73930351610697,
              53.41180362132402
            ],
            [
              -119.75150823566365,
              53.42047958510442
            ],
            [
              -119.75836744599074,
              53.42637126690714
            ],
            [
              -119.75997185863241,
              53.431260451426844
            ],
            [
              -119.7583841802174,
              53.43493051740632
            ],
            [
              -119.7567625594046,
              53.437609001715614
            ],
            [
              -119.75852050211061,
              53.4402031772269
            ],
            [
              -119.76276816133135,
              53.441460633393135
            ],
            [
              -119.77148981683158,
              53.445802906722875
            ],
            [
              -119.77327470283862,
              53.44914057996527
            ],
            [
              -119.77387008137606,
              53.45250559581207
            ],
            [
              -119.77583473103509,
              53.45607119177676
            ],
            [
              -119.77955784191818,
              53.4609242410308
            ],
            [
              -119.78111111332039,
              53.46669121834118
            ],
            [
              -119.78371483492305,
              53.470356317325184
            ],
            [
              -119.78787168977115,
              53.47208453028492
            ],
            [
              -119.79064314896202,
              53.47536903545459
            ],
            [
              -119.79063326841175,
              53.47926590785206
            ],
            [
              -119.78780264075914,
              53.48242300975328
            ],
            [
              -119.78205564757177,
              53.48531175822305
            ],
            [
              -119.77934946254646,
              53.488628228732566
            ],
            [
              -119.78035083947677,
              53.491796840067124
            ],
            [
              -119.78995018032197,
              53.4953399826697
            ],
            [
              -119.80008944012832,
              53.50003904320555
            ],
            [
              -119.81252348225972,
              53.49994954073423
            ],
            [
              -119.81264497735464,
              53.50005501970713
            ],
            [
              -119.81991424033698,
              53.506364032239055
            ],
            [
              -119.83015780532406,
              53.51473382600856
            ],
            [
              -119.83292219728663,
              53.51930152180738
            ],
            [
              -119.84098662816892,
              53.515203689507516
            ],
            [
              -119.84653123533793,
              53.51170042664481
            ],
            [
              -119.85024472986868,
              53.507652945873524
            ],
            [
              -119.85379245439651,
              53.500071114491824
            ],
            [
              -119.85385753138114,
              53.499932031943736
            ],
            [
              -119.87021586413812,
              53.49995864489876
            ],
            [
              -119.87030965171444,
              53.500073124863015
            ],
            [
              -119.8754447635236,
              53.50633898839517
            ],
            [
              -119.88359111650628,
              53.51014633245745
            ],
            [
              -119.88992502718324,
              53.51248637387159
            ],
            [
              -119.89947701022176,
              53.5191278070501
            ],
            [
              -119.90034337646952,
              53.53297191929232
            ],
            [
              -119.89142935207204,
              53.53564340863697
            ],
            [
              -119.88097815399276,
              53.541334397282824
            ],
            [
              -119.87117895859923,
              53.544307453237955
            ],
            [
              -119.86225650779885,
              53.54850858787644
            ],
            [
              -119.86103145134906,
              53.55653464860887
            ],
            [
              -119.86328963466727,
              53.56163559806288
            ],
            [
              -119.8679442393185,
              53.56692776213562
            ],
            [
              -119.87314449908207,
              53.57137113835842
            ],
            [
              -119.88623482154108,
              53.57621515277584
            ],
            [
              -119.88663053593044,
              53.57636157196163
            ],
            [
              -119.88688594570034,
              53.576456055883256
            ],
            [
              -119.88688664921139,
              53.576455599120656
            ],
            [
              -119.88716170587101,
              53.57652805671371
            ],
            [
              -119.88818166868448,
              53.57679668422184
            ],
            [
              -119.89150100595067,
              53.577670834060875
            ],
            [
              -119.89624311769093,
              53.581513299207046
            ],
            [
              -119.8992587211471,
              53.58616183598576
            ],
            [
              -119.90294013078775,
              53.59002674252811
            ],
            [
              -119.90587409264911,
              53.5968415919182
            ],
            [
              -119.91071278358203,
              53.60125461687139
            ],
            [
              -119.91689628166769,
              53.60346848991039
            ],
            [
              -119.92316647496291,
              53.60533637091264
            ],
            [
              -119.9303788949964,
              53.610399684490545
            ],
            [
              -119.92588993760704,
              53.61453859067352
            ],
            [
              -119.91755140336763,
              53.61661902572773
            ],
            [
              -119.9098225082399,
              53.61771617552366
            ],
            [
              -119.90269758020692,
              53.62015876145997
            ],
            [
              -119.89385711074499,
              53.61953029471589
            ],
            [
              -119.88499326015067,
              53.6176373590233
            ],
            [
              -119.87941046675071,
              53.616829552126845
            ],
            [
              -119.86961278490274,
              53.61382000657575
            ],
            [
              -119.86016801231682,
              53.609563494982986
            ],
            [
              -119.85406621146879,
              53.607706631098715
            ],
            [
              -119.84610181941943,
              53.60791639866751
            ],
            [
              -119.83612987054808,
              53.60910034173754
            ],
            [
              -119.82941415167195,
              53.60906653614898
            ],
            [
              -119.81666271985007,
              53.604065209310185
            ],
            [
              -119.80169159566779,
              53.604257142784896
            ],
            [
              -119.7930638354876,
              53.60238475533691
            ],
            [
              -119.78752135214725,
              53.5989467856327
            ],
            [
              -119.78402099513599,
              53.593990345846905
            ],
            [
              -119.7762378617842,
              53.59116291277884
            ],
            [
              -119.75922652046299,
              53.59097182308635
            ],
            [
              -119.74872565869957,
              53.593365876424926
            ],
            [
              -119.74388505341902,
              53.59726897900691
            ],
            [
              -119.73921642202765,
              53.60223976777897
            ],
            [
              -119.73389470381363,
              53.60468599359478
            ],
            [
              -119.72260109534538,
              53.6084281893243
            ],
            [
              -119.714845895128,
              53.611703399976015
            ],
            [
              -119.71340854121956,
              53.614579925519145
            ],
            [
              -119.71678478098107,
              53.61886824469165
            ],
            [
              -119.72175747721319,
              53.62263588148735
            ],
            [
              -119.72639794137234,
              53.62833069677948
            ],
            [
              -119.73242947687086,
              53.63200252014895
            ],
            [
              -119.73721403821966,
              53.63683200654351
            ],
            [
              -119.73688829355494,
              53.644185545980825
            ],
            [
              -119.73564472428839,
              53.65057142452236
            ],
            [
              -119.73560599353593,
              53.65633146849817
            ],
            [
              -119.73452921953967,
              53.663190852092015
            ],
            [
              -119.74717301617702,
              53.6643356778141
            ],
            [
              -119.75561708102077,
              53.664920727593014
            ],
            [
              -119.75772113049467,
              53.66843341184303
            ],
            [
              -119.76083165828486,
              53.67158943385161
            ],
            [
              -119.7681626579038,
              53.67487006045113
            ],
            [
              -119.76839701177569,
              53.6749749389748
            ],
            [
              -119.77356299293754,
              53.679682676714435
            ],
            [
              -119.77547134376057,
              53.682944432022296
            ],
            [
              -119.77315978197176,
              53.6855615699054
            ],
            [
              -119.77668014830705,
              53.690210020456384
            ],
            [
              -119.7795467006724,
              53.69279212719533
            ],
            [
              -119.78380463662778,
              53.69530786970821
            ],
            [
              -119.78682656475458,
              53.69919297792895
            ],
            [
              -119.78669668366831,
              53.701309738757104
            ],
            [
              -119.78919002018688,
              53.70361357104613
            ],
            [
              -119.79287846828318,
              53.70605870714445
            ],
            [
              -119.79738076094473,
              53.707772197309595
            ],
            [
              -119.80500975779907,
              53.7065944200259
            ],
            [
              -119.81366245123031,
              53.70462552852319
            ],
            [
              -119.82206704645618,
              53.70052141094392
            ],
            [
              -119.83434447036836,
              53.6971408378465
            ],
            [
              -119.8395532137242,
              53.697400583680746
            ],
            [
              -119.8451125194582,
              53.702459755049766
            ],
            [
              -119.84195479058866,
              53.70804002754556
            ],
            [
              -119.8443277943439,
              53.71473925298136
            ],
            [
              -119.85417082630511,
              53.71355203093123
            ],
            [
              -119.86087866570216,
              53.715306117930986
            ],
            [
              -119.87038136790211,
              53.714794072600405
            ],
            [
              -119.88007864956502,
              53.71277234301891
            ],
            [
              -119.88949137057118,
              53.7105228721585
            ],
            [
              -119.9033529736597,
              53.709844524349414
            ],
            [
              -119.90798088649746,
              53.71060103613571
            ],
            [
              -119.91196523026665,
              53.7139875967292
            ],
            [
              -119.91567175242336,
              53.717283585396416
            ],
            [
              -119.91315005324542,
              53.72040903870253
            ],
            [
              -119.90081872563266,
              53.72301753826191
            ],
            [
              -119.89905571623135,
              53.725929996322684
            ],
            [
              -119.89754619440053,
              53.730654881065725
            ],
            [
              -119.9003630201017,
              53.73562449664267
            ],
            [
              -119.90212529837446,
              53.73842386694102
            ],
            [
              -119.89566655199985,
              53.7449154156115
            ],
            [
              -119.88743039821748,
              53.75001939724784
            ],
            [
              -119.88746717976547,
              53.75007206187656
            ],
            [
              -119.89262885954457,
              53.75746310708352
            ],
            [
              -119.88878576083428,
              53.76218117910325
            ],
            [
              -119.88576966465004,
              53.768459436820386
            ],
            [
              -119.88558212721779,
              53.77433047142796
            ],
            [
              -119.88557576024441,
              53.77529693078109
            ],
            [
              -119.88823655626447,
              53.77948461794218
            ],
            [
              -119.94234051951932,
              53.77586190143448
            ],
            [
              -119.95916548337055,
              53.78106371331761
            ],
            [
              -119.97160629170995,
              53.78867237509707
            ],
            [
              -119.9830467387763,
              53.797159086379004
            ],
            [
              -119.9712867334585,
              53.80161782808497
            ],
            [
              -119.97375613509476,
              53.80334738151729
            ],
            [
              -119.97744994784166,
              53.805377637309014
            ],
            [
              -119.99998739182158,
              53.80623480785101
            ],
            [
              -119.99999997842919,
              53.80621976386998
            ],
            [
              -120.00000036688982,
              53.80988715301699
            ],
            [
              -120.00000022022977,
              53.81179508732619
            ],
            [
              -120.00000000097943,
              53.83715744593586
            ],
            [
              -120.0000316199933,
              53.84014186418994
            ],
            [
              -119.9999999916263,
              53.848815833545345
            ],
            [
              -119.99998741572858,
              53.85226217129393
            ],
            [
              -119.99992915635802,
              53.86823712113393
            ],
            [
              -119.99995662534272,
              53.89945428759279
            ],
            [
              -119.99996095291564,
              53.904372127541045
            ],
            [
              -119.99996257487516,
              53.90621513585043
            ],
            [
              -119.99997562905901,
              53.917079881837836
            ],
            [
              -120.00000000311607,
              53.93741038521704
            ],
            [
              -119.9999999852143,
              54.21398175817493
            ],
            [
              -119.99999998284916,
              54.26886872962013
            ],
            [
              -119.99994100103754,
              54.490896764979745
            ],
            [
              -120.00000077595473,
              54.50000032285377
            ],
            [
              -119.99999976778858,
              54.587374248578435
            ],
            [
              -119.9999990653887,
              54.73665268130025
            ],
            [
              -120.00000000699016,
              54.736722487052916
            ],
            [
              -120.00000001422794,
              54.73678803609026
            ],
            [
              -119.99999998550396,
              54.73697509295863
            ],
            [
              -119.99999998750364,
              54.737680157371024
            ],
            [
              -120.0000000230821,
              54.75438159068521
            ],
            [
              -120.00000666152974,
              54.75535011958162
            ],
            [
              -120.00000796308744,
              54.75554332942615
            ],
            [
              -120.00025106633684,
              54.790939705391466
            ],
            [
              -120.00029747147379,
              54.797683920379086
            ],
            [
              -120.00028298155728,
              54.80530641044982
            ],
            [
              -120.00025276227178,
              54.821222823421905
            ],
            [
              -120.0002108757025,
              54.8432244701128
            ],
            [
              -119.99999998941287,
              54.912028373766084
            ],
            [
              -119.99998721528276,
              54.91617860760131
            ],
            [
              -120.00000022785743,
              54.937785758679354
            ],
            [
              -119.99999367462736,
              54.99711569584169
            ],
            [
              -119.99996283164955,
              55.003971087963826
            ],
            [
              -119.99995503017455,
              55.00569968190611
            ],
            [
              -119.99988516259951,
              55.02120547714392
            ],
            [
              -119.99980680832745,
              55.0385858369826
            ],
            [
              -119.99973702586333,
              55.05405314784299
            ],
            [
              -119.99998799108369,
              55.07260991406421
            ],
            [
              -120.00004633331709,
              55.08107542068835
            ],
            [
              -120.00013276029583,
              55.0929263025262
            ],
            [
              -120.00003020607741,
              55.11360985460289
            ],
            [
              -120.00031396288131,
              55.11919840472725
            ],
            [
              -120.00031156343252,
              55.12263772603593
            ],
            [
              -120.00001706303,
              55.14855179402384
            ],
            [
              -119.99997243267707,
              55.173188691888235
            ],
            [
              -120.00016090698179,
              55.19879891912287
            ],
            [
              -120.00011351767978,
              55.21526348956535
            ],
            [
              -119.99999348627733,
              55.25744805457017
            ],
            [
              -119.99999975228265,
              55.257838807823866
            ],
            [
              -119.99997559298866,
              55.28742160340363
            ],
            [
              -119.99997873034798,
              55.28742165333322
            ],
            [
              -119.99981639426764,
              55.33295166513455
            ],
            [
              -119.99989029203606,
              55.34043931205791
            ],
            [
              -119.99999999049182,
              55.35154518192144
            ],
            [
              -120.000107712822,
              55.353640160051654
            ],
            [
              -120.00000002361072,
              55.372741462358995
            ],
            [
              -120.00000001533266,
              55.37318940549256
            ],
            [
              -120.00000000851138,
              55.40234407005209
            ],
            [
              -120.00043905783096,
              55.42637484019367
            ],
            [
              -120.000659439858,
              55.43842364981244
            ],
            [
              -120.00135081586167,
              55.48086539133718
            ],
            [
              -120.00135275791536,
              55.48179647206715
            ],
            [
              -120.00135464655511,
              55.48184835576431
            ],
            [
              -120.00149393272889,
              55.485757907786
            ],
            [
              -120.00152579183373,
              55.48726265945539
            ],
            [
              -120.0015285039775,
              55.490281021853534
            ],
            [
              -120.00166632492464,
              55.49988268051071
            ],
            [
              -120.00175360108753,
              55.50570963711026
            ],
            [
              -120.00168796803044,
              55.510173217779226
            ],
            [
              -120.00166513517328,
              55.511722867275836
            ],
            [
              -120.00165819289157,
              55.51219724686028
            ],
            [
              -120.00165188422977,
              55.512622335962476
            ],
            [
              -120.00163484326389,
              55.513782020024856
            ],
            [
              -120.00141894220157,
              55.52844639012492
            ],
            [
              -120.00135035465644,
              55.53310194853658
            ],
            [
              -120.00098150032642,
              55.5373448787518
            ],
            [
              -120.00040484449111,
              55.54397552758535
            ],
            [
              -119.99999522923156,
              55.54858333466458
            ],
            [
              -119.99999536932644,
              55.54858784716751
            ],
            [
              -120.00001125096676,
              55.548897164524405
            ],
            [
              -120.00016070802161,
              55.555319565042254
            ],
            [
              -120.00037572550511,
              55.564764868531796
            ],
            [
              -120.00070540308974,
              55.579237436735816
            ],
            [
              -120.00083296546089,
              55.584173605671445
            ],
            [
              -120.00134539558555,
              55.6068182897202
            ],
            [
              -120.00134548608895,
              55.6211136940113
            ],
            [
              -120.00134582228037,
              55.62135700362482
            ],
            [
              -120.000190227105,
              55.63565057124093
            ],
            [
              -120.00017700831384,
              55.63581423767128
            ],
            [
              -120.00002690792299,
              55.65941246257967
            ],
            [
              -120.00000439875772,
              55.66294809759015
            ],
            [
              -120.00000006351246,
              55.66362620580721
            ],
            [
              -120.00000000928927,
              55.66363697519437
            ],
            [
              -119.9999999967589,
              55.66392060575551
            ],
            [
              -120.00000704371058,
              55.665596860178724
            ],
            [
              -119.9999999925826,
              55.67641513111016
            ],
            [
              -120.00000317398194,
              55.680187416430904
            ],
            [
              -119.99999998949512,
              55.70535893993655
            ],
            [
              -119.99999999075712,
              55.70748274355464
            ],
            [
              -119.99999999065524,
              55.709997539887894
            ],
            [
              -120.00001502007851,
              55.712946167445835
            ],
            [
              -120.00000309245557,
              55.71488144151006
            ],
            [
              -120.00000002285746,
              55.71537663507356
            ],
            [
              -119.99999223736667,
              55.716629639938
            ],
            [
              -119.9999979953777,
              55.72118583677366
            ],
            [
              -120.00000001608397,
              55.722757183052295
            ],
            [
              -119.99999999073194,
              55.72294674315859
            ],
            [
              -120.0000000260436,
              55.722946907675215
            ],
            [
              -119.99999970956983,
              55.723278145424665
            ],
            [
              -119.99999918815318,
              55.72378667000046
            ],
            [
              -119.99999917922425,
              55.72378745518769
            ],
            [
              -119.99999632081294,
              55.72675843488537
            ],
            [
              -119.99999587707268,
              55.72719077830419
            ],
            [
              -119.99999119358385,
              55.73195012441922
            ],
            [
              -119.99997355171547,
              55.75002091292205
            ],
            [
              -119.99997416644976,
              55.752211587036015
            ],
            [
              -119.99997419207432,
              55.75225483979063
            ],
            [
              -119.99996434999383,
              55.75945578173363
            ],
            [
              -119.99996378740529,
              55.76003898903378
            ],
            [
              -119.99996142098172,
              55.76553513380585
            ],
            [
              -119.99996141115838,
              55.76554308111031
            ],
            [
              -119.99995420402334,
              55.76989091118851
            ],
            [
              -119.99995250496904,
              55.771616133601505
            ],
            [
              -119.9999460195053,
              55.77828039598906
            ],
            [
              -119.99994595229846,
              55.7783409285227
            ],
            [
              -119.99994596937317,
              55.77838166331109
            ],
            [
              -120.0000001800423,
              55.78130519215843
            ],
            [
              -120.00000017755377,
              55.78130745452374
            ],
            [
              -120.00004227759793,
              55.81049583858269
            ],
            [
              -120.00004237855237,
              55.810576107053684
            ],
            [
              -120.00011051598469,
              55.815814807204156
            ],
            [
              -120.00010938929665,
              55.81610981761076
            ],
            [
              -120.00005953137035,
              55.8291963172513
            ],
            [
              -120.0000072414986,
              55.8429208296551
            ],
            [
              -120.0000057984718,
              55.84327028674824
            ],
            [
              -119.99999326297271,
              55.861346318910684
            ],
            [
              -119.99999311077204,
              55.86157497498982
            ],
            [
              -120.00000010973241,
              55.88129176817446
            ],
            [
              -120.00020629512373,
              55.89784347108542
            ],
            [
              -120.0002062039908,
              55.897844771483
            ],
            [
              -120.00038109600219,
              55.903174706952555
            ],
            [
              -120.00038117780646,
              55.90317749854718
            ],
            [
              -120.00035018610016,
              55.91246211744326
            ],
            [
              -120.00034754596204,
              55.91258544976505
            ],
            [
              -120.00003506131756,
              55.92707256713547
            ],
            [
              -120.00003485134894,
              55.927082484693514
            ],
            [
              -120.00003210497451,
              55.92827868995699
            ],
            [
              -119.9999973918146,
              55.95618191018097
            ],
            [
              -119.99994716612972,
              55.96542522864805
            ],
            [
              -119.99996778278067,
              55.969032345897915
            ],
            [
              -119.99999998009679,
              55.974666968087924
            ],
            [
              -120.00002660287154,
              55.97571193071878
            ],
            [
              -120.0000315464112,
              55.97613256878864
            ],
            [
              -120.00002909324805,
              55.976662356318954
            ],
            [
              -120.00002903679767,
              55.97666933324854
            ],
            [
              -120.0000308050114,
              55.976777266900065
            ],
            [
              -120.0000862870098,
              55.98025857308174
            ],
            [
              -120.00009865666848,
              55.98139789827258
            ],
            [
              -120.00013738916539,
              55.9849519456741
            ],
            [
              -120.00027480265975,
              55.99523031630536
            ],
            [
              -120.00027517150639,
              55.99525415103479
            ],
            [
              -120.00027505388744,
              55.999692473039126
            ],
            [
              -120.00027377314443,
              55.9997217064248
            ],
            [
              -120.00027580444984,
              55.999783769870824
            ],
            [
              -120.00028075378711,
              55.99993791840219
            ],
            [
              -120.00132710111639,
              56.014259647836276
            ],
            [
              -120.00132711205526,
              56.01431380776449
            ],
            [
              -120.00002899654503,
              56.057961522881
            ],
            [
              -120.0000431559476,
              56.05812117175222
            ],
            [
              -120.00131701295349,
              56.07248380698386
            ],
            [
              -120.00131690221689,
              56.07268197364185
            ],
            [
              -120.00007920766139,
              56.14054639025114
            ],
            [
              -120.00002507575729,
              56.14350666402518
            ],
            [
              -120.00002017185147,
              56.14377452035665
            ],
            [
              -120.00001999428916,
              56.14378301155654
            ],
            [
              -120.00001877647979,
              56.14451064248364
            ],
            [
              -120.00001875746206,
              56.14451993330154
            ],
            [
              -119.99999995858904,
              56.14452246609937
            ],
            [
              -119.99999998018936,
              56.144528496150954
            ],
            [
              -120.00000001267514,
              56.145351470295594
            ],
            [
              -119.9999999900117,
              56.14553507408342
            ],
            [
              -120.00000001204745,
              56.145718608085716
            ],
            [
              -119.99999999722878,
              56.14694291872171
            ],
            [
              -119.99999999660098,
              56.147310057701446
            ],
            [
              -120.00000001497924,
              56.147450820413525
            ],
            [
              -119.99981060826771,
              56.147537544436204
            ],
            [
              -119.9997317279219,
              56.1475658267719
            ],
            [
              -119.99990002840859,
              56.1477645058758
            ],
            [
              -119.99999092113998,
              56.151054287852425
            ],
            [
              -120.00131729002405,
              56.1593027925
            ],
            [
              -120.00200577919313,
              56.18820107270632
            ],
            [
              -120.00269820228587,
              56.21721972799383
            ],
            [
              -120.00075211593268,
              56.24931225977311
            ],
            [
              -120.00005077493587,
              56.31628858068167
            ],
            [
              -120.00004709391837,
              56.316515824003744
            ],
            [
              -119.99999999579634,
              56.31939414888791
            ],
            [
              -120.0000420653275,
              56.32309032681904
            ],
            [
              -120.00000003673203,
              56.32306614642202
            ],
            [
              -120.00000381773069,
              56.34509524006621
            ],
            [
              -120.00004766914033,
              56.34587926939576
            ],
            [
              -119.99999271368519,
              56.34837450336741
            ],
            [
              -119.99999891699024,
              56.42624770067075
            ],
            [
              -119.99999999851055,
              56.42629880782649
            ],
            [
              -119.99999999804973,
              56.438945389786134
            ],
            [
              -120.00007061628732,
              56.43894332550796
            ],
            [
              -120.00007957468023,
              56.47519608073332
            ],
            [
              -120.00008575133978,
              56.50000008859037
            ],
            [
              -120.00008754970688,
              56.50732418115034
            ],
            [
              -120.00000002776507,
              56.50732445123222
            ],
            [
              -120.00000004636269,
              56.507628107980025
            ],
            [
              -120.00000001166728,
              56.54633141319563
            ],
            [
              -120.00000210814649,
              56.550216978611815
            ],
            [
              -120.00005923001035,
              56.65604821831718
            ],
            [
              -120.00005662655722,
              56.66951141332076
            ],
            [
              -120.00004316294599,
              56.67312396657166
            ],
            [
              -120.00000000852329,
              56.684698853836714
            ],
            [
              -119.99999998756711,
              56.75000000525129
            ],
            [
              -120.0000189832345,
              56.75461734947497
            ],
            [
              -120.00003935541227,
              56.75957912132359
            ],
            [
              -120.0000371874441,
              56.77070130591131
            ],
            [
              -120.00003709046128,
              56.771992538374676
            ],
            [
              -120.00003494370912,
              56.80414555058769
            ],
            [
              -120.00002548851046,
              56.94593546125577
            ],
            [
              -120.00002187911295,
              57.00000002566861
            ],
            [
              -120.00000365619765,
              57.20842988837147
            ],
            [
              -119.99999998309426,
              57.249999997891415
            ],
            [
              -119.9999999876099,
              57.262608609622404
            ],
            [
              -119.99999998495981,
              57.321735840489374
            ],
            [
              -119.99999999867956,
              57.36138063945649
            ],
            [
              -120.00000001064927,
              57.380628832510276
            ],
            [
              -119.99999998713413,
              57.49999999799956
            ],
            [
              -119.9999999890102,
              57.514050562022085
            ],
            [
              -119.99989928621267,
              57.513998055988495
            ],
            [
              -119.99991909212021,
              57.59297399672179
            ],
            [
              -119.99995408391374,
              57.73171738726617
            ],
            [
              -119.99995870437472,
              57.75000003167051
            ],
            [
              -120.00000001589574,
              57.91107189517947
            ],
            [
              -120.00000002056615,
              57.91216179854856
            ],
            [
              -120.00000655964932,
              57.937679667442865
            ],
            [
              -120.0000141133903,
              57.967340508900094
            ],
            [
              -120.00002255688673,
              58.00000005091332
            ],
            [
              -120.0000225989404,
              58.000130798348714
            ],
            [
              -120.00002998389601,
              58.028961231343374
            ],
            [
              -120.00003030988609,
              58.030128854296265
            ],
            [
              -120.00002606206897,
              58.03126676442837
            ],
            [
              -120.00000001298191,
              58.03825146626718
            ],
            [
              -120.00000006052538,
              58.07933875063423
            ],
            [
              -120.0000000364284,
              58.079469501789866
            ],
            [
              -119.99998864306436,
              58.14911381844641
            ],
            [
              -119.99998908733052,
              58.17355023464886
            ],
            [
              -119.99999057622077,
              58.2500000027846
            ],
            [
              -119.99999096255921,
              58.27102250557507
            ],
            [
              -119.99999232380786,
              58.34164586500056
            ],
            [
              -119.99999232331166,
              58.34177663331019
            ],
            [
              -119.99999309425621,
              58.37952295828302
            ],
            [
              -119.99999508326815,
              58.482329907229136
            ],
            [
              -119.99999507558249,
              58.48246087920891
            ],
            [
              -119.99999540819462,
              58.499999997782545
            ],
            [
              -119.99999672740654,
              58.565349834459504
            ],
            [
              -119.99999720858571,
              58.59044479096447
            ],
            [
              -119.99999809026343,
              58.63421303303943
            ],
            [
              -119.9999998878442,
              58.731497946592306
            ],
            [
              -119.99999993292087,
              58.73404886966274
            ],
            [
              -120.00000001910752,
              58.75000000646232
            ],
            [
              -119.9999999881768,
              58.935492172894925
            ],
            [
              -120.00000000262486,
              58.99971802994393
            ],
            [
              -119.9999999892613,
              58.99999998866357
            ],
            [
              -119.99999998964064,
              59.089331791094764
            ],
            [
              -119.99999998963854,
              59.250000010941555
            ],
            [
              -120.00000000093559,
              59.29407788485533
            ],
            [
              -119.99999998790422,
              59.33264296338318
            ],
            [
              -120.00000001546532,
              59.49999999834353
            ],
            [
              -119.99999999298745,
              59.52488329412342
            ],
            [
              -119.99999997964518,
              59.532826577533726
            ],
            [
              -120.00000000085805,
              59.58323640713397
            ],
            [
              -119.99999999450277,
              59.58428434132036
            ],
            [
              -120.00000001824179,
              59.748971697253275
            ],
            [
              -120.00000000959176,
              59.749999985688454
            ],
            [
              -120.00000000763171,
              59.99989548531532
            ],
            [
              -119.99999998322964,
              60.00000000016162
            ],
            [
              -120.00020855858087,
              60.00000021174095
            ],
            [
              -120.01249996381964,
              60.00001168670317
            ],
            [
              -120.02499995309803,
              60.000022142916755
            ],
            [
              -120.0374999025043,
              60.00003138010786
            ],
            [
              -120.04999990626764,
              60.000039375666745
            ],
            [
              -120.06249991582267,
              60.0000461408944
            ],
            [
              -120.07499993020411,
              60.00005167579009
            ],
            [
              -120.08749994844634,
              60.00005598035302
            ],
            [
              -120.09999996958412,
              60.0000590545828
            ],
            [
              -120.11249999265146,
              60.00006089847894
            ],
            [
              -120.12500001668322,
              60.00006151204127
            ],
            [
              -120.13750004071363,
              60.000060895269854
            ],
            [
              -120.1500000637772,
              60.00005904816455
            ],
            [
              -120.16250008490854,
              60.00005597072578
            ],
            [
              -120.17500005559577,
              60.00005167431191
            ],
            [
              -120.18750006997054,
              60.000046136211886
            ],
            [
              -120.20000007951616,
              60.000039367779785
            ],
            [
              -120.21250008326737,
              60.00003136901648
            ],
            [
              -120.22500008025894,
              60.00002213992299
            ],
            [
              -120.237500022001,
              60.00001169188186
            ],
            [
              -120.2500000025805,
              60.00000000213602
            ],
            [
              -120.26249995236266,
              60.00001168629309
            ],
            [
              -120.27499991083144,
              60.000022140128415
            ],
            [
              -120.28749989978351,
              60.00003138743361
            ],
            [
              -120.29999992023986,
              60.00003936921442
            ],
            [
              -120.31249989898009,
              60.000046132070395
            ],
            [
              -120.3249999053351,
              60.00005168838667
            ],
            [
              -120.33749994025632,
              60.00005597916871
            ],
            [
              -120.34999993057833,
              60.00005905103806
            ],
            [
              -120.36249999312571,
              60.00006090493107
            ],
            [
              -120.37499998634291,
              60.000061516138274
            ],
            [
              -120.38750004986431,
              60.000060909354964
            ],
            [
              -120.40000004211466,
              60.000059059899705
            ],
            [
              -120.4125000798921,
              60.000055968669805
            ],
            [
              -120.42500009016902,
              60.00005168232352
            ],
            [
              -120.43750007372519,
              60.000046141880105
            ],
            [
              -120.45000009989829,
              60.000039359649676
            ],
            [
              -120.4625000957159,
              60.000031382312
            ],
            [
              -120.47500006188827,
              60.000022150886245
            ],
            [
              -120.48750002033334,
              60.00001168913755
            ],
            [
              -120.49999997008565,
              59.999999997067
            ],
            [
              -120.51249996434356,
              60.000011677973426
            ],
            [
              -120.5249999198649,
              60.00002214003832
            ],
            [
              -120.5374998831138,
              60.00003137178057
            ],
            [
              -120.54999990053622,
              60.00003936170094
            ],
            [
              -120.56249987633899,
              60.0000461327905
            ],
            [
              -120.57499992735227,
              60.000051685788065
            ],
            [
              -120.58749995925426,
              60.00005598470678
            ],
            [
              -120.59999994665363,
              60.00005906480674
            ],
            [
              -120.61249998337665,
              60.000060903058014
            ],
            [
              -120.62500002105926,
              60.000061510972756
            ],
            [
              -120.63750001135622,
              60.00006090008209
            ],
            [
              -120.6500000480667,
              60.00005904732851
            ],
            [
              -120.66250003546928,
              60.0000559757791
            ],
            [
              -120.67500009039638,
              60.00005168608116
            ],
            [
              -120.68750011841377,
              60.000046142322375
            ],
            [
              -120.70000009424042,
              60.00003937978338
            ],
            [
              -120.71250011163008,
              60.000031375360784
            ],
            [
              -120.7250000749073,
              60.00002215216889
            ],
            [
              -120.73750003046351,
              60.00001169865443
            ],
            [
              -120.75000002467266,
              60.0000000032458
            ],
            [
              -120.76249997355609,
              60.000011690982646
            ],
            [
              -120.77499993112905,
              60.00002214839777
            ],
            [
              -120.78749989642567,
              60.00003137549003
            ],
            [
              -120.7999999158019,
              60.00003936066669
            ],
            [
              -120.81249989364515,
              60.00004612710532
            ],
            [
              -120.82499994679074,
              60.00005167531293
            ],
            [
              -120.83749993332785,
              60.000055981092395
            ],
            [
              -120.84999997006402,
              60.00005904493462
            ],
            [
              -120.86249998461464,
              60.00006091374413
            ],
            [
              -120.87500002424248,
              60.00006151691523
            ],
            [
              -120.88750001657189,
              60.00006090137358
            ],
            [
              -120.9000000552199,
              60.000059043875545
            ],
            [
              -120.9125000678755,
              60.0000559913543
            ],
            [
              -120.92500010169107,
              60.00005167318569
            ],
            [
              -120.93750008436406,
              60.00004613632421
            ],
            [
              -120.95000006220934,
              60.00003936913689
            ],
            [
              -120.96250008152275,
              60.00003135997251
            ],
            [
              -120.97500007008557,
              60.00002215580001
            ],
            [
              -120.98750002765863,
              60.00001169763391
            ],
            [
              -121.00000002378984,
              59.99999999748003
            ],
            [
              -121.01249995547342,
              60.000011703372884
            ],
            [
              -121.02499991978794,
              60.000022143612966
            ],
            [
              -121.03749991513374,
              60.000031377185586
            ],
            [
              -121.04999991724299,
              60.00003938042828
            ],
            [
              -121.06249990181057,
              60.0000461296878
            ],
            [
              -121.07499991454084,
              60.00005167227021
            ],
            [
              -121.0874999311379,
              60.00005598452038
            ],
            [
              -121.09999995063639,
              60.00005906643752
            ],
            [
              -121.11249994869418,
              60.00006089437834
            ],
            [
              -121.12499997108934,
              60.000061515631124
            ],
            [
              -121.13750004068712,
              60.000060894833176
            ],
            [
              -121.15000006212188,
              60.000059055414255
            ],
            [
              -121.16250008163021,
              60.00005598566214
            ],
            [
              -121.17500007482401,
              60.00005166194549
            ],
            [
              -121.18750008757391,
              60.000046131530425
            ],
            [
              -121.20000009550124,
              60.000039370783696
            ],
            [
              -121.2125000976401,
              60.000031379705995
            ],
            [
              -121.22500006956496,
              60.00002213467604
            ],
            [
              -121.23750005722125,
              60.00001168294187
            ],
            [
              -121.24999998903657,
              60.00000001263926
            ],
            [
              -121.26249993215067,
              60.000011689230796
            ],
            [
              -121.27499995458932,
              60.0000221473467
            ],
            [
              -121.2874999141039,
              60.00003136328904
            ],
            [
              -121.29999990388335,
              60.00003937251698
            ],
            [
              -121.31249989946566,
              60.00004615141649
            ],
            [
              -121.32499992347935,
              60.000051664596015
            ],
            [
              -121.33749992775644,
              60.000055982833985
            ],
            [
              -121.34999998205875,
              60.000059058945375
            ],
            [
              -121.36249996761566,
              60.0000608929205
            ],
            [
              -121.37499997770045,
              60.000061520163825
            ],
            [
              -121.38750003489997,
              60.000060905266004
            ],
            [
              -121.4000000204438,
              60.0000590482525
            ],
            [
              -121.41250007474254,
              60.00005597268121
            ],
            [
              -121.42500007905356,
              60.00005167859415
            ],
            [
              -121.43750007951179,
              60.00004615417717
            ],
            [
              -121.45000009860743,
              60.000039364017
            ],
            [
              -121.46250008845013,
              60.00003137893993
            ],
            [
              -121.47500004789842,
              60.000022139959256
            ],
            [
              -121.48750002326804,
              60.00001169423056
            ],
            [
              -121.49999996629366,
              59.99999999460543
            ],
            [
              -121.51249997229176,
              60.000011677210395
            ],
            [
              -121.52499993992095,
              60.000022141343514
            ],
            [
              -121.5374999152792,
              60.00003137515164
            ],
            [
              -121.54999989740111,
              60.000039378633886
            ],
            [
              -121.56249993236129,
              60.000046139914254
            ],
            [
              -121.57499992510922,
              60.00005168273715
            ],
            [
              -121.58749992172424,
              60.00005599523161
            ],
            [
              -121.59999996826699,
              60.00005906550831
            ],
            [
              -121.61249996971479,
              60.00006091733982
            ],
            [
              -121.62499999539412,
              60.00006150339575
            ],
            [
              -121.63749999780359,
              60.00006089456588
            ],
            [
              -121.65000004626002,
              60.00005904349917
            ],
            [
              -121.66250004577819,
              60.000055974005825
            ],
            [
              -121.67500008940294,
              60.00005166226697
            ],
            [
              -121.68750008216762,
              60.00004613211155
            ],
            [
              -121.70000007010972,
              60.00003937162843
            ],
            [
              -121.71250009924799,
              60.00003136888788
            ],
            [
              -121.7250000746436,
              60.00002214774718
            ],
            [
              -121.73750004232005,
              60.00001169628159
            ],
            [
              -121.74999997746326,
              59.99999999096768
            ],
            [
              -121.76249995700488,
              60.00001169182604
            ],
            [
              -121.77499992137929,
              60.00002213883669
            ],
            [
              -121.78749991734547,
              60.00003137904075
            ],
            [
              -121.79999989619499,
              60.000039365399445
            ],
            [
              -121.81249990472371,
              60.000046144944825
            ],
            [
              -121.82499989418608,
              60.000051670647785
            ],
            [
              -121.83749995835267,
              60.00005597755448
            ],
            [
              -121.84999995456145,
              60.00005904259436
            ],
            [
              -121.86249997662429,
              60.00006090080912
            ],
            [
              -121.87499999966253,
              60.00006152869019
            ],
            [
              -121.88749999876097,
              60.00006090273885
            ],
            [
              -121.90000006775841,
              60.000059057955305
            ],
            [
              -121.91250006394769,
              60.000055971339485
            ],
            [
              -121.92500008120979,
              60.00005167788706
            ],
            [
              -121.9375000706327,
              60.00004613061282
            ],
            [
              -121.95000007921566,
              60.000039376498464
            ],
            [
              -121.96250005801028,
              60.00003136856841
            ],
            [
              -121.97500005405215,
              60.000022153795335
            ],
            [
              -121.98750001835629,
              60.00001168521333
            ],
            [
              -121.99999999799499,
              60.00000000978585
            ],
            [
              -122.01214337686092,
              60.00001137368173
            ],
            [
              -122.0122468519694,
              60.000011477410204
            ],
            [
              -122.01226640664203,
              60.00001149458569
            ],
            [
              -122.01249997861132,
              60.0000116824486
            ],
            [
              -122.01823859667748,
              60.000022450678266
            ],
            [
              -122.02499992103854,
              60.00002213682927
            ],
            [
              -122.03749994210963,
              60.000031372309934
            ],
            [
              -122.0499998990188,
              60.00003936604266
            ],
            [
              -122.06249993264974,
              60.00004614085936
            ],
            [
              -122.07499990017868,
              60.00005167394043
            ],
            [
              -122.08749994250753,
              60.000055988089805
            ],
            [
              -122.09999996363238,
              60.00005904844288
            ],
            [
              -122.11249996395858,
              60.00006091399658
            ],
            [
              -122.12499998796983,
              60.0000615136845
            ],
            [
              -122.13750003610313,
              60.000060906489935
            ],
            [
              -122.1500000591337,
              60.00005904550775
            ],
            [
              -122.16250005755926,
              60.00005598973533
            ],
            [
              -122.17500007575181,
              60.000051668088624
            ],
            [
              -122.18750011424119,
              60.0000461395512
            ],
            [
              -122.20000007692877,
              60.00003936934786
            ],
            [
              -122.2125001048054,
              60.000031380144684
            ],
            [
              -122.22500005494027,
              60.000022149291475
            ],
            [
              -122.23750004413446,
              60.000011675993925
            ],
            [
              -122.25000000206241,
              60.00000000792746
            ],
            [
              -122.26249996507465,
              60.00001167728985
            ],
            [
              -122.27499991422538,
              60.00002215189109
            ],
            [
              -122.28749991788038,
              60.00003138402847
            ],
            [
              -122.29999990404399,
              60.000039362413666
            ],
            [
              -122.3124999202489,
              60.00004613388938
            ],
            [
              -122.32499994128516,
              60.00005167503162
            ],
            [
              -122.337499966187,
              60.00005598583989
            ],
            [
              -122.34999996969876,
              60.000059042902755
            ],
            [
              -122.36249995268814,
              60.000060905214404
            ],
            [
              -122.37499998338966,
              60.000061525025174
            ],
            [
              -122.38487371488111,
              60.00006113728983
            ],
            [
              -122.38750001409501,
              60.00006091450073
            ],
            [
              -122.40000001951107,
              60.000059050239926
            ],
            [
              -122.41250004731774,
              60.00005597904793
            ],
            [
              -122.42500007223177,
              60.00005167752146
            ],
            [
              -122.43750009328704,
              60.000046145660946
            ],
            [
              -122.45000008515456,
              60.00003936007535
            ],
            [
              -122.46250009558717,
              60.000031367551365
            ],
            [
              -122.4750000525697,
              60.000022156907555
            ],
            [
              -122.48750002414026,
              60.0000116803416
            ],
            [
              -122.50000001140691,
              59.999999996833374
            ],
            [
              -122.51249993873043,
              60.000011688277084
            ],
            [
              -122.52499992142229,
              60.000022137173424
            ],
            [
              -122.5281561629044,
              60.00002458774667
            ],
            [
              -122.53655282825325,
              60.000030735830116
            ],
            [
              -122.5370137642059,
              60.00003104575142
            ],
            [
              -122.53749993625937,
              60.00003137911671
            ],
            [
              -122.54464357921619,
              60.00003610902366
            ],
            [
              -122.54618235055015,
              60.00003705534687
            ],
            [
              -122.54999993342915,
              60.00003936735374
            ],
            [
              -122.56249988972353,
              60.00004613750478
            ],
            [
              -122.564192787449,
              60.000046960687506
            ],
            [
              -122.56425301460956,
              60.000047002003484
            ],
            [
              -122.57080471629678,
              60.000049936661256
            ],
            [
              -122.57499989750485,
              60.00005166508577
            ],
            [
              -122.58012673170836,
              60.00005358741531
            ],
            [
              -122.58280675033242,
              60.00005452010176
            ],
            [
              -122.5874999336062,
              60.00005598570073
            ],
            [
              -122.59999994814139,
              60.00005905261603
            ],
            [
              -122.6124999890838,
              60.00006091255951
            ],
            [
              -122.62500000651083,
              60.00006151880771
            ],
            [
              -122.63750002393074,
              60.000060894723276
            ],
            [
              -122.65000006488891,
              60.00005906365964
            ],
            [
              -122.66250007940742,
              60.00005597890802
            ],
            [
              -122.67500009102238,
              60.000051663824514
            ],
            [
              -122.68750012330645,
              60.0000461417557
            ],
            [
              -122.70000007961816,
              60.00003937830199
            ],
            [
              -122.71250007674325,
              60.00003137222865
            ],
            [
              -122.72500006710275,
              60.000022135826434
            ],
            [
              -122.73750007430579,
              60.00001169243262
            ],
            [
              -122.75000000165733,
              60.00000000768621
            ],
            [
              -122.76249994439596,
              60.00001169911546
            ],
            [
              -122.77499994240682,
              60.00002214790254
            ],
            [
              -122.7874999015596,
              60.00003137868505
            ],
            [
              -122.79999991404395,
              60.000039366813866
            ],
            [
              -122.81249988574886,
              60.00004613694523
            ],
            [
              -122.82499990884466,
              60.00005166441195
            ],
            [
              -122.8294179506509,
              60.00005331760579
            ],
            [
              -122.82994401373422,
              60.000053508852325
            ],
            [
              -122.83749996044337,
              60.000055984861135
            ],
            [
              -122.8499999437419,
              60.00005906400542
            ],
            [
              -122.86249997552007,
              60.000060900469634
            ],
            [
              -122.87500000825669,
              60.00006150659833
            ],
            [
              -122.88749999444988,
              60.00006089475456
            ],
            [
              -122.90000005090538,
              60.000059063521554
            ],
            [
              -122.9125000807381,
              60.00005597864604
            ],
            [
              -122.92500006114547,
              60.00005167581247
            ],
            [
              -122.93091162250623,
              60.00004920890678
            ],
            [
              -122.93096301752313,
              60.00004918575507
            ],
            [
              -122.93284097449875,
              60.00004833659269
            ],
            [
              -122.93656406355412,
              60.00004659729871
            ],
            [
              -122.93750008421017,
              60.00004613027224
            ],
            [
              -122.9476258467968,
              60.0000407487272
            ],
            [
              -122.95000010244016,
              60.00003935439824
            ],
            [
              -122.96250009310224,
              60.00003138387457
            ],
            [
              -122.97500009878026,
              60.00002214733784
            ],
            [
              -122.98750005022968,
              60.000011692870096
            ],
            [
              -122.999999992992,
              60.00000000808182
            ],
            [
              -123.00158088231721,
              60.00000156002292
            ],
            [
              -123.01249995522994,
              60.00001168988763
            ],
            [
              -123.02499992615243,
              60.00002214136922
            ],
            [
              -123.03749990479413,
              60.00003136252525
            ],
            [
              -123.04999991499314,
              60.000039376630255
            ],
            [
              -123.06249990618582,
              60.000046137129615
            ],
            [
              -123.07499990220113,
              60.00005166730057
            ],
            [
              -123.08749992690456,
              60.000055990410615
            ],
            [
              -123.09999992967776,
              60.00005905992048
            ],
            [
              -123.11249998082572,
              60.00006088665487
            ],
            [
              -123.12500001133898,
              60.000061518760994
            ],
            [
              -123.13750001699812,
              60.00006089727345
            ],
            [
              -123.15000004656329,
              60.0000590687118
            ],
            [
              -123.16250004932525,
              60.00005598656165
            ],
            [
              -123.17500009560953,
              60.00005166161363
            ],
            [
              -123.1875001165018,
              60.0000461420489
            ],
            [
              -123.20000010766663,
              60.000039368904694
            ],
            [
              -123.21250009303344,
              60.00003136543299
            ],
            [
              -123.22500007163674,
              60.000022131634516
            ],
            [
              -123.23750006745105,
              60.000011690749396
            ],
            [
              -123.24999998324496,
              60.00000000879442
            ],
            [
              -123.2624999688474,
              60.000011671724295
            ],
            [
              -123.2749999417025,
              60.000022140061596
            ],
            [
              -123.28749992229007,
              60.00003137807298
            ],
            [
              -123.29999988465865,
              60.00003936253079
            ],
            [
              -123.31249992417568,
              60.00004612737105
            ],
            [
              -123.32499992215324,
              60.00005167439658
            ],
            [
              -123.33749992400149,
              60.00005599109254
            ],
            [
              -123.34999997510981,
              60.00005906492637
            ],
            [
              -123.36249995676567,
              60.00006089774325
            ],
            [
              -123.37500001076316,
              60.00006151090485
            ],
            [
              -123.3875000184185,
              60.00006090627269
            ],
            [
              -123.4000000714524,
              60.000059058759554
            ],
            [
              -123.41250005115482,
              60.000055970257435
            ],
            [
              -123.42087399706244,
              60.000053224583105
            ],
            [
              -123.42091376010345,
              60.0000532157888
            ],
            [
              -123.42500005302797,
              60.000051674632246
            ],
            [
              -123.42805517956809,
              60.00005043842075
            ],
            [
              -123.43750009736802,
              60.00004613611347
            ],
            [
              -123.44602069166008,
              60.00004167871396
            ],
            [
              -123.4500000905629,
              60.00003937982547
            ],
            [
              -123.45211696174565,
              60.00003810416089
            ],
            [
              -123.46250005286862,
              60.00003137001499
            ],
            [
              -123.47500007982526,
              60.00002214049662
            ],
            [
              -123.48750005275494,
              60.00001169322558
            ],
            [
              -123.49999999187173,
              59.99999999244278
            ],
            [
              -123.5124999621823,
              60.00001169915145
            ],
            [
              -123.52499991604743,
              60.0000221523521
            ],
            [
              -123.53749992391445,
              60.000031362629954
            ],
            [
              -123.54999991741812,
              60.000039378357776
            ],
            [
              -123.56249989155246,
              60.00004614058169
            ],
            [
              -123.57499991677737,
              60.00005165986628
            ],
            [
              -123.5874999247846,
              60.00005598460471
            ],
            [
              -123.59999995675521,
              60.000059043221206
            ],
            [
              -123.61249996960508,
              60.00006090729474
            ],
            [
              -123.62500000445931,
              60.00006150524169
            ],
            [
              -123.6375000182898,
              60.000060908649516
            ],
            [
              -123.65000005216552,
              60.000059045926626
            ],
            [
              -123.66250006311462,
              60.000055988669125
            ],
            [
              -123.67500009214972,
              60.000051665277255
            ],
            [
              -123.68750009635517,
              60.00004614735571
            ],
            [
              -123.70000007047058,
              60.00003937595675
            ],
            [
              -123.71250008500127,
              60.00003136156923
            ],
            [
              -123.7250000718479,
              60.00002215266061
            ],
            [
              -123.73750002568075,
              60.00001169028494
            ],
            [
              -123.74999997082031,
              59.99999999758833
            ],
            [
              -123.76249995128713,
              60.000011703889
            ],
            [
              -123.77499991512624,
              60.00002215672938
            ],
            [
              -123.7874999328681,
              60.000031366553905
            ],
            [
              -123.789324835561,
              60.00003262052948
            ],
            [
              -123.7932419759134,
              60.00003521009456
            ],
            [
              -123.79999991117732,
              60.00003935874022
            ],
            [
              -123.8053729360863,
              60.00004244502407
            ],
            [
              -123.81249992063442,
              60.000046143725434
            ],
            [
              -123.82499990956578,
              60.00005167525612
            ],
            [
              -123.8374999023553,
              60.00005597645912
            ],
            [
              -123.84999996958075,
              60.00005905773709
            ],
            [
              -123.8624999671942,
              60.0000608982763
            ],
            [
              -123.87499999117338,
              60.000061531599215
            ],
            [
              -123.88750003589585,
              60.000060898750256
            ],
            [
              -123.90000003350173,
              60.00005904829601
            ],
            [
              -123.91250005460395,
              60.0000559906182
            ],
            [
              -123.9250000935108,
              60.00005166676312
            ],
            [
              -123.93750008241933,
              60.00004612531742
            ],
            [
              -123.95000009195478,
              60.000039376642086
            ],
            [
              -123.96250007024389,
              60.00003137454066
            ],
            [
              -123.97500004177046,
              60.000022142114005
            ],
            [
              -123.98750003105464,
              60.00001170245316
            ],
            [
              -123.99999998616853,
              60.00000000937701
            ],
            [
              -124.01249995510302,
              60.00001168408261
            ],
            [
              -124.02499995822949,
              60.000022151545004
            ],
            [
              -124.0374998974836,
              60.00003137837805
            ],
            [
              -124.04999988957294,
              60.000039362105184
            ],
            [
              -124.06249991298506,
              60.00004613857842
            ],
            [
              -124.07499991568324,
              60.00005166164446
            ],
            [
              -124.08749994779107,
              60.00005597744997
            ],
            [
              -124.09999995723581,
              60.00005903985215
            ],
            [
              -124.11249999417743,
              60.000060894988
            ],
            [
              -124.12500003209209,
              60.00006151978728
            ],
            [
              -124.13749999837789,
              60.000060904008855
            ],
            [
              -124.15000003533811,
              60.00005906814205
            ],
            [
              -124.16250004476241,
              60.00005597888421
            ],
            [
              -124.17500007690107,
              60.000051682347674
            ],
            [
              -124.18750007955468,
              60.00004613242602
            ],
            [
              -124.20000010300966,
              60.00003937522184
            ],
            [
              -124.21250009503046,
              60.00003136463905
            ],
            [
              -124.22500005993292,
              60.00002215962085
            ],
            [
              -124.23750003746397,
              60.000011688385285
            ],
            [
              -124.25000000629475,
              59.99999998682414
            ],
            [
              -124.26249997232479,
              60.00001168122724
            ],
            [
              -124.2749999470495,
              60.00002214530539
            ],
            [
              -124.28045824658086,
              60.00002633113234
            ],
            [
              -124.2874999295033,
              60.00003137905725
            ],
            [
              -124.29999989300872,
              60.00003935945468
            ],
            [
              -124.31249988801508,
              60.00004613255336
            ],
            [
              -124.32499993382042,
              60.00005166243623
            ],
            [
              -124.3374999375212,
              60.00005597487129
            ],
            [
              -124.34999994412355,
              60.000059056976085
            ],
            [
              -124.36249999861329,
              60.00006089584995
            ],
            [
              -124.37500000811687,
              60.00006151728864
            ],
            [
              -124.3875000176256,
              60.00006090839614
            ],
            [
              -124.4000000721097,
              60.000059056259076
            ],
            [
              -124.41250007872658,
              60.00005598670055
            ],
            [
              -124.4250000824517,
              60.0000516868116
            ],
            [
              -124.43750005650854,
              60.00004613359383
            ],
            [
              -124.45000009746062,
              60.00003936011666
            ],
            [
              -124.46250008670356,
              60.00003136923837
            ],
            [
              -124.47500006919289,
              60.00002214803278
            ],
            [
              -124.48750004396298,
              60.00001169650088
            ],
            [
              -124.49999998419197,
              59.9999999916575
            ],
            [
              -124.51249995133948,
              60.0000116984599
            ],
            [
              -124.52499994720235,
              60.00002213899681
            ],
            [
              -124.53749990489557,
              60.000031362166766
            ],
            [
              -124.54999989523638,
              60.00003937799037
            ],
            [
              -124.56249991135367,
              60.00004612753916
            ],
            [
              -124.57499991233044,
              60.00005168270285
            ],
            [
              -124.58749993712438,
              60.00005597158644
            ],
            [
              -124.599999944875,
              60.00005906608754
            ],
            [
              -124.61249997448371,
              60.000060894303715
            ],
            [
              -124.6249999851461,
              60.000061528140755
            ],
            [
              -124.63750001570713,
              60.000060895688705
            ],
            [
              -124.65000007125371,
              60.00005905585726
            ],
            [
              -124.66250005307073,
              60.000055975741226
            ],
            [
              -124.67500010379459,
              60.00005167523743
            ],
            [
              -124.68750007885026,
              60.00004613446388
            ],
            [
              -124.70000012088927,
              60.00003937328956
            ],
            [
              -124.71250008532132,
              60.000031371861326
            ],
            [
              -124.72500004299141,
              60.000022140110566
            ],
            [
              -124.7375000647601,
              60.00001168794052
            ],
            [
              -124.75000000601347,
              59.99999999554106
            ],
            [
              -124.76249995207462,
              60.000011684860695
            ],
            [
              -124.7749999068265,
              60.00002214385911
            ],
            [
              -124.78749991508157,
              60.00003135948159
            ],
            [
              -124.79999991038527,
              60.00003938075474
            ],
            [
              -124.81249993118765,
              60.00004613571325
            ],
            [
              -124.82499991104538,
              60.00005167340469
            ],
            [
              -124.837499940524,
              60.000055967698565
            ],
            [
              -124.84999995324556,
              60.00005906764794
            ],
            [
              -124.86249998754732,
              60.00006090127255
            ],
            [
              -124.87499997706293,
              60.00006151764629
            ],
            [
              -124.8875000123165,
              60.00006089060338
            ],
            [
              -124.90000007273973,
              60.00005905612879
            ],
            [
              -124.91250005936027,
              60.00005598151025
            ],
            [
              -124.92500008880693,
              60.00005166346196
            ],
            [
              -124.93750009483709,
              60.00004615108328
            ],
            [
              -124.95000011558933,
              60.00003937236782
            ],
            [
              -124.96250008483315,
              60.00003137643571
            ],
            [
              -124.97500004731906,
              60.0000221501801
            ],
            [
              -124.98750004777789,
              60.000011680476455
            ],
            [
              -124.99999999384673,
              59.9999999935729
            ],
            [
              -125.01249994836675,
              60.00001168181039
            ],
            [
              -125.02499991157644,
              60.00002213972508
            ],
            [
              -125.03749988251043,
              60.0000313673158
            ],
            [
              -125.04999993212547,
              60.000039374306716
            ],
            [
              -125.06249991561518,
              60.00004614123908
            ],
            [
              -125.07499990393262,
              60.00005167784464
            ],
            [
              -125.08749994176694,
              60.00005597096098
            ],
            [
              -125.099999936838,
              60.00005904690632
            ],
            [
              -125.11250000578171,
              60.00006090221323
            ],
            [
              -125.12302806740912,
              60.00006149132075
            ],
            [
              -125.12500000375341,
              60.00006151749447
            ],
            [
              -125.13750000172512,
              60.00006090244691
            ],
            [
              -125.15000004436034,
              60.00005904388663
            ],
            [
              -125.16250006576351,
              60.00005599102777
            ],
            [
              -125.17500010356464,
              60.000051671794836
            ],
            [
              -125.18750009188018,
              60.00004613542304
            ],
            [
              -125.20000007536815,
              60.00003936872428
            ],
            [
              -125.21250009866606,
              60.00003135849294
            ],
            [
              -125.22500006959723,
              60.000022131138486
            ],
            [
              -125.23750005919112,
              60.00001169629474
            ],
            [
              -125.25000001371775,
              60.00000000829099
            ],
            [
              -125.26249998023324,
              60.000011689215555
            ],
            [
              -125.2749999098558,
              60.000022153044036
            ],
            [
              -125.28749989277912,
              60.00003137332154
            ],
            [
              -125.2999998824553,
              60.00003936327162
            ],
            [
              -125.31249990435963,
              60.00004614571234
            ],
            [
              -125.3249999046542,
              60.000051675002126
            ],
            [
              -125.33749990880538,
              60.00005597396194
            ],
            [
              -125.3499999423147,
              60.0000590654027
            ],
            [
              -125.362499951291,
              60.00006090369875
            ],
            [
              -125.37500003324793,
              60.000061521204856
            ],
            [
              -125.38750004318234,
              60.00006089883165
            ],
            [
              -125.40000005214551,
              60.000059046127575
            ],
            [
              -125.41250008568406,
              60.00005598589077
            ],
            [
              -125.42500008981715,
              60.00005167252276
            ],
            [
              -125.4375000900825,
              60.000046128824856
            ],
            [
              -125.45000011205364,
              60.000039377588095
            ],
            [
              -125.46250010169587,
              60.000031373229916
            ],
            [
              -125.47500008457394,
              60.00002213854418
            ],
            [
              -125.48750001423359,
              60.00001168683734
            ],
            [
              -125.49999998069163,
              59.99999999150466
            ],
            [
              -125.51249994368311,
              60.000011695344746
            ],
            [
              -125.52499993425681,
              60.00002213276702
            ],
            [
              -125.53749991367253,
              60.000031375955054
            ],
            [
              -125.54999987324895,
              60.00003936604694
            ],
            [
              -125.5624999106893,
              60.00004613525099
            ],
            [
              -125.57499990750723,
              60.000051687454054
            ],
            [
              -125.58749992700918,
              60.000055973225365
            ],
            [
              -125.59999997603772,
              60.00005905142213
            ],
            [
              -125.61249998156305,
              60.00006091262986
            ],
            [
              -125.62500000683315,
              60.00006150739904
            ],
            [
              -125.63750001333439,
              60.000060907944096
            ],
            [
              -125.6500000643032,
              60.000059064795465
            ],
            [
              -125.66250004123638,
              60.00005598192979
            ],
            [
              -125.67500008737747,
              60.00005167811043
            ],
            [
              -125.68750005754464,
              60.00004613458919
            ],
            [
              -125.70000009499606,
              60.0000393701013
            ],
            [
              -125.71250008126157,
              60.000031388662435
            ],
            [
              -125.72500007943471,
              60.000022140773815
            ],
            [
              -125.73750005122795,
              60.000011698680666
            ],
            [
              -125.74999998759084,
              60.00000000353551
            ],
            [
              -125.76249996949991,
              60.00001168872418
            ],
            [
              -125.77499991472827,
              60.000022156992785
            ],
            [
              -125.7874999130518,
              60.00003138152834
            ],
            [
              -125.79999991813159,
              60.000039375733294
            ],
            [
              -125.81249992900231,
              60.00004613960687
            ],
            [
              -125.82499994469833,
              60.00005167314816
            ],
            [
              -125.83749991891234,
              60.00005598978692
            ],
            [
              -125.84999994136768,
              60.00005906266625
            ],
            [
              -125.86249996575155,
              60.00006090521182
            ],
            [
              -125.87499999109883,
              60.000061517423276
            ],
            [
              -125.88750001644367,
              60.00006089930056
            ],
            [
              -125.90000004082077,
              60.00005905084384
            ],
            [
              -125.91250006326433,
              60.00005597205336
            ],
            [
              -125.92500008280915,
              60.00005166292935
            ],
            [
              -125.93750009848955,
              60.00004612347243
            ],
            [
              -125.95000006404574,
              60.00003936715376
            ],
            [
              -125.96250006910604,
              60.00003136703754
            ],
            [
              -125.97500006740525,
              60.00002213659072
            ],
            [
              -125.98750001269966,
              60.0000116892985
            ],
            [
              -125.99999999458578,
              59.99999999819865
            ],
            [
              -126.012499980205,
              60.000011695752214
            ],
            [
              -126.02499994757234,
              60.00002214030753
            ],
            [
              -126.03749990435425,
              60.000031390706404
            ],
            [
              -126.04999988619761,
              60.000039374612804
            ],
            [
              -126.06249990079968,
              60.00004615085358
            ],
            [
              -126.0749998932518,
              60.00005167410263
            ],
            [
              -126.08749991654958,
              60.000055989679446
            ],
            [
              -126.09999996097903,
              60.000059038744624
            ],
            [
              -126.11249998910495,
              60.00006089365081
            ],
            [
              -126.12500001820358,
              60.00006151822223
            ],
            [
              -126.1375000202806,
              60.00006088981338
            ],
            [
              -126.14077884781145,
              60.00006053372969
            ],
            [
              -126.15000004841959,
              60.00005905371781
            ],
            [
              -126.16250007463502,
              60.000055987287645
            ],
            [
              -126.17500007090534,
              60.00005166788592
            ],
            [
              -126.18750009036785,
              60.00004614079057
            ],
            [
              -126.20000007793664,
              60.000039360729986
            ],
            [
              -126.21250008678442,
              60.000031372972025
            ],
            [
              -126.22500008888073,
              60.00002215488283
            ],
            [
              -126.2375000561601,
              60.000011683839425
            ],
            [
              -126.24517063318528,
              60.00000464364069
            ],
            [
              -126.24999996957271,
              59.999999996049795
            ],
            [
              -126.2624999624812,
              60.00001170125535
            ],
            [
              -126.27499993696574,
              60.00002215351449
            ],
            [
              -126.28749991917006,
              60.0000313754474
            ],
            [
              -126.29999990812884,
              60.0000393670529
            ],
            [
              -126.31249990287637,
              60.00004612833024
            ],
            [
              -126.32499992960935,
              60.000051681883754
            ],
            [
              -126.33749993304677,
              60.00005598249942
            ],
            [
              -126.34999993937639,
              60.000059052784906
            ],
            [
              -126.36249997482152,
              60.00006091533702
            ],
            [
              -126.37499998404802,
              60.00006152495827
            ],
            [
              -126.38750003837796,
              60.000060890622294
            ],
            [
              -126.40000007384026,
              60.00005906216663
            ],
            [
              -126.4005326838789,
              60.00005894936029
            ],
            [
              -126.40241927358073,
              60.00005856038409
            ],
            [
              -126.41250008016056,
              60.000055980788204
            ],
            [
              -126.42500008357976,
              60.00005166907953
            ],
            [
              -126.4375000831325,
              60.00004612704109
            ],
            [
              -126.45000010510454,
              60.000039377252165
            ],
            [
              -126.46250009403667,
              60.00003137455365
            ],
            [
              -126.47500007620593,
              60.00002214152787
            ],
            [
              -126.48750005064657,
              60.00001167817577
            ],
            [
              -126.49999997133355,
              59.99999999816483
            ],
            [
              -126.51249994770711,
              60.00001168409824
            ],
            [
              -126.52499993276867,
              60.0000221397047
            ],
            [
              -126.53749992555274,
              60.00003136498271
            ],
            [
              -126.54999992509357,
              60.00003935993131
            ],
            [
              -126.56249988539288,
              60.00004613823796
            ],
            [
              -126.57499989555635,
              60.00005167252944
            ],
            [
              -126.58749990958019,
              60.00005597648905
            ],
            [
              -126.59999992649918,
              60.00005905011633
            ],
            [
              -126.61249997271325,
              60.0000609159545
            ],
            [
              -126.62499999253393,
              60.00006152891335
            ],
            [
              -126.63750001235312,
              60.0000609115392
            ],
            [
              -126.64911342082078,
              60.00005924883789
            ],
            [
              -126.65000003120478,
              60.000059063832055
            ],
            [
              -126.65435799037672,
              60.00005811865356
            ],
            [
              -126.65438834592314,
              60.00005812836106
            ],
            [
              -126.65441886384575,
              60.00005811943317
            ],
            [
              -126.6625000481237,
              60.00005598579216
            ],
            [
              -126.67500006214436,
              60.00005167741999
            ],
            [
              -126.68750007230128,
              60.000046138715824
            ],
            [
              -126.70000007762867,
              60.00003936968052
            ],
            [
              -126.7125000771612,
              60.00003137031484
            ],
            [
              -126.72500006993359,
              60.000022140619755
            ],
            [
              -126.73750005497982,
              60.00001168059632
            ],
            [
              -126.74999998638245,
              60.0000000040006
            ],
            [
              -126.76249997671164,
              60.00001168928355
            ],
            [
              -126.77499993078703,
              60.000022158000256
            ],
            [
              -126.78749991004113,
              60.0000313601208
            ],
            [
              -126.79999987860205,
              60.00003936819028
            ],
            [
              -126.81249989789006,
              60.00004613215856
            ],
            [
              -126.8249999220032,
              60.00005166579286
            ],
            [
              -126.83749994997645,
              60.00005596909259
            ],
            [
              -126.84999993593482,
              60.00005905584739
            ],
            [
              -126.86249996873636,
              60.0000608984809
            ],
            [
              -126.87500000250127,
              60.000061510778785
            ],
            [
              -126.88750003626409,
              60.00006089274084
            ],
            [
              -126.90000002417158,
              60.00005905817504
            ],
            [
              -126.91250005503862,
              60.00005597947026
            ],
            [
              -126.92500008300676,
              60.000051670430466
            ],
            [
              -126.93750010711055,
              60.00004613105608
            ],
            [
              -126.95000008151894,
              60.00003937517319
            ],
            [
              -126.9625000950028,
              60.000031375136075
            ],
            [
              -126.97500005687101,
              60.000022158601176
            ],
            [
              -126.98750005587316,
              60.00001169790527
            ],
            [
              -126.9999999736995,
              59.99999999826293
            ],
            [
              -127.01249993642176,
              60.00001169311027
            ],
            [
              -127.02499995267209,
              60.00002214378113
            ],
            [
              -127.03749993181343,
              60.00003137797398
            ],
            [
              -127.04999991771855,
              60.00003938184014
            ],
            [
              -127.06249988173818,
              60.00004613293241
            ],
            [
              -127.07499992307726,
              60.00005166227543
            ],
            [
              -127.08749992346684,
              60.000055975154396
            ],
            [
              -127.0999999267582,
              60.00005905770381
            ],
            [
              -127.11249997678098,
              60.000060896040196
            ],
            [
              -127.12499998297399,
              60.000061517924856
            ],
            [
              -127.13750003395648,
              60.000060895587374
            ],
            [
              -127.1500000391891,
              60.00005905680698
            ],
            [
              -127.16250008726932,
              60.00005597379602
            ],
            [
              -127.17500008767927,
              60.000051674351425
            ],
            [
              -127.18750008423268,
              60.00004614457766
            ],
            [
              -127.20000012072045,
              60.0000393705616
            ],
            [
              -127.21250010665803,
              60.000031380127254
            ],
            [
              -127.2250000580441,
              60.000022136955415
            ],
            [
              -127.23750002950068,
              60.00001168587143
            ],
            [
              -127.24999999227272,
              60.00000000446296
            ],
            [
              -127.2624999755389,
              60.00001169183755
            ],
            [
              -127.27499992277015,
              60.0000221628238
            ],
            [
              -127.28749989461231,
              60.00003136714774
            ],
            [
              -127.29999990104587,
              60.00003936354058
            ],
            [
              -127.31249991327188,
              60.000046129601586
            ],
            [
              -127.32499993032482,
              60.000051665330176
            ],
            [
              -127.33749995123948,
              60.0000559707255
            ],
            [
              -127.3467578857202,
              60.00005836916068
            ],
            [
              -127.34999993035885,
              60.00005905975362
            ],
            [
              -127.35394275711796,
              60.0000597617523
            ],
            [
              -127.353964651284,
              60.000059791548374
            ],
            [
              -127.35398660694017,
              60.00005977102251
            ],
            [
              -127.36249995610537,
              60.00006090448551
            ],
            [
              -127.37499998281683,
              60.00006151888309
            ],
            [
              -127.38750000952767,
              60.000060902946274
            ],
            [
              -127.39207814814633,
              60.00006037469291
            ],
            [
              -127.40000003527214,
              60.00005905667512
            ],
            [
              -127.41250005908519,
              60.00005598006988
            ],
            [
              -127.41567803980024,
              60.000054987831916
            ],
            [
              -127.42500008000107,
              60.00005167313095
            ],
            [
              -127.43750009705421,
              60.00004613585878
            ],
            [
              -127.45000010927913,
              60.00003936825406
            ],
            [
              -127.46250007106852,
              60.00003138432368
            ],
            [
              -127.47500007074578,
              60.00002215606089
            ],
            [
              -127.48750003471572,
              60.00001167511531
            ],
            [
              -127.499999973344,
              60.00000000021639
            ],
            [
              -127.51249993565618,
              60.00001169123195
            ],
            [
              -127.52499995127444,
              60.000022137895094
            ],
            [
              -127.5374999299996,
              60.000031368256366
            ],
            [
              -127.54999991548542,
              60.00003936829095
            ],
            [
              -127.56249990676672,
              60.000046137998
            ],
            [
              -127.57499990287789,
              60.00005167737663
            ],
            [
              -127.58749994744028,
              60.00005597237603
            ],
            [
              -127.59999995030915,
              60.00005905109157
            ],
            [
              -127.61249995511125,
              60.00006089947705
            ],
            [
              -127.62500000545144,
              60.000061503469254
            ],
            [
              -127.63750001121808,
              60.0000608911899
            ],
            [
              -127.65000004411813,
              60.0000590708975
            ],
            [
              -127.6603333228941,
              60.00005660767674
            ],
            [
              -127.66040976031059,
              60.00005657221833
            ],
            [
              -127.660486225831,
              60.00005655902863
            ],
            [
              -127.6625000915554,
              60.000055983878916
            ],
            [
              -127.67041947461264,
              60.00005338009682
            ],
            [
              -127.67416634794867,
              60.00005198988036
            ],
            [
              -127.67500009153898,
              60.00005168060269
            ],
            [
              -127.68674636118698,
              60.00004650962652
            ],
            [
              -127.68750008766266,
              60.0000461469973
            ],
            [
              -127.69131800273863,
              60.00004421967177
            ],
            [
              -127.69357789720551,
              60.00004300640727
            ],
            [
              -127.69363428286911,
              60.00004295862194
            ],
            [
              -127.70000007896127,
              60.000039383063495
            ],
            [
              -127.71250010900026,
              60.0000313747082
            ],
            [
              -127.7250000877459,
              60.00002215011579
            ],
            [
              -127.72506814942952,
              60.00002210576166
            ],
            [
              -127.73188312972381,
              60.0000165679748
            ],
            [
              -127.73349670063233,
              60.00001518635207
            ],
            [
              -127.73750005876956,
              60.00001169519777
            ],
            [
              -127.74999999293937,
              59.99999998766054
            ],
            [
              -127.76249993757648,
              60.00001167993631
            ],
            [
              -127.7749999635946,
              60.00002215006505
            ],
            [
              -127.78749992465508,
              60.00003138169081
            ],
            [
              -127.7999998924777,
              60.00003938299341
            ],
            [
              -127.81249991058397,
              60.00004613984299
            ],
            [
              -127.82499993350993,
              60.00005166635878
            ],
            [
              -127.83749991581392,
              60.00005597667797
            ],
            [
              -127.84999997372509,
              60.00005906480172
            ],
            [
              -127.85647064892936,
              60.000060161845
            ],
            [
              -127.86250000533168,
              60.00006090031468
            ],
            [
              -127.8676766534183,
              60.00006131063757
            ],
            [
              -127.8678438490474,
              60.00006130894789
            ],
            [
              -127.86794535502018,
              60.00006132970964
            ],
            [
              -127.87499999343642,
              60.00006151964296
            ],
            [
              -127.87833056904402,
              60.00006146395635
            ],
            [
              -127.88750002599828,
              60.00006089448919
            ],
            [
              -127.89285405487101,
              60.0000602589485
            ],
            [
              -127.89308723098415,
              60.00006022089435
            ],
            [
              -127.90000001313832,
              60.000059053159625
            ],
            [
              -127.91250007107384,
              60.00005598959843
            ],
            [
              -127.91595211398406,
              60.00005491841812
            ],
            [
              -127.91964313439006,
              60.0000536623047
            ],
            [
              -127.92500009783343,
              60.00005167344076
            ],
            [
              -127.9312152631258,
              60.000049078915794
            ],
            [
              -127.93263506922388,
              60.00004843473514
            ],
            [
              -127.93547300052461,
              60.00004710308411
            ],
            [
              -127.9375000762912,
              60.00004614112143
            ],
            [
              -127.95000009435086,
              60.000039364299965
            ],
            [
              -127.96250006218902,
              60.00003137132713
            ],
            [
              -127.96930303880103,
              60.0000265034193
            ],
            [
              -127.97500006768684,
              60.00002213384529
            ],
            [
              -127.98750002104298,
              60.00001168022279
            ],
            [
              -127.99999996571299,
              59.99999999627947
            ],
            [
              -128.0124999686601,
              60.00001169584206
            ],
            [
              -128.02499995194717,
              60.00002214283849
            ],
            [
              -128.03749989856257,
              60.00003137371459
            ],
            [
              -128.04999989632117,
              60.00003936005843
            ],
            [
              -128.06249992824908,
              60.00004613829756
            ],
            [
              -128.07499993662,
              60.00005166397776
            ],
            [
              -128.08749993288214,
              60.0000559957712
            ],
            [
              -128.09999994800896,
              60.00005906078938
            ],
            [
              -128.11249996505845,
              60.00006089547524
            ],
            [
              -128.1250000114936,
              60.00006152203978
            ],
            [
              -128.13750002950036,
              60.00006089605755
            ],
            [
              -128.15000007497915,
              60.00005906194839
            ],
            [
              -128.15111555183444,
              60.000058844859716
            ],
            [
              -128.16250009008098,
              60.0000559752983
            ],
            [
              -128.17500005795208,
              60.00005167257194
            ],
            [
              -128.1875000947561,
              60.000046147460054
            ],
            [
              -128.2000001710561,
              60.00003937774741
            ],
            [
              -128.2001041489686,
              60.00004774563082
            ],
            [
              -128.21022885128156,
              60.00003445389079
            ],
            [
              -128.21250009596346,
              60.00003136184432
            ],
            [
              -128.22500007109394,
              60.00002216000446
            ],
            [
              -128.23750005431128,
              60.00001169137618
            ],
            [
              -128.24999998453845,
              60.0000000067029
            ],
            [
              -128.26249994776921,
              60.000011681531355
            ],
            [
              -128.2749999482123,
              60.00002214821318
            ],
            [
              -128.28749992784475,
              60.000031362388626
            ],
            [
              -128.2999998985062,
              60.000039382708685
            ],
            [
              -128.31249989068382,
              60.000046136231056
            ],
            [
              -128.32499991624658,
              60.0000516815914
            ],
            [
              -128.33749991710175,
              60.00005597445308
            ],
            [
              -128.3499999494283,
              60.000059059145876
            ],
            [
              -128.36249998369308,
              60.00006091350293
            ],
            [
              -128.37499999032758,
              60.00006151536877
            ],
            [
              -128.3875000255629,
              60.00006090905652
            ],
            [
              -128.40000003121958,
              60.00005905025868
            ],
            [
              -128.40056298729723,
              60.00005894910177
            ],
            [
              -128.40571051358526,
              60.00005780946669
            ],
            [
              -128.40631854699294,
              60.00005765197221
            ],
            [
              -128.41250006356358,
              60.00005598327756
            ],
            [
              -128.4221668582994,
              60.000052753914
            ],
            [
              -128.42500006438047,
              60.00005166381696
            ],
            [
              -128.43065778151635,
              60.00004931722709
            ],
            [
              -128.43750008997114,
              60.00004613616832
            ],
            [
              -128.4500001107409,
              60.00003937818541
            ],
            [
              -128.46250009706108,
              60.00003136773365
            ],
            [
              -128.4701794660815,
              60.00002584407707
            ],
            [
              -128.47500006109323,
              60.00002216344787
            ],
            [
              -128.48750003292398,
              60.000011692345
            ],
            [
              -128.49999999605473,
              59.99999999091776
            ],
            [
              -128.5124999797531,
              60.00001168408056
            ],
            [
              -128.52499992797667,
              60.00002216129246
            ],
            [
              -128.53658332857734,
              60.000030733671274
            ],
            [
              -128.53749989938686,
              60.00003137168273
            ],
            [
              -128.54524396955827,
              60.000036455650665
            ],
            [
              -128.54572427363613,
              60.000036763223
            ],
            [
              -128.54572766347482,
              60.000036760528914
            ],
            [
              -128.5499999062664,
              60.00003937386349
            ],
            [
              -128.56249991894313,
              60.00004614571248
            ],
            [
              -128.56271997388149,
              60.00004625439359
            ],
            [
              -128.57499990770987,
              60.00005166511875
            ],
            [
              -128.58749992907562,
              60.000055976304715
            ],
            [
              -128.58812580273354,
              60.00005614886621
            ],
            [
              -128.59364176175146,
              60.00005763828162
            ],
            [
              -128.59364209745723,
              60.00005765469786
            ],
            [
              -128.59999995334172,
              60.000059057156705
            ],
            [
              -128.6124999795429,
              60.00006090767459
            ],
            [
              -128.62500000671352,
              60.000061527858065
            ],
            [
              -128.63750000510313,
              60.00006089561112
            ],
            [
              -128.65000003130746,
              60.00005905512853
            ],
            [
              -128.66250005558464,
              60.000055984311764
            ],
            [
              -128.6750000769692,
              60.00005168316117
            ],
            [
              -128.6875000944956,
              60.000046151677296
            ],
            [
              -128.69963419190873,
              60.000039591656716
            ],
            [
              -128.69980883611072,
              60.00003948667461
            ],
            [
              -128.69981694521528,
              60.00003947900098
            ],
            [
              -128.70000007837,
              60.00003936777896
            ],
            [
              -128.71250008527485,
              60.000031375633434
            ],
            [
              -128.71372662653152,
              60.0000305148066
            ],
            [
              -128.72500008542494,
              60.00002215315703
            ],
            [
              -128.72827567146376,
              60.0000195297837
            ],
            [
              -128.73170458358993,
              60.00001669292359
            ],
            [
              -128.73174207500963,
              60.000016668077755
            ],
            [
              -128.73177999035482,
              60.00001663037292
            ],
            [
              -128.73750004900057,
              60.00001167827759
            ],
            [
              -128.74999998866943,
              60.00000000960151
            ],
            [
              -128.76249996744198,
              60.00001169798779
            ],
            [
              -128.77499992602426,
              60.0000221339819
            ],
            [
              -128.78749992120248,
              60.00003136171478
            ],
            [
              -128.79999992313955,
              60.000039359117764
            ],
            [
              -128.8047281534515,
              60.000042090497985
            ],
            [
              -128.81249988683172,
              60.00004614066733
            ],
            [
              -128.8249998993956,
              60.00005167741214
            ],
            [
              -128.83749991582167,
              60.000055983824524
            ],
            [
              -128.84999993514464,
              60.000059059904146
            ],
            [
              -128.86249995639884,
              60.00006090565056
            ],
            [
              -128.87499997861875,
              60.00006152106355
            ],
            [
              -128.88750000083886,
              60.00006090614302
            ],
            [
              -128.88894560353492,
              60.00006074950376
            ],
            [
              -128.90000002209365,
              60.00005906088905
            ],
            [
              -128.90092771310228,
              60.000058871674604
            ],
            [
              -128.9125000414176,
              60.00005598530187
            ],
            [
              -128.925000057845,
              60.00005167938176
            ],
            [
              -128.93750007041066,
              60.000046143129424
            ],
            [
              -128.95000007814883,
              60.000039376545395
            ],
            [
              -128.96250008009412,
              60.00003137963053
            ],
            [
              -128.97500007528086,
              60.00002215238576
            ],
            [
              -128.9875000627437,
              60.000011694812194
            ],
            [
              -128.99999996852821,
              59.99999999943998
            ],
            [
              -129.01249994546205,
              60.000011682480675
            ],
            [
              -129.02499993108165,
              60.000022135194264
            ],
            [
              -129.03749992442133,
              60.00003135757936
            ],
            [
              -129.0499998805856,
              60.0000393641946
            ],
            [
              -129.05251711545125,
              60.00004083532622
            ],
            [
              -129.05252962183525,
              60.00004083451886
            ],
            [
              -129.05276353108547,
              60.00004097365818
            ],
            [
              -129.06249991555384,
              60.00004614792312
            ],
            [
              -129.07499992627538,
              60.00005167931841
            ],
            [
              -129.08749994085488,
              60.00005598038167
            ],
            [
              -129.09999995832715,
              60.0000590511124
            ],
            [
              -129.11249997772626,
              60.00006089151032
            ],
            [
              -129.12499999808693,
              60.000061501575175
            ],
            [
              -129.13750004757455,
              60.000060903288905
            ],
            [
              -129.1500000669703,
              60.000059052684676
            ],
            [
              -129.16250008443097,
              60.000055971747614
            ],
            [
              -129.1750000551183,
              60.00005167508097
            ],
            [
              -129.18750006581803,
              60.00004613348377
            ],
            [
              -129.2000001008602,
              60.00003938352296
            ],
            [
              -129.21250010093993,
              60.00003138126106
            ],
            [
              -129.22500009425687,
              60.000022148669665
            ],
            [
              -129.23750003600153,
              60.000011700374365
            ],
            [
              -129.25000001290232,
              60.0000000071317
            ],
            [
              -129.26249994725947,
              60.00001169924468
            ],
            [
              -129.27499993413625,
              60.00002214640145
            ],
            [
              -129.287499928729,
              60.00003136322949
            ],
            [
              -129.29999988625647,
              60.00003936437383
            ],
            [
              -129.3018533340572,
              60.00004046064541
            ],
            [
              -129.31249992264154,
              60.000046142487385
            ],
            [
              -129.32499993460277,
              60.000051668324836
            ],
            [
              -129.3374999066196,
              60.00005597848906
            ],
            [
              -129.34999995460606,
              60.00005906559891
            ],
            [
              -129.36249997524632,
              60.00006090043976
            ],
            [
              -129.3749999968439,
              60.00006150494725
            ],
            [
              -129.38750004773615,
              60.00006090104584
            ],
            [
              -129.4000000245905,
              60.000059059564336
            ],
            [
              -129.41250004328066,
              60.00005597307339
            ],
            [
              -129.42500008839488,
              60.00005167816569
            ],
            [
              -129.4375001003181,
              60.00004613100697
            ],
            [
              -129.45000006365933,
              60.00003936821461
            ],
            [
              -129.46250009430562,
              60.0000313823051
            ],
            [
              -129.47500008883867,
              60.00002214415577
            ],
            [
              -129.48750003191032,
              60.000011690388554
            ],
            [
              -129.5000000100188,
              59.99999999158748
            ],
            [
              -129.51249994882372,
              60.00001167838318
            ],
            [
              -129.52499992571478,
              60.00002215675191
            ],
            [
              -129.53749992464594,
              60.00003136817623
            ],
            [
              -129.54999988662297,
              60.00003936400211
            ],
            [
              -129.56249992751003,
              60.00004613665254
            ],
            [
              -129.57499990010837,
              60.00005167182449
            ],
            [
              -129.5874999496914,
              60.000055983805
            ],
            [
              -129.59999992904935,
              60.00005905832027
            ],
            [
              -129.6124999834663,
              60.00006090962885
            ],
            [
              -129.62500000938695,
              60.00006150872801
            ],
            [
              -129.6375000211103,
              60.00006091412192
            ],
            [
              -129.65000004605457,
              60.00005905255407
            ],
            [
              -129.66250009854735,
              60.000055982513054
            ],
            [
              -129.67500007500493,
              60.00005167505003
            ],
            [
              -129.68750009123605,
              60.00004612248302
            ],
            [
              -129.69681132621693,
              60.000041209058274
            ],
            [
              -129.70000008851412,
              60.000039376219455
            ],
            [
              -129.7125000941136,
              60.00003136298985
            ],
            [
              -129.72500007885773,
              60.00002215606839
            ],
            [
              -129.73750002635035,
              60.00001169697671
            ],
            [
              -129.75000000875968,
              59.99999999276441
            ],
            [
              -129.76249995511188,
              60.00001167475691
            ],
            [
              -129.77499993971824,
              60.00002214826295
            ],
            [
              -129.7874999024833,
              60.00003136960905
            ],
            [
              -129.79999990158854,
              60.000039382460415
            ],
            [
              -129.81249992048274,
              60.00004612833309
            ],
            [
              -129.824999930219,
              60.000051680521665
            ],
            [
              -129.8374999142176,
              60.00005598055844
            ],
            [
              -129.8499999742896,
              60.00005905725048
            ],
            [
              -129.86249996310892,
              60.00006089662675
            ],
            [
              -129.8750000260761,
              60.00006151264343
            ],
            [
              -129.88750001585396,
              60.00006089135825
            ],
            [
              -129.90000003431655,
              60.00005906155157
            ],
            [
              -129.9125000647289,
              60.00005596475292
            ],
            [
              -129.92500007837407,
              60.0000516742799
            ],
            [
              -129.9375000881695,
              60.00004615347511
            ],
            [
              -129.95000010697478,
              60.00003936567573
            ],
            [
              -129.96250007646202,
              60.000031362417275
            ],
            [
              -129.97500006889203,
              60.00002215062325
            ],
            [
              -129.98750002389534,
              60.000011686715894
            ],
            [
              -129.99999999992755,
              60.00000001426954
            ],
            [
              -130.01249995694377,
              60.00001169233547
            ],
            [
              -130.02499992264165,
              60.00002214007807
            ],
            [
              -130.03749992580484,
              60.00003137926954
            ],
            [
              -130.04999990597835,
              60.000039366359175
            ],
            [
              -130.06249992170316,
              60.00004614488966
            ],
            [
              -130.07499991249006,
              60.00005167132233
            ],
            [
              -130.08749993691427,
              60.000055989188674
            ],
            [
              -130.0999999344527,
              60.000059054961895
            ],
            [
              -130.11249996371453,
              60.000060912161906
            ],
            [
              -130.12500000757464,
              60.00006150234457
            ],
            [
              -130.13750003780595,
              60.000060898873166
            ],
            [
              -130.15000003725498,
              60.000059043319716
            ],
            [
              -130.16250006459953,
              60.000055979181425
            ],
            [
              -130.17500008905665,
              60.00005168470871
            ],
            [
              -130.1875000798095,
              60.00004613816397
            ],
            [
              -130.20000009558672,
              60.00003938302704
            ],
            [
              -130.2125000757113,
              60.0000313758254
            ],
            [
              -130.2250000490696,
              60.00002213829819
            ],
            [
              -130.23750004458134,
              60.00001169217282
            ],
            [
              -130.25000000151846,
              59.99999999399487
            ],
            [
              -130.26249992894665,
              60.00001168434692
            ],
            [
              -130.27499993833945,
              60.00002215111832
            ],
            [
              -130.28749992554395,
              60.000031365842084
            ],
            [
              -130.2999998761466,
              60.000039365226755
            ],
            [
              -130.30750283646628,
              60.000043586425406
            ],
            [
              -130.31249990582526,
              60.00004614100581
            ],
            [
              -130.32499991039344,
              60.00005166474313
            ],
            [
              -130.33749994876743,
              60.00005597985248
            ],
            [
              -130.34999996008258,
              60.000059042924896
            ],
            [
              -130.36249995996886,
              60.00006091237305
            ],
            [
              -130.37499997417507,
              60.00006151478334
            ],
            [
              -130.38750001835913,
              60.00006090855257
            ],
            [
              -130.40000003158838,
              60.00005905029602
            ],
            [
              -130.41250007288136,
              60.00005598339289
            ],
            [
              -130.42500008127132,
              60.00005166447054
            ],
            [
              -130.43750011581108,
              60.00004613689654
            ],
            [
              -130.45000007222038,
              60.00003937235088
            ],
            [
              -130.46250009615076,
              60.00003138411292
            ],
            [
              -130.47500008328225,
              60.00002214387045
            ],
            [
              -130.48750001941772,
              60.00001168835395
            ],
            [
              -130.49999999012115,
              59.99999998746261
            ],
            [
              -130.5124999646907,
              60.00001169847102
            ],
            [
              -130.52499991788653,
              60.00002215749432
            ],
            [
              -130.5374999220458,
              60.00003137112529
            ],
            [
              -130.54999988972043,
              60.00003936949912
            ],
            [
              -130.56249990641558,
              60.00004612246999
            ],
            [
              -130.57499991482243,
              60.000051681837206
            ],
            [
              -130.5874999401998,
              60.00005597414189
            ],
            [
              -130.59999992525445,
              60.00005905120348
            ],
            [
              -130.61249998558458,
              60.00006090448074
            ],
            [
              -130.62500001673703,
              60.000061505781886
            ],
            [
              -130.63750003484566,
              60.00006091348397
            ],
            [
              -130.65000006502507,
              60.000059054115994
            ],
            [
              -130.66250005008382,
              60.000055979525825
            ],
            [
              -130.67500010560332,
              60.00005168111552
            ],
            [
              -130.68750008390762,
              60.000046145866406
            ],
            [
              -130.70000010054676,
              60.00003936516692
            ],
            [
              -130.71250006822646,
              60.00003136926464
            ],
            [
              -130.72500010251503,
              60.00002214951613
            ],
            [
              -130.73750005571645,
              60.00001169296141
            ],
            [
              -130.7500000002293,
              60.00000000608582
            ],
            [
              -130.76249996501156,
              60.00001169638549
            ],
            [
              -130.7749999384853,
              60.00002215636032
            ],
            [
              -130.7874999196849,
              60.00003138600912
            ],
            [
              -130.79999990764483,
              60.000039385330886
            ],
            [
              -130.8124999013996,
              60.00004615432443
            ],
            [
              -130.82499994308554,
              60.00005167782113
            ],
            [
              -130.83749994552733,
              60.000055986152006
            ],
            [
              -130.84999995086758,
              60.000059064152715
            ],
            [
              -130.8625000012245,
              60.000060896642324
            ],
            [
              -130.8750000094586,
              60.000061513977705
            ],
            [
              -130.8875000176947,
              60.00006090098238
            ],
            [
              -130.9000000249667,
              60.00005905765633
            ],
            [
              -130.91250007336959,
              60.000055968802144
            ],
            [
              -130.92500007581154,
              60.00005166481127
            ],
            [
              -130.93750007439294,
              60.000046130490844
            ],
            [
              -130.95000006814865,
              60.00003936584147
            ],
            [
              -130.96250005611284,
              60.000031370864114
            ],
            [
              -130.97500003732014,
              60.00002214555948
            ],
            [
              -130.9859839734642,
              60.00001302819116
            ],
            [
              -130.98750005382922,
              60.000011674705775
            ],
            [
              -130.99999997560172,
              60.0000000039734
            ],
            [
              -131.01249996391874,
              60.00001169755001
            ],
            [
              -131.02499993050947,
              60.00002213925782
            ],
            [
              -131.0374999352403,
              60.00003137217724
            ],
            [
              -131.0499998733025,
              60.000039368475846
            ],
            [
              -131.0624998905913,
              60.00004614073807
            ],
            [
              -131.07499991271197,
              60.00005168266673
            ],
            [
              -131.0854392432576,
              60.00005535406723
            ],
            [
              -131.08749993869893,
              60.000055994261125
            ],
            [
              -131.09999993711585,
              60.000059053999486
            ],
            [
              -131.10362862295437,
              60.000059723249585
            ],
            [
              -131.11249996793063,
              60.00006090492711
            ],
            [
              -131.12499999971516,
              60.000061525519435
            ],
            [
              -131.13750000100754,
              60.0000608942639
            ],
            [
              -131.1500000318265,
              60.000059054188576
            ],
            [
              -131.16250006071877,
              60.000055983778104
            ],
            [
              -131.17500008671874,
              60.00005168303288
            ],
            [
              -131.18750007833083,
              60.000046130453086
            ],
            [
              -131.18790256994947,
              60.000045928022104
            ],
            [
              -131.19117625011873,
              60.00004428274527
            ],
            [
              -131.19346998712453,
              60.00004306855155
            ],
            [
              -131.20000009564103,
              60.00003936904305
            ],
            [
              -131.20314411159697,
              60.000037478395676
            ],
            [
              -131.21250010716244,
              60.00003137730034
            ],
            [
              -131.2250000813741,
              60.00002213373448
            ],
            [
              -131.2375000355082,
              60.00001169663997
            ],
            [
              -131.24999999329518,
              59.9999999924272
            ],
            [
              -131.26249993498587,
              60.00001168579209
            ],
            [
              -131.27499992825676,
              60.00002213351646
            ],
            [
              -131.28749991696114,
              60.000031387711644
            ],
            [
              -131.29999992471346,
              60.00003937477624
            ],
            [
              -131.31249989538247,
              60.000046146841704
            ],
            [
              -131.32499991374576,
              60.000051673245714
            ],
            [
              -131.3374999359632,
              60.000055969316264
            ],
            [
              -131.34999994885854,
              60.000059071859674
            ],
            [
              -131.36249997590224,
              60.00006090726295
            ],
            [
              -131.3750000039035,
              60.00006151233178
            ],
            [
              -131.38750003189685,
              60.00006088706596
            ],
            [
              -131.40000004676378,
              60.00005906827723
            ],
            [
              -131.41250007185928,
              60.000055982343625
            ],
            [
              -131.42500009405003,
              60.00005166607604
            ],
            [
              -131.43750006956267,
              60.00004613485016
            ],
            [
              -131.45000008305402,
              60.00003935792061
            ],
            [
              -131.46250007866348,
              60.00003138747665
            ],
            [
              -131.47500007960164,
              60.00002214988513
            ],
            [
              -131.48750003002365,
              60.000011697355774
            ],
            [
              -131.50000001453807,
              59.99999999910999
            ],
            [
              -131.51249995566894,
              60.00001168019418
            ],
            [
              -131.52499993624147,
              60.00002215237713
            ],
            [
              -131.53749989378363,
              60.00003137281672
            ],
            [
              -131.549999931607,
              60.000039368933784
            ],
            [
              -131.5624999016921,
              60.000046128720264
            ],
            [
              -131.57499990739046,
              60.000051679589255
            ],
            [
              -131.58749995969785,
              60.000055984701646
            ],
            [
              -131.5999999413634,
              60.00005905350325
            ],
            [
              -131.61249999849443,
              60.0000608979427
            ],
            [
              -131.62500001387272,
              60.00006152747998
            ],
            [
              -131.63749999842906,
              60.000060905293395
            ],
            [
              -131.6500000555613,
              60.000059058722705
            ],
            [
              -131.66250003721254,
              60.00005597587702
            ],
            [
              -131.67500008951308,
              60.00005166863341
            ],
            [
              -131.6875000952635,
              60.00004614650977
            ],
            [
              -131.70000006532263,
              60.000039372679225
            ],
            [
              -131.71250010314154,
              60.000031374430996
            ],
            [
              -131.7250000606401,
              60.00002213994735
            ],
            [
              -131.73750004130923,
              60.000011696509596
            ],
            [
              -131.74999998239156,
              60.00000000138135
            ],
            [
              -131.7624999570023,
              60.0000116950756
            ],
            [
              -131.77499994030717,
              60.000022158443194
            ],
            [
              -131.78749990040677,
              60.00003137012747
            ],
            [
              -131.79999989819484,
              60.00003937284094
            ],
            [
              -131.81249990178026,
              60.000046145224395
            ],
            [
              -131.82499991019768,
              60.00005168727702
            ],
            [
              -131.83749996509596,
              60.00005598348846
            ],
            [
              -131.84999994929916,
              60.0000590435334
            ],
            [
              -131.86249996640493,
              60.00006089458895
            ],
            [
              -131.87499998448072,
              60.0000615153118
            ],
            [
              -131.8875000025607,
              60.00006090570202
            ],
            [
              -131.90000006226336,
              60.000059050229034
            ],
            [
              -131.91250007744955,
              60.00005597995
            ],
            [
              -131.9250000897434,
              60.00005167933898
            ],
            [
              -131.93750009817947,
              60.000046148396464
            ],
            [
              -131.95000007075,
              60.00003936580749
            ],
            [
              -131.9625000685657,
              60.00003137420712
            ],
            [
              -131.9750000596271,
              60.00002215227766
            ],
            [
              -131.98750004296883,
              60.00001170002016
            ],
            [
              -131.99999998654914,
              59.99999999613261
            ],
            [
              -132.01249996709785,
              60.00001168489634
            ],
            [
              -132.02499995633664,
              60.000022143332124
            ],
            [
              -132.03749991078337,
              60.000031387015405
            ],
            [
              -132.04999988340276,
              60.000039363504904
            ],
            [
              -132.06249989291672,
              60.000046130957315
            ],
            [
              -132.07499990725893,
              60.00005166807767
            ],
            [
              -132.08322859680314,
              60.0000546469168
            ],
            [
              -132.08749992546356,
              60.00005597486539
            ],
            [
              -132.09999994656528,
              60.000059051319916
            ],
            [
              -132.10586912399623,
              60.000060065805336
            ],
            [
              -132.1059341744346,
              60.00006006112413
            ],
            [
              -132.1090073133436,
              60.00006049055736
            ],
            [
              -132.11249996959867,
              60.000060897440946
            ],
            [
              -132.115741792343,
              60.000061176311654
            ],
            [
              -132.11712817948404,
              60.00006128476667
            ],
            [
              -132.12499999359792,
              60.000061513228125
            ],
            [
              -132.1375000175977,
              60.000060898681454
            ],
            [
              -132.15000004063256,
              60.000059053800925
            ],
            [
              -132.16250006173672,
              60.00005597858689
            ],
            [
              -132.17500007994477,
              60.00005167303968
            ],
            [
              -132.1875000942912,
              60.00004613715978
            ],
            [
              -132.20000010381062,
              60.000039370947924
            ],
            [
              -132.21250010753727,
              60.000031374404784
            ],
            [
              -132.2250001045059,
              60.00002214753137
            ],
            [
              -132.2375000200974,
              60.0000116847274
            ],
            [
              -132.2468264743422,
              60.000003087917
            ],
            [
              -132.2500000006508,
              59.999999997204235
            ],
            [
              -132.26249994803806,
              60.000011700933875
            ],
            [
              -132.27499991526798,
              60.000022137450145
            ],
            [
              -132.2874999214731,
              60.00003136487446
            ],
            [
              -132.29999989204893,
              60.00003937763112
            ],
            [
              -132.31249991081182,
              60.00004614439446
            ],
            [
              -132.3249999344024,
              60.00005168082403
            ],
            [
              -132.33749993055383,
              60.00005596569866
            ],
            [
              -132.34999996089456,
              60.000059041461725
            ],
            [
              -132.36249995080914,
              60.000060902574745
            ],
            [
              -132.37499998405258,
              60.00006151767106
            ],
            [
              -132.38750001729585,
              60.00006090243162
            ],
            [
              -132.40000004957363,
              60.00005905685665
            ],
            [
              -132.41250007992048,
              60.00005598094625
            ],
            [
              -132.42500010737052,
              60.00005167470088
            ],
            [
              -132.43750008863805,
              60.00004615383121
            ],
            [
              -132.45000007602835,
              60.000039365729016
            ],
            [
              -132.46250008899318,
              60.00003136848954
            ],
            [
              -132.47500005289743,
              60.00002215664068
            ],
            [
              -132.4875000513855,
              60.00001169874234
            ],
            [
              -132.50000000977442,
              59.999999989333915
            ],
            [
              -132.51249996993414,
              60.00001169706735
            ],
            [
              -132.52499994965018,
              60.00002213756332
            ],
            [
              -132.53749992623983,
              60.000031384646604
            ],
            [
              -132.54999992042576,
              60.000039364488
            ],
            [
              -132.5624999095836,
              60.00004615091685
            ],
            [
              -132.57499991437768,
              60.0000516700999
            ],
            [
              -132.58749995448778,
              60.000055980110666
            ],
            [
              -132.59999992378164,
              60.00005905439289
            ],
            [
              -132.61249996872326,
              60.00006090373567
            ],
            [
              -132.62500001463326,
              60.00006152274026
            ],
            [
              -132.63567594962961,
              60.00006106215594
            ],
            [
              -132.63750002904573,
              60.000060890260514
            ],
            [
              -132.64340792419165,
              60.00006018139511
            ],
            [
              -132.6500000317728,
              60.00005906437301
            ],
            [
              -132.66250007479331,
              60.000055992370676
            ],
            [
              -132.67500008339468,
              60.000051668894
            ],
            [
              -132.68750011965417,
              60.000046136220384
            ],
            [
              -132.70000007735638,
              60.000039367877235
            ],
            [
              -132.71250010299917,
              60.00003137453897
            ],
            [
              -132.72500004814933,
              60.000022145547504
            ],
            [
              -132.73750005931302,
              60.000011691548536
            ],
            [
              -132.7499999880491,
              60.000000001913186
            ],
            [
              -132.76249997508566,
              60.00001168168531
            ],
            [
              -132.77499992865202,
              60.00002214695084
            ],
            [
              -132.7874999320954,
              60.000031366067596
            ],
            [
              -132.7999999001502,
              60.00003937068356
            ],
            [
              -132.8124999161384,
              60.00004612914046
            ],
            [
              -132.82499989481946,
              60.000051673103094
            ],
            [
              -132.83749991949034,
              60.00005597089683
            ],
            [
              -132.84999997869318,
              60.00005905944959
            ],
            [
              -132.86249996607708,
              60.00006091242243
            ],
            [
              -132.8749999965362,
              60.000061519212835
            ],
            [
              -132.88750002698856,
              60.000060895668184
            ],
            [
              -132.900000056469,
              60.000059041788404
            ],
            [
              -132.9125000419268,
              60.000055973441974
            ],
            [
              -132.92500009826384,
              60.00005167997176
            ],
            [
              -132.9375001190493,
              60.000046135089775
            ],
            [
              -132.95000009293426,
              60.00003937575508
            ],
            [
              -132.96250010309186,
              60.00003137021153
            ],
            [
              -132.97500006443047,
              60.00002215022521
            ],
            [
              -132.9875000600985,
              60.00001168402382
            ],
            [
              -133.0000000050289,
              60.000000003390404
            ],
            [
              -133.01249993792925,
              60.000011692283834
            ],
            [
              -133.02499992154836,
              60.000022134953305
            ],
            [
              -133.03749990262298,
              60.00003138425093
            ],
            [
              -133.04999990071565,
              60.00003936626424
            ],
            [
              -133.06249993637175,
              60.000046138987884
            ],
            [
              -133.07499990306596,
              60.00005167625897
            ],
            [
              -133.087499947419,
              60.000055988314884
            ],
            [
              -133.09999996286646,
              60.000059049001486
            ],
            [
              -133.11249997006286,
              60.00006091631777
            ],
            [
              -133.12499998839778,
              60.00006151634021
            ],
            [
              -133.137500038552,
              60.000060907051505
            ],
            [
              -133.15000005590588,
              60.00005904640539
            ],
            [
              -133.16250006120455,
              60.00005599239308
            ],
            [
              -133.17500007372126,
              60.00005167108343
            ],
            [
              -133.18750011422864,
              60.000046140451325
            ],
            [
              -133.20000007609892,
              60.0000393744393
            ],
            [
              -133.21250007411174,
              60.000031362138174
            ],
            [
              -133.22500005531452,
              60.000022156478956
            ],
            [
              -133.23750003883526,
              60.000011683521684
            ],
            [
              -133.2499999717381,
              59.99999999621735
            ],
            [
              -133.2624999699227,
              60.000011689234405
            ],
            [
              -133.27499990297477,
              60.000022146921
            ],
            [
              -133.28749991757888,
              60.00003137928134
            ],
            [
              -133.29999990700682,
              60.00003936032717
            ],
            [
              -133.3124999341619,
              60.00004613202224
            ],
            [
              -133.3249998923149,
              60.00005166841188
            ],
            [
              -133.33749992816567,
              60.000055979442585
            ],
            [
              -133.3499999669167,
              60.00005906013655
            ],
            [
              -133.3624999756227,
              60.000060889528555
            ],
            [
              -133.3750000172697,
              60.000061509551365
            ],
            [
              -133.38750001707342,
              60.00006091526207
            ],
            [
              -133.40000002576443,
              60.00005905365887
            ],
            [
              -133.4125000645242,
              60.00005598267739
            ],
            [
              -133.42500010039146,
              60.00005168135923
            ],
            [
              -133.43750010037098,
              60.000046128758775
            ],
            [
              -133.45000008573234,
              60.00003938281779
            ],
            [
              -133.46250007508044,
              60.0000313695608
            ],
            [
              -133.46671208023028,
              60.00002840241129
            ],
            [
              -133.47500008971113,
              60.00002214691295
            ],
            [
              -133.48750002276273,
              60.00001168905707
            ],
            [
              -133.50000002098523,
              60.00000000575249
            ],
            [
              -133.51249998217696,
              60.00001168297497
            ],
            [
              -133.52499991027204,
              60.00002214594374
            ],
            [
              -133.5374999199616,
              60.00003138344182
            ],
            [
              -133.54999990431475,
              60.000039369689375
            ],
            [
              -133.56249992656376,
              60.00004614652425
            ],
            [
              -133.57499992152853,
              60.000051672113
            ],
            [
              -133.58749995247487,
              60.000055988281275
            ],
            [
              -133.5999999541894,
              60.000059053208645
            ],
            [
              -133.61206192653523,
              60.00006085461422
            ],
            [
              -133.61249998997073,
              60.00006090870834
            ],
            [
              -133.62499999457307,
              60.00006151297278
            ],
            [
              -133.6375000313273,
              60.00006090780292
            ],
            [
              -133.65000003495516,
              60.0000590514043
            ],
            [
              -133.66250006882046,
              60.00005598556528
            ],
            [
              -133.6750000676118,
              60.000051668504284
            ],
            [
              -133.6875000947259,
              60.00004614199753
            ],
            [
              -133.70000008481847,
              60.000039364276354
            ],
            [
              -133.71250010131942,
              60.00003137710448
            ],
            [
              -133.7250000788513,
              60.00002213872632
            ],
            [
              -133.7375000069803,
              60.000011686163084
            ],
            [
              -133.75000000032205,
              60.00000000800688
            ],
            [
              -133.7624999601593,
              60.000011696959696
            ],
            [
              -133.77499992868707,
              60.00002215558873
            ],
            [
              -133.78290757685113,
              60.00002813234362
            ],
            [
              -133.7833252971843,
              60.00002844640166
            ],
            [
              -133.78749990493958,
              60.00003138389275
            ],
            [
              -133.79469674918153,
              60.00003613003699
            ],
            [
              -133.79485104331204,
              60.000036232107654
            ],
            [
              -133.7961064273765,
              60.000037024272395
            ],
            [
              -133.79620039642103,
              60.00003707144466
            ],
            [
              -133.79999992958986,
              60.00003936570988
            ],
            [
              -133.81249991838905,
              60.0000461333565
            ],
            [
              -133.82499991201652,
              60.00005167067519
            ],
            [
              -133.82654650957278,
              60.00005226405332
            ],
            [
              -133.83749990950687,
              60.00005597766522
            ],
            [
              -133.8499999838072,
              60.00005905899073
            ],
            [
              -133.86249998612817,
              60.00006090531493
            ],
            [
              -133.87499998941527,
              60.00006152130943
            ],
            [
              -133.8875000342975,
              60.000060890784745
            ],
            [
              -133.90000003661402,
              60.000059046115666
            ],
            [
              -133.91250006934064,
              60.0000559919428
            ],
            [
              -133.9250001084144,
              60.00005167041026
            ],
            [
              -133.937500102045,
              60.00004613474669
            ],
            [
              -133.95000009084865,
              60.000039368755196
            ],
            [
              -133.96250007385967,
              60.00003137243648
            ],
            [
              -133.97500005011287,
              60.00002214579167
            ],
            [
              -133.98750001864252,
              60.000011688821814
            ],
            [
              -133.99999997848323,
              60.00000000152812
            ],
            [
              -134.01249998237716,
              60.00001169286731
            ],
            [
              -134.02499992102477,
              60.00002214931125
            ],
            [
              -134.0374999089136,
              60.0000313591976
            ],
            [
              -134.04999989446597,
              60.00003937578875
            ],
            [
              -134.0624999273319,
              60.0000461458057
            ],
            [
              -134.0749999325814,
              60.00005166470164
            ],
            [
              -134.08749993264146,
              60.00005599030263
            ],
            [
              -134.0999999446364,
              60.00005904853724
            ],
            [
              -134.1124999910199,
              60.000060897214745
            ],
            [
              -134.124999996898,
              60.000061531820926
            ],
            [
              -134.1375000117706,
              60.00006089905733
            ],
            [
              -134.15000005815983,
              60.00005905672688
            ],
            [
              -134.1581940537966,
              60.00005715566667
            ],
            [
              -134.16250007011652,
              60.00005596329641
            ],
            [
              -134.17500007022704,
              60.000051676576604
            ],
            [
              -134.1866484818752,
              60.00004655525336
            ],
            [
              -134.18750010793218,
              60.00004614324023
            ],
            [
              -134.20000006684893,
              60.00003937510643
            ],
            [
              -134.2063616395636,
              60.00003545248778
            ],
            [
              -134.21250009393637,
              60.00003138110497
            ],
            [
              -134.22500008172318,
              60.0000221360226
            ],
            [
              -134.23750005290898,
              60.00001169765952
            ],
            [
              -134.24999998285946,
              60.00000000823244
            ],
            [
              -134.26249992806777,
              60.000011683875016
            ],
            [
              -134.2749999145329,
              60.000022149929904
            ],
            [
              -134.28749990872873,
              60.000031385656065
            ],
            [
              -134.29999987709635,
              60.00003937032595
            ],
            [
              -134.31249992522612,
              60.00004612906678
            ],
            [
              -134.32499993680625,
              60.00005167380025
            ],
            [
              -134.33749995225503,
              60.00005598820163
            ],
            [
              -134.3414621579169,
              60.00005709384247
            ],
            [
              -134.34999993798075,
              60.0000590515565
            ],
            [
              -134.36249995826185,
              60.000060905295356
            ],
            [
              -134.3750000208602,
              60.00006151235259
            ],
            [
              -134.38750004211334,
              60.00006090542081
            ],
            [
              -134.4000000297491,
              60.000059047454776
            ],
            [
              -134.41250004811042,
              60.00005597986008
            ],
            [
              -134.42500006358168,
              60.00005168193261
            ],
            [
              -134.4375001165106,
              60.0000461373042
            ],
            [
              -134.4500000906077,
              60.00003935802093
            ],
            [
              -134.4625000916009,
              60.00003136909831
            ],
            [
              -134.47500008584205,
              60.00002214984605
            ],
            [
              -134.48750003965014,
              60.00001167958668
            ],
            [
              -134.50000001748214,
              59.9999999996816
            ],
            [
              -134.5124999403022,
              60.00001168815459
            ],
            [
              -134.52499994581993,
              60.000022150582666
            ],
            [
              -134.53749992631776,
              60.0000313620127
            ],
            [
              -134.54999990506204,
              60.000039380183544
            ],
            [
              -134.56249989810098,
              60.000046130959454
            ],
            [
              -134.57460419812756,
              60.00005152184399
            ],
            [
              -134.5749999287269,
              60.00005167206252
            ],
            [
              -134.57880172142137,
              60.00005309794512
            ],
            [
              -134.58749996321862,
              60.00005598282978
            ],
            [
              -134.59999992659272,
              60.000059059032765
            ],
            [
              -134.61249996591755,
              60.00006090913404
            ],
            [
              -134.62500000621148,
              60.00006152889835
            ],
            [
              -134.63750001369675,
              60.000060897685735
            ],
            [
              -134.63834684235735,
              60.00006081501191
            ],
            [
              -134.65000005302429,
              60.000059056779214
            ],
            [
              -134.65159395060587,
              60.00005875082652
            ],
            [
              -134.65870370197868,
              60.00005703348921
            ],
            [
              -134.6625000904245,
              60.00005598553598
            ],
            [
              -134.66333927610918,
              60.00005571651893
            ],
            [
              -134.66364098140937,
              60.00005563688738
            ],
            [
              -134.66554798653002,
              60.00005504506112
            ],
            [
              -134.66554866113327,
              60.000055045692136
            ],
            [
              -134.67500009209488,
              60.00005166332618
            ],
            [
              -134.68750008155095,
              60.000046147863884
            ],
            [
              -134.70000007452097,
              60.000039364996724
            ],
            [
              -134.7125000945463,
              60.000031372422015
            ],
            [
              -134.7250000749476,
              60.00002212889662
            ],
            [
              -134.7375000393306,
              60.00001169212573
            ],
            [
              -134.7500000033073,
              59.999999987950716
            ],
            [
              -134.76249994896477,
              60.00001168087135
            ],
            [
              -134.7749999033157,
              60.00002214347097
            ],
            [
              -134.78749993943666,
              60.00003137986697
            ],
            [
              -134.79999990827952,
              60.00003938181364
            ],
            [
              -134.81249992403912,
              60.000046136945485
            ],
            [
              -134.82499990350362,
              60.000051678238684
            ],
            [
              -134.83749992794097,
              60.00005597270736
            ],
            [
              -134.84999998821579,
              60.000059057426455
            ],
            [
              -134.86249997637657,
              60.000060907729406
            ],
            [
              -134.8750000065941,
              60.00006151119467
            ],
            [
              -134.8874999957213,
              60.00006090083973
            ],
            [
              -134.89615444702875,
              60.00005974783075
            ],
            [
              -134.89617749058002,
              60.00005975226113
            ],
            [
              -134.90000005794377,
              60.00005906421081
            ],
            [
              -134.9125000852517,
              60.00005597667198
            ],
            [
              -134.9154015856718,
              60.000055100230696
            ],
            [
              -134.9250000685925,
              60.000051675325786
            ],
            [
              -134.93750008912988,
              60.00004612712267
            ],
            [
              -134.95000009679643,
              60.00003938568033
            ],
            [
              -134.9625001067092,
              60.000031376812366
            ],
            [
              -134.97500006881862,
              60.00002215415605
            ],
            [
              -134.98622754904167,
              60.000012819860274
            ],
            [
              -134.98750006423663,
              60.00001168463043
            ],
            [
              -135.00000000993333,
              60.00000000132676
            ],
            [
              -135.001251570651,
              60.00000121964056
            ],
            [
              -135.00980951443296,
              60.00000926034306
            ],
            [
              -135.0124999493976,
              60.00001168643213
            ],
            [
              -135.0249999306122,
              60.00002216175694
            ],
            [
              -135.03749992749667,
              60.00003136965474
            ],
            [
              -135.04999989012785,
              60.000039363789796
            ],
            [
              -135.06249993262705,
              60.00004613155983
            ],
            [
              -135.0749999058758,
              60.000051665040544
            ],
            [
              -135.08749991608758,
              60.000055988719645
            ],
            [
              -135.0999999701801,
              60.000059065483676
            ],
            [
              -135.11249999308518,
              60.00006089139104
            ],
            [
              -135.12500000911027,
              60.000061524069494
            ],
            [
              -135.13750003296462,
              60.000060889310156
            ],
            [
              -135.15000004803716,
              60.000059061323334
            ],
            [
              -135.16250006897872,
              60.00005596589748
            ],
            [
              -135.17500007923653,
              60.00005167724626
            ],
            [
              -135.1875000934034,
              60.00004612115531
            ],
            [
              -135.2000000949843,
              60.000039371841815
            ],
            [
              -135.21250005760228,
              60.00003137170824
            ],
            [
              -135.22500008755608,
              60.00002214511583
            ],
            [
              -135.2309047147764,
              60.0000173665667
            ],
            [
              -135.2309326615239,
              60.00001732185727
            ],
            [
              -135.2364630252769,
              60.000012595078935
            ],
            [
              -135.23750003568813,
              60.00001168433173
            ],
            [
              -135.24999997512808,
              59.99999999322791
            ],
            [
              -135.2624999454983,
              60.000011699767704
            ],
            [
              -135.27499993222781,
              60.00002213886767
            ],
            [
              -135.2874999190262,
              60.00003138475369
            ],
            [
              -135.299999920224,
              60.000039363196024
            ],
            [
              -135.30734789627607,
              60.00004348953416
            ],
            [
              -135.3124999195883,
              60.00004614842389
            ],
            [
              -135.32499993139197,
              60.000051666204676
            ],
            [
              -135.33749993946034,
              60.00005599077109
            ],
            [
              -135.34999995800794,
              60.00005904788783
            ],
            [
              -135.36249997091818,
              60.000060911790655
            ],
            [
              -135.37499999234757,
              60.00006150824179
            ],
            [
              -135.38750004705832,
              60.00006089480418
            ],
            [
              -135.40000002668677,
              60.00005904726555
            ]
          ]
        ]
      }
    }
  ]
}
